tree
version=v4
num_class=1
num_tree_per_iteration=1
label_index=0
max_feature_idx=44
objective=binary sigmoid:1
feature_names=Avg_min_between_sent_tnx Avg_min_between_received_tnx Time_Diff_between_first_and_last_(Mins) Sent_tnx Received_Tnx Number_of_Created_Contracts Unique_Received_From_Addresses Unique_Sent_To_Addresses min_value_received max_value_received_ avg_val_received min_val_sent max_val_sent avg_val_sent min_value_sent_to_contract max_val_sent_to_contract avg_value_sent_to_contract total_transactions_(including_tnx_to_create_contract total_Ether_sent total_ether_received total_ether_sent_contracts total_ether_balance _Total_ERC20_tnxs _ERC20_total_Ether_received _ERC20_total_ether_sent _ERC20_total_Ether_sent_contract _ERC20_uniq_sent_addr _ERC20_uniq_rec_addr _ERC20_uniq_sent_addr.1 _ERC20_uniq_rec_contract_addr _ERC20_avg_time_between_sent_tnx _ERC20_avg_time_between_rec_tnx _ERC20_avg_time_between_rec_2_tnx _ERC20_avg_time_between_contract_tnx _ERC20_min_val_rec _ERC20_max_val_rec _ERC20_avg_val_rec _ERC20_min_val_sent _ERC20_max_val_sent _ERC20_avg_val_sent _ERC20_min_val_sent_contract _ERC20_max_val_sent_contract _ERC20_avg_val_sent_contract _ERC20_uniq_sent_token_name _ERC20_uniq_rec_token_name
feature_infos=[0:377913.41999999998] [0:482175.48999999999] [0:1932152.23] [0:9999] [0:10000] [0:9995] [0:9999] [0:6711] [0:10000] [0:800000] [0:283618.83159999998] [0:12000] [0:250000] [0:12000] none none none [0:19995] [0:7492531.4189999998] [0:14288636.26] none [-3395545.7889999999:14288636.26] [0:10001] [0:21000000001] [0:112000000000] [0:416000] [0:4078] [0:4263] [0:3] [0:782] none none none none [0:567580] [0:21000000000] [0:10500000001] [0:100000000] [0:112000000000] [0:56147560976] none none none [0:213] [0:737]
tree_sizes=3298 3351 3370 3368 3361 3380 3381 3381 3383 3396 3402 3377 3390 3402 3396 3402 3387 3408 3408 3394 3398 3404 3394 3407 3406 3407 3427 3415 3393 3403 3404 3415 3418 3414 3414 3409 3423 3419 3411 3407 3420 3425 3424 3405 3422 3443 3416 3405 3427 3423 3404 3398 3423 3419 3413 3444 3406 3414 3420 3407 3433 3422 3421 3442 3434 3425 3423 3423 3445 3441 3420 3420 3452 3415 3428 3426 3436 3456 3430 3423 3437 3435 3440 3464 3432 3421 3439 3444 3468 3455 3442 3420 3469 3452 3443 3459 3450 3458 3468 3464

Tree=0
num_leaves=31
num_cat=0
split_feature=9 34 2 6 2 19 19 24 1 19 1 6 11 24 37 4 2 2 3 6 8 0 6 1 3 17 21 18 18 1
split_gain=1524.22 985.533 403.157 338.147 444.629 149.129 147.002 129.996 122.227 88.383 61.7573 208.844 63.5413 57.0889 55.3855 52.6314 48.182 42.5478 32.6962 30.1879 29.7312 28.3999 27.4575 23.9067 23.2181 23.0186 20.8452 20.6961 18.4799 14.7605
threshold=0.0024375000000000004 1.3343860000000001 87553.270000000019 8.5000000000000018 319336.35000000003 1304.1205265000001 16.389407375000001 9.7550000000000024e-13 1838.8300000000002 17.513489155000002 1994.4050000000002 2.5000000000000004 0.4667305000000001 1.4198155875000003 1.4198160000000002 181.50000000000003 635.26500000000021 20180.535000000003 7.5000000000000009 5.5000000000000009 1.2095270000000002 4.5600000000000014 11.500000000000002 203.86500000000004 6.5000000000000009 7.5000000000000009 0.00079800400000000005 52.11310000000001 0.0094314190000000016 5978.1200000000017
decision_type=2 2 2 2 2 2 2 2 2 2 2 2 2 2 2 2 2 2 2 2 2 2 2 2 2 2 2 2 2 2
left_child=7 3 13 6 5 8 10 25 15 14 11 16 19 27 29 -5 21 20 -6 -13 23 28 -11 26 -10 -1 -18 -3 -2 -4
right_child=1 2 9 4 18 -7 -8 -9 24 22 -12 12 -14 -15 -16 -17 17 -19 -20 -21 -22 -23 -24 -25 -26 -27 -28 -29 -30 -31
leaf_value=-0.81838632743785644 -1.2277534948118327 -0.81612439648216528 -0.82153558981376529 -0.84393356953796927 -1.1454322283132941 -1.3497079491851562 -1.3807121948861343 -1.3472908338732525 -0.97988930646388905 -1.3820713387640011 -1.3470834674121777 -1.2434820920567564 -0.84352633354298379 -1.141708815766074 -1.3006547266788751 -1.2167666070304524 -1.1722407986532788 -1.3187943165118614 -1.3707713826174599 -0.91133112670807481 -1.3059498271593133 -1.0669054576924224 -1.1259164108244164 -1.2409377601494893 -1.277194489828045 -1.0512871741385832 -0.94350967261693153 -1.0475685351971928 -1.3756516535329226 -1.0611043809438536
leaf_weight=79.812768071889877 9.48099836707115 58.437426298856735 6.3781261742115039 44.646883219480515 7.0676533281803122 11.032434463500975 514.04249328374863 5.1714536547660819 3.4476357698440543 25.684886485338215 128.59681421518326 9.825761944055559 13.273397713899611 6.5505079627037039 5.8609808087348929 4.1371629238128653 6.5505079627037111 32.752539813518524 72.400351166725159 3.7923993468284598 9.9981437325477582 3.4476357698440543 4.9990718662738791 8.2743258476257306 11.032434463500975 4.4819265007972708 10.170525521039961 4.1371629238128653 77.571804821491241 4.309544712305069
leaf_count=463 55 339 37 259 41 64 2982 30 20 149 746 57 77 38 34 24 38 190 420 22 58 20 29 48 64 26 59 24 450 25
internal_value=-1.25753 -1.28987 -1.0147 -1.32249 -1.18631 -1.01044 -1.34779 -0.860626 -0.951279 -1.23988 -1.29385 -1.25687 -0.999226 -0.86083 -1.05361 -0.875552 -1.30065 -1.23688 -1.35073 -1.15098 -1.16021 -1.3484 -1.34034 -1.10191 -1.20641 -0.83077 -1.03312 -0.831426 -1.35954 -0.918136
internal_weight=1187.37 1097.9 116.358 981.542 153.765 74.2966 827.777 89.4661 63.2641 47.2326 313.735 185.138 26.8916 69.1251 16.5487 48.784 158.246 67.746 79.468 13.6182 34.9935 90.5004 30.684 24.9954 14.4801 84.2947 16.721 62.5746 87.0528 10.6877
internal_count=6888 6369 675 5694 892 431 4802 519 367 274 1820 1074 156 401 96 283 918 393 461 79 203 525 178 145 84 489 97 363 505 62
is_linear=0
shrinkage=1


Tree=1
num_leaves=31
num_cat=0
split_feature=9 34 6 2 2 19 17 24 1 19 2 6 11 10 0 6 3 24 37 2 17 11 0 18 11 2 19 8 11 1
split_gain=1022.32 745.925 281.967 317.852 232.206 140.454 96.6061 77.8651 76.1607 68.2098 57.8291 128.064 46.4049 40.484 35.1132 34.1896 29.3396 28.6129 26.7298 26.337 31.0498 25.9453 23.9658 22.5379 20.9283 19.4378 19.0215 17.1463 13.1783 12.1715
threshold=1.0000000180025095e-35 1.3343860000000001 8.5000000000000018 319336.35000000003 87553.270000000019 16.389407375000001 514.50000000000011 9.7550000000000024e-13 2472.3050000000007 6.2034957850000003 56569.365000000013 1.5000000000000002 1.0122040000000003 7.5568115000000011 92.355000000000004 9.5000000000000018 15.500000000000002 1.4198155875000003 1.4198160000000002 635.26500000000021 3.5000000000000004 4.499270000000001 1.0000000180025095e-35 3.9892899910000001 0.011815500000000001 571628.11500000011 34.964707345000008 0.94219150000000018 0.010035000000000002 672.16000000000008
decision_type=2 2 2 2 2 2 2 2 2 2 2 2 2 2 2 2 2 2 2 2 2 2 2 2 2 2 2 2 2 2
left_child=7 2 5 6 17 10 8 -1 13 18 11 19 14 -4 22 -11 25 -3 -6 24 23 -12 29 -21 -2 -5 -10 -14 -16 -13
right_child=1 4 3 16 9 -7 -8 -9 26 15 21 12 27 -15 28 -17 -18 -19 -20 20 -22 -23 -24 -25 -26 -27 -28 -29 -30 -31
leaf_value=0.31734035014555734 0.037048028735001758 0.30909411668632081 0.30749160001712039 0.16863792668794222 0.28163511482125247 -0.1194998776603913 -0.10598018248689141 -0.1041838787402655 0.15286516067201147 -0.11452382942607575 -0.092754710935240237 0.24075541683395341 0.31345889681831413 0.046044917541069277 0.046662353074835239 0.14045265895931158 -0.11452742368039531 0.097604860537784055 -0.012926624079037902 0.12530400727291516 -0.10632569509646234 0.16415488309490894 -0.08792232723545898 -0.10785107007860828 -0.10623240618416817 -0.10577659365792734 -0.089890596091634259 0.089403708325064002 0.24142890098605654 0.0053212625333113302
leaf_weight=99.12613108754158 11.866100668907164 77.744561895728111 54.700327321887016 6.698151230812071 10.41789525747299 478.71832573413849 9.5190066099166852 4.5849530696868888 5.6513200700283033 26.465178146958351 124.07492426037788 4.2699077427387255 13.694313973188402 6.6418097913265219 5.0895585417747524 6.5630117356777182 64.434875965118408 6.9707007408142081 4.3741197884082785 20.496238231658939 14.149890229105948 4.0595674514770499 15.133933231234549 5.1972372084856024 72.359545677900314 4.1997222304344177 7.5267666429281235 4.5505145639181128 10.944387376308439 4.520678922533989
leaf_count=469 66 368 263 38 51 2982 57 28 32 163 750 23 69 36 29 35 399 38 26 111 84 23 90 31 447 24 43 26 60 27
internal_value=-0.00120208 -0.0299743 -0.0610253 0.0602989 0.192244 -0.085528 0.194007 0.298705 0.232326 0.0160686 -0.0331357 0.00305363 0.125434 0.279184 0.0650984 -0.0638576 -0.0888622 0.291692 0.194531 -0.0543575 0.0126304 -0.0846153 -0.0116429 0.0781418 -0.0860464 0.0628866 0.0142133 0.257576 0.179605 0.11968
internal_weight=1184.74 1081.03 948.497 159.372 132.535 789.125 84.0392 103.711 74.5202 47.8202 310.407 182.272 58.2033 61.3421 39.9585 33.0282 75.3327 84.7153 14.792 124.069 39.8434 128.134 23.9245 25.6935 84.2256 10.8979 13.1781 18.2448 16.0339 8.79059
internal_count=6888 6391 5710 892 681 4818 431 497 374 275 1836 1063 324 299 229 198 461 406 77 739 226 773 140 142 513 62 75 95 89 50
is_linear=0
shrinkage=0.1


Tree=2
num_leaves=31
num_cat=0
split_feature=9 34 6 2 2 19 19 17 19 11 2 6 1 34 21 21 0 2 1 21 11 35 1 13 6 1 21 10 1 6
split_gain=757.647 578.343 242.252 268.365 157.548 113.142 73.5933 54.2843 52.6126 50.5706 46.3316 75.1043 45.0691 28.9644 27.2774 37.7984 25.9952 19.1704 32.9565 35.0784 39.106 18.9653 17.727 17.5955 16.6856 16.4611 15.9583 15.7349 14.2085 17.0571
threshold=0.0024375000000000004 1.3343860000000001 7.5000000000000009 216785.93500000003 95737.400000000009 16.389407375000001 100.96174555000002 25.500000000000004 17.513489155000002 4.9993990000000013 187115.36500000002 2.5000000000000004 2245.5000000000005 15.146398500000002 0.00041293500000000007 -1.0000000180025095e-35 34711.355000000003 414.49000000000007 203.86500000000004 0.00062500000000000012 0.0067860000000000012 107.85452300000001 1202.3350000000003 0.38969550000000003 12.500000000000002 3542.2650000000003 0.0037390000000000006 0.18201300000000004 15.370000000000001 16.500000000000004
decision_type=2 2 2 2 2 2 2 2 2 2 2 2 2 2 2 2 2 2 2 2 2 2 2 2 2 2 2 2 2 2
left_child=7 2 5 6 21 10 25 -1 13 16 11 14 23 -6 15 -2 -5 26 19 -19 -21 -3 -23 -13 -10 27 -16 -4 -8 -30
right_child=1 4 3 9 8 -7 28 -9 24 -11 -12 12 -14 -15 17 -17 -18 18 -20 20 -22 22 -24 -25 -26 -27 -28 -29 29 -31
leaf_value=0.24977654656343035 -0.083454681382804055 0.25256943418485661 0.056091925438851768 -0.091574281472249497 0.23679298623783321 -0.1163107304171353 -0.10119613911505893 -0.13523340768225944 -0.11818169674137731 0.28153540968907204 -0.1022942201800352 0.038778034274556838 -0.012007622066392432 -0.020878419709513374 -0.10775195879221254 0.31517607278368343 0.19153031482106309 -0.065620066787217213 -0.081562272530213628 -0.085826762170863588 0.19405362374061769 0.20235645734652069 -0.047993738823962136 0.23618821027930365 0.084975474565493883 0.062672976017382059 0.021672244633819723 0.26375932862171919 -0.1025012658993399 0.1484560259588551
leaf_weight=115.00161227583885 4.6104966551065445 80.921304538846016 3.920721322298049 89.705198124051094 11.378904029726984 433.51034532487392 7.03038361668587 3.7825512290000907 22.093314111232761 4.0057917535305014 77.316197276115417 5.8682135790586498 19.287596315145493 7.0748389661312094 64.499454915523529 4.9137881994247419 3.3650586754083625 17.687493860721588 42.917216315865517 6.8535672128200558 18.382388561964035 8.8726275116205198 4.1519213020801535 19.580121770501137 4.9482218921184531 5.1549121439456931 11.178029328584669 52.568663164973259 3.8278782963752738 9.2603573352098447
leaf_count=498 28 349 19 575 53 2907 42 21 147 20 494 33 119 39 423 27 18 106 266 40 96 42 20 89 25 29 63 230 23 47
internal_value=-0.00180072 -0.0290067 -0.0582026 0.0460582 0.160574 -0.0838643 0.179536 0.237516 0.00782906 -0.0663645 -0.0358735 -0.0120741 0.103285 0.138006 -0.0422461 0.122208 -0.0813383 -0.0519435 -0.019596 0.0423613 0.118044 0.234544 0.122551 0.190667 -0.0810068 0.233736 -0.0886352 0.249346 0.0134674 0.0750593
internal_weight=1163.67 1044.89 905.444 178.839 139.441 726.605 81.7629 118.784 45.4953 97.076 293.095 215.778 44.7359 18.4537 171.042 9.52428 93.0703 161.518 85.8407 42.9234 25.236 93.9459 13.0245 25.4483 27.0415 61.6443 75.6775 56.4894 20.1186 13.0882
internal_count=6888 6369 5694 1003 675 4691 390 519 264 613 1784 1290 241 92 1049 55 593 994 508 242 136 411 62 122 172 278 486 249 112 70
is_linear=0
shrinkage=0.1


Tree=3
num_leaves=31
num_cat=0
split_feature=19 34 9 6 6 19 1 2 2 24 1 8 11 22 1 17 11 2 0 0 6 11 21 2 8 11 2 19 2 34
split_gain=616.209 384.554 302.045 226.172 120.284 90.792 89.9226 73.5957 78.1424 66.6211 34.2078 28.7841 31.0697 25.8852 24.2764 20.7318 20.0752 20.0593 36.7898 15.515 14.564 14.4822 12.0956 11.6611 10.6491 9.97789 9.71409 9.17227 8.77422 8.37456
threshold=39.039738030000002 1.3343860000000001 1.0000000180025095e-35 7.5000000000000009 16.500000000000004 200.61953400000002 3468.4000000000001 53359.610000000008 635.26500000000021 1.4198155875000003 1994.4050000000002 1.2095270000000002 0.39754450000000002 1.0000000180025095e-35 2200.6850000000004 62.500000000000007 0.011815500000000001 510934.1750000001 133.87000000000003 6.3350000000000009 40.500000000000007 4.6140300000000005 0.00087149999999995011 242740.60000000001 0.0047985000000000007 50.163120500000012 230927.07500000004 0.51631950000000015 2255.1850000000004 13.821500000000002
decision_type=2 2 2 2 2 2 2 2 2 2 2 2 2 2 2 2 2 2 2 2 2 2 2 2 2 2 2 2 2 2
left_child=1 2 13 7 25 14 15 8 16 26 11 12 24 -1 -6 -5 -4 18 -7 -18 -20 27 -12 -8 -10 -2 -3 -9 -14 -11
right_child=4 9 3 6 5 17 23 21 10 29 22 -13 28 -15 -16 -17 19 -19 20 -21 -22 -23 -24 -25 -26 -27 -28 -29 -30 -31
leaf_value=0.22344536655793146 -0.11312334191426932 0.22453267626539652 0.035408625337753304 0.22961405864459708 0.23229301293225602 -0.089173129663594045 0.095443508455986717 -0.028437296437532178 0.17923501125138119 0.10119126155406576 0.13168229333186654 -0.045555309649379247 0.095593568555172967 0.005395619956418251 -0.020115909989175396 0.039972927223383248 -0.10524681655310092 -0.12149165019924912 0.032141041226942287 0.121331794743974 0.3037222353177767 0.081897199027414991 -0.060439082794105148 -0.083540152894216596 0.012285915684720875 0.027208069826370487 0.10642962576981635 -0.10635502607295005 0.21700647710987933 -0.047751353298737087
leaf_weight=66.965385511517525 393.04768891632557 133.63051897287369 14.090377047657965 49.484023079276085 20.192580595612529 12.957120701670648 4.8024943917989757 16.762802466750145 4.6411219835281399 5.8802069872617748 3.7697255462408092 12.272361099719999 7.8289145976304999 5.926068201661109 4.6967420578002921 6.5247292369604102 68.203272640705109 22.172603026032448 3.5426771491765958 3.1622653454542151 4.4611824601888657 4.5614863932132712 25.072060242295265 15.03910920023918 21.61454850435257 5.1329138278961173 7.3472483903169623 153.03131808340549 24.830522239208221 10.544703751802443
leaf_count=273 2799 546 76 205 89 81 26 110 23 31 21 75 39 31 30 34 478 154 20 18 22 25 162 100 118 33 35 1061 114 59
internal_value=-0.00214419 0.0595807 0.0173069 -0.0142145 -0.09032 0.0325733 0.142716 -0.0472936 -0.0034471 0.196171 0.0565453 0.0937681 0.12279 0.205718 0.184662 0.207522 -0.0736704 -0.0551864 0.0149515 -0.0952069 0.183515 -0.0939389 -0.0353281 -0.0402187 0.0417969 -0.111314 0.218378 -0.0986627 0.187902 0.00557091
internal_weight=1132.19 665.985 508.583 435.691 466.204 68.0229 75.8504 359.841 185.485 157.403 100.029 71.1875 58.9151 72.8915 24.8893 56.0088 85.4559 43.1336 20.961 71.3655 8.00386 174.356 28.8418 19.8416 26.2557 398.181 140.978 169.794 32.6594 16.4249
internal_count=6888 3660 2989 2685 3228 396 365 2320 1124 671 552 369 294 304 119 239 572 277 123 496 42 1196 183 126 141 2832 581 1171 153 90
is_linear=0
shrinkage=0.1


Tree=4
num_leaves=31
num_cat=0
split_feature=19 2 35 21 6 6 23 3 6 19 11 19 2 3 11 18 34 8 36 1 22 24 10 6 2 17 1 6 3 11
split_gain=523.99 307.368 198.919 254.52 107.504 95.3208 84.0581 72.2958 41.6031 34.9175 31.9154 23.1023 36.3114 22.1015 21.1533 20.8535 19.7943 16.4053 11.8823 11.7159 11.4539 9.89981 9.8462 9.26181 8.40674 13.362 7.82741 19.2733 11.0047 7.77296
threshold=39.039738030000002 216785.93500000003 1.3360605000000001 0.00041293500000000007 16.500000000000004 5.5000000000000009 114.44079630000002 67.500000000000014 6.5000000000000009 1304.1205265000001 5.4537370000000012 4.2385644550000015 373.03500000000008 5.5000000000000009 0.39754450000000002 0.0094314190000000016 1.0507255000000002 0.51001500000000011 5339.4277875000016 2899.7150000000006 1.0000000180025095e-35 2.1639487195000005 1018.8172375000001 13.500000000000002 520586.36000000004 694.50000000000011 949.55000000000007 1.5000000000000002 2.5000000000000004 0.0026520000000000003
decision_type=2 2 2 2 2 2 2 2 2 2 2 2 2 2 2 2 2 2 2 2 2 2 2 2 2 2 2 2 2 2
left_child=1 2 3 20 22 11 21 9 18 19 16 12 15 -7 -14 -5 23 -16 -8 -6 -1 -4 -2 -3 25 -9 27 -13 -29 -18
right_child=4 10 6 5 7 13 8 24 -10 -11 -12 26 14 -15 17 -17 29 -19 -20 -21 -22 -23 -24 -25 -26 -27 -28 28 -30 -31
leaf_value=0.19598957518771096 -0.11017602392945441 -0.10620895331129135 0.20191572749598638 0.062701517617396119 0.19649478054799707 0.19501783821449453 -0.08441887101550187 0.10140372415181896 0.16847576531860223 -0.080285832067563359 0.18804226939403959 -0.099175251115973209 -0.013826601391993102 -0.0084090249326420514 0.1773670371996979 -0.10390886510933675 -0.041013741765700364 0.029404882801176448 0.086083760789535335 -0.004566038254892049 0.042682308174678329 0.063116481093857077 0.041434763439375397 0.021972777023898063 -0.11915763564577897 -0.12132262629198834 -0.11557123871201441 0.14758311253640485 -0.073596182745674657 0.11887972182260996
leaf_weight=80.608223021030426 365.17944747209549 114.87885621190071 159.61128138005733 8.9963570833206159 25.778343766927723 23.738894119858745 18.800039038062099 5.381052494049074 14.217134550213812 6.6404428184032431 4.3358114659786215 23.154536932706833 42.93273189663887 6.891167312860488 13.503164187073709 45.541083052754402 6.5099069625139219 16.837141707539558 5.222784996032714 3.2652328312396994 5.1869472414255133 5.3096390217542639 4.3344378322362891 5.9278133511543265 20.53324855864048 5.3932021260261536 39.25370754301548 6.2717743068933469 3.5076019167900085 5.7046238481998444
leaf_count=334 2799 845 649 47 110 101 113 30 64 43 20 166 267 35 63 341 38 96 28 21 27 27 33 38 154 38 282 32 21 26
internal_value=-0.00234281 0.0540852 0.0892544 0.0396756 -0.087267 -0.0150262 0.166474 0.029286 0.0328913 0.126591 -0.0789507 -0.0401856 -0.0146431 0.149251 0.0313416 -0.0764252 -0.0876533 0.0952565 -0.04735 0.17389 0.186721 0.197447 -0.108398 -0.0999193 -0.0816211 -0.010085 -0.0854093 -0.0494595 0.068252 0.0336622
internal_weight=1093.45 656.941 519.584 316.423 436.505 230.628 203.161 66.9915 38.24 35.684 137.357 199.998 127.81 30.6301 73.273 54.5374 133.021 30.3403 24.0228 29.0436 85.7952 164.921 369.514 120.807 31.3075 10.7743 72.1876 32.9339 9.77938 12.2145
internal_count=6888 3660 2693 1812 3228 1451 881 396 205 174 967 1315 814 136 426 388 947 159 141 131 361 676 2832 883 222 68 501 219 53 64
is_linear=0
shrinkage=0.1


Tree=5
num_leaves=31
num_cat=0
split_feature=19 2 35 21 6 6 22 2 19 6 11 24 19 2 18 34 3 11 21 21 1 21 6 11 3 8 6 1 6 10
split_gain=448.228 254.577 158.907 204.694 96.2047 77.6513 69.6317 60.3335 43.9933 27.3971 26.3728 24.7344 20.6666 30.9419 18.4017 17.7466 17.474 16.5606 15.1261 16.8512 12.9746 10.6954 19.3193 10.0139 9.53721 9.00375 8.55365 7.40506 16.8118 7.37783
threshold=39.039738030000002 216785.93500000003 1.3360605000000001 0.00041293500000000007 16.500000000000004 5.5000000000000009 4.5000000000000009 571628.11500000011 1304.1205265000001 7.5000000000000009 5.4537370000000012 1.4198155875000003 4.2385644550000015 373.03500000000008 0.0094314190000000016 1.0507255000000002 5.5000000000000009 0.39754450000000002 0.00079800400000000005 0.00091615300000000017 1921.6000000000001 -1.0000000180025095e-35 2.5000000000000004 50.163120500000012 3.5000000000000004 0.55899000000000021 13.500000000000002 949.55000000000007 2.5000000000000004 1018.8172375000001
decision_type=2 2 2 2 2 2 2 2 2 2 2 2 2 2 2 2 2 2 2 2 2 2 2 2 2 2 2 2 2 2
left_child=1 2 3 21 23 12 11 8 20 -8 15 -4 13 14 -5 26 -7 -15 -19 -20 -6 22 -1 29 -13 -21 -3 28 -14 -2
right_child=4 10 6 5 7 16 9 -9 -10 -11 -12 24 27 17 -16 -17 -18 18 19 25 -22 -23 -24 -25 -26 -27 -28 -29 -30 -31
leaf_value=-0.077668222907012696 -0.10938926250305619 -0.10317386129914581 0.18178979704832618 0.054764341899160067 0.17613963417436673 0.17324959171677018 -0.074243337072798288 -0.11274686298442499 -0.07823468167718621 0.1420648401789541 0.16093447513754791 0.11723513554536052 -0.081980296453754278 -0.012548657109027998 -0.10087663039770806 0.030133235015616877 -0.0075916002612022408 -0.020843573811379884 0.25098842276667788 0.14743653438013518 -0.0034179337844089212 0.17976472461052012 0.2034715165534452 0.036272447772605333 -0.078718386234092233 -0.013000459907698846 0.01952036631637076 -0.11292713771047587 0.10418807562924555 0.023678113994470538
leaf_weight=4.6926014572381956 333.45907363295555 106.84800098836422 166.57952430844307 9.2553223222494108 28.462101802229881 24.029300987720493 17.484206184744838 21.056313909590244 11.233240216970442 8.8037995994091016 4.5466618537902823 4.9731933921575529 25.611312486231331 42.593175068497658 42.38256723433733 12.238069996237753 6.8709737509489051 9.6146078705787676 7.5012133270502117 6.8279123306274396 4.6869567781686774 76.424073725938797 5.1015237420797348 4.8993755877017966 4.9619887322187424 7.1723962426185608 6.0011628717184058 36.307109862565994 5.9840251728892317 4.2193568199872962
leaf_count=26 2767 845 684 47 120 101 107 169 79 39 20 25 189 267 341 64 35 56 32 31 28 312 23 33 26 40 38 282 30 32
internal_value=-0.0024688 0.0495649 0.0811948 0.0362128 -0.0844446 -0.0141539 0.150035 0.0266574 0.092795 -0.00180217 -0.075646 0.172648 -0.0376896 -0.0136204 -0.0729803 -0.0842452 0.133038 0.0279648 0.0834215 0.130045 0.150752 0.167156 0.0687707 -0.105667 0.0193689 0.0652442 -0.0966492 -0.082121 -0.0467208 -0.107727
internal_weight=1050.82 642.805 513.171 310.368 408.016 224.15 202.803 65.4386 44.3823 26.288 129.634 176.515 193.25 125.347 51.6379 125.087 30.9003 73.7093 31.1161 21.5015 33.1491 86.2182 9.79413 342.578 9.93518 14.0003 112.849 67.9024 31.5953 337.678
internal_count=6888 3660 2693 1812 3228 1451 881 396 227 146 967 735 1315 814 388 947 136 426 159 103 148 361 49 2832 51 71 883 501 219 2799
is_linear=0
shrinkage=0.1


Tree=6
num_leaves=31
num_cat=0
split_feature=19 2 35 21 6 6 23 2 19 6 6 19 2 2 11 1 10 0 21 0 2 21 1 1 11 22 1 11 37 22
split_gain=385.562 212.945 129.827 168.256 86.1695 63.9335 59.4388 51.3329 38.2722 28.4501 23.2526 18.3811 26.5327 18.0671 15.8897 15.3013 14.0554 13.9966 24.2892 17.1205 15.7722 14.9927 11.8575 9.9629 9.52251 9.43324 8.93744 8.33515 8.18994 7.81841
threshold=39.039738030000002 216785.93500000003 1.3360605000000001 0.00041293500000000007 16.500000000000004 5.5000000000000009 114.44079630000002 638962.30500000005 1304.1205265000001 3.5000000000000004 7.5000000000000009 4.2385644550000015 414.49000000000007 520586.36000000004 0.011815500000000001 3395.1250000000005 3465.1866975000007 1.0000000180025095e-35 0.00079800400000000005 133.87000000000003 8642.6150000000016 0.0020791200000000007 8170.3250000000007 1366.7150000000004 50.163120500000012 1.0000000180025095e-35 1921.6000000000001 0.0010800000000000002 0.0075335000000000011 3.5000000000000004
decision_type=2 2 2 2 2 2 2 2 2 2 2 2 2 2 2 2 2 2 2 2 2 2 2 2 2 2 2 2 2 2
left_child=1 2 3 25 16 11 -4 8 26 -8 23 12 14 22 -5 -7 24 18 -14 -19 -21 -20 -12 27 -2 -1 -6 -3 -11 -29
right_child=4 10 6 5 7 15 9 -9 -10 28 13 -13 17 -15 -16 -17 -18 19 21 20 -22 -23 -24 -25 -26 -27 -28 29 -30 -31
leaf_value=0.16125924239893275 -0.10712691504024002 -0.088886932966778701 0.16368073514534451 0.042128001712294388 0.15717125894197265 0.15346828215517627 -0.060988332242497827 -0.11566497262772793 -0.076625469130950669 0.15429566694249197 0.15469272473481943 -0.078855497207356781 -0.030712836034368463 -0.096866970652572049 -0.096416969275238365 -0.028910584007249718 0.14433972508908197 -0.08822885813726114 0.20855305946584776 0.20993958042550034 -0.0011917694749930985 0.033270330426704214 -0.032777578804040398 -0.10755279931465798 0.031919101976121522 0.024823460947411939 0.011404522187904248 0.14094522964687425 0.0081038089625478441 -0.063412847784341003
leaf_weight=79.640421107411385 309.99305578321218 8.7639653310179728 161.70970718562603 10.413285508751867 28.690893024206161 25.170042932033542 19.193215198814869 18.506167344748974 11.342875719070433 13.33692539483309 9.1958043947815913 63.925967194139957 13.679988220334051 8.6159878149628621 40.374016709625721 5.6290205866098395 2.278649926185607 17.44234636425972 12.689359277486803 4.5947568267583874 15.387552216649054 7.928888961672782 5.3290332183241835 82.874196946620941 5.0048384070396414 5.4119954854249945 4.9288613945245734 4.3966623768210402 5.3770627528429022 3.2604358717799187
leaf_count=334 2782 65 676 53 120 105 118 161 85 59 47 501 80 66 348 31 17 119 54 22 95 43 37 702 33 27 30 26 28 24
internal_value=-0.00253807 0.0458292 0.074674 0.0333444 -0.08185 -0.013338 0.137261 0.0245148 0.0822114 0.0245558 -0.0724147 -0.0353877 -0.0127062 0.0178579 -0.0680101 0.120136 -0.103128 0.0264548 0.0725999 -0.0158354 0.047356 0.141147 0.0859115 -0.0934528 -0.104918 0.152578 0.135801 -0.0222925 0.112291 0.0539284
internal_weight=1005.09 624.341 501.905 302.288 380.745 217.235 199.617 63.4688 44.9626 37.9072 122.436 186.436 122.51 23.1408 50.7873 30.7991 317.277 71.7229 34.2982 37.4247 19.9823 20.6182 14.5248 99.2953 314.998 85.0524 33.6198 16.4211 18.714 7.6571
internal_count=6888 3660 2693 1812 3228 1451 881 396 235 205 967 1315 814 150 401 136 2832 413 177 236 117 97 84 817 2815 361 150 115 87 50
is_linear=0
shrinkage=0.1


Tree=7
num_leaves=31
num_cat=0
split_feature=19 2 8 6 21 35 11 2 19 34 22 6 37 0 13 2 0 21 19 10 2 1 6 2 1 11 11 24 19 1
split_gain=332.748 179.301 109.627 77.4919 65.3618 93.3015 59.5691 51.4104 32.0971 28.6765 24.9294 20.8214 18.3737 17.6539 15.9505 14.0912 13.7581 19.882 20.4749 13.1333 13.0456 13.0111 12.3055 10.4491 9.40787 9.10529 8.84738 8.7879 8.51477 8.13957
threshold=39.039738030000002 216785.93500000003 0.64450400000000008 13.500000000000002 0.00042001000000000007 1.3360605000000001 1.0122040000000003 571628.11500000011 1304.1205265000001 1.3343860000000001 5.5000000000000009 7.5000000000000009 0.73287750000000007 92.355000000000004 3.8110345000000003 19352.795000000002 1.0000000180025095e-35 0.00062500000000000012 9.0404613815000019 3465.1866975000007 750.07500000000016 1921.6000000000001 7.5000000000000009 33.125000000000007 1366.7150000000004 50.163120500000012 0.019973500000000002 0.40840828600000012 0.99533260000000012 1288.6400000000001
decision_type=2 2 2 2 2 2 2 2 2 2 2 2 2 2 2 2 2 2 2 2 2 2 2 2 2 2 2 2 2 2
left_child=1 2 4 19 12 6 13 8 21 23 27 24 -1 16 -13 -15 17 -6 20 25 26 -5 -17 -4 -3 -2 -19 -7 -22 -25
right_child=3 11 9 7 5 10 -8 -9 -10 -11 -12 14 -14 15 -16 22 -18 18 -20 -21 28 -23 -24 29 -26 -27 -28 -29 -30 -31
leaf_value=0.15009025640776641 -0.10668736930823795 -0.02082747074556706 -0.11610079886043385 0.14881657930584222 -0.094395087330800473 0.15508644447309683 0.15704310686283249 -0.10963469152954214 -0.074088030032725835 0.11848196408955609 -0.0005785800195623669 -0.028184260647898016 -0.061832449055811978 0.12267454489663004 0.17376173997984332 -0.048472424820298669 -0.096846678107971679 0.072741963134628163 -0.08975608566562493 0.1328247820668067 0.21423451806373414 -0.012390942641281225 0.17114556853483501 -0.0091799467957847502 -0.10508733868356637 0.028173677940071619 -0.098384220482304732 0.034987214444861442 0.034443020790017896 -0.093653560017349743
leaf_weight=144.26845047622919 278.77099665999413 16.02031946182251 19.415006272494793 29.611428827047348 19.845395475625992 90.170339182019234 22.150382153689861 22.109882719814777 10.965312547981737 11.216709390282629 12.988705992698668 17.882706642150882 4.2105065435171118 12.916929766535761 5.0060205385088912 15.777072921395304 32.134769678115845 8.2735990583896655 10.03066875040531 2.3557889461517325 7.9949589818716031 6.0253401398658744 3.0434689968824378 43.219043396413326 76.657168321311474 5.097896307706832 4.7590437531471244 6.5341231375932685 3.9284197017550468 15.496670119464396
leaf_count=625 2722 115 172 125 161 387 100 208 85 49 71 126 24 63 24 111 239 40 86 16 36 39 13 298 702 33 42 33 21 122
internal_value=-0.00257848 0.0425816 0.0690869 -0.0794204 0.0915063 0.0603498 0.00649766 0.0159449 0.0755248 -0.0310382 0.1295 -0.0694279 0.144081 -0.0215943 0.0159836 0.0422435 -0.0448911 -0.0144422 0.0309092 -0.102314 0.0794087 0.12156 -0.012958 -0.0525039 -0.0905221 -0.104265 0.0102529 0.146972 0.154998 -0.0314748
internal_weight=958.877 603.94 488.374 354.937 399.027 250.548 140.855 68.712 46.6021 89.3474 109.693 115.566 148.479 118.704 22.8887 31.7375 86.9669 54.8321 34.9867 286.225 24.956 35.6368 18.8205 78.1307 92.6775 283.869 13.0326 96.7045 11.9234 58.7157
internal_count=6888 3660 2693 3228 2052 1403 912 457 249 641 491 967 649 812 150 187 625 386 225 2771 139 164 124 592 817 2755 82 420 57 420
is_linear=0
shrinkage=0.1


Tree=8
num_leaves=31
num_cat=0
split_feature=10 2 35 8 6 13 22 2 17 10 1 6 17 6 21 24 6 0 0 2 21 21 10 2 10 21 13 34 8 2
split_gain=288.902 242.761 65.2975 88.1133 43.5963 38.8064 35.7091 29.6931 25.3307 21.1521 43.8598 28.8433 34.5961 18.1036 15.766 14.1665 14.0836 13.6492 15.4674 25.0512 15.461 12.2957 11.3835 10.334 9.94191 8.1276 7.41182 7.29372 7.16468 6.79304
threshold=2.7098810000000007 187115.36500000002 0.98830850000000015 0.00067900000000000002 10.500000000000002 3.3436470000000007 4.5000000000000009 638962.30500000005 16.500000000000004 25.686847000000004 1157.2050000000002 3.5000000000000004 329.50000000000006 7.5000000000000009 0.0019320495000000003 1.0750000000000001e-06 2.5000000000000004 92.355000000000004 1.0000000180025095e-35 1492.3900000000001 0.12852820150000002 0.89795351450000005 3465.1866975000007 11753.945000000002 0.96710700000000005 0.00079800400000000005 59.671879000000011 1.3343860000000001 0.19903050000000003 1277.4750000000001
decision_type=2 2 2 2 2 2 2 2 2 2 2 2 2 2 2 2 2 2 2 2 2 2 2 2 2 2 2 2 2 2
left_child=1 2 3 21 8 17 15 -6 14 10 11 27 29 -8 16 -4 -3 18 19 20 -5 -1 -11 28 25 -21 -12 -2 -19 -13
right_child=9 4 6 5 7 -7 13 -9 -10 22 26 12 -14 -15 -16 -17 -18 23 -20 24 -22 -23 -24 -25 -26 -27 -28 -29 -30 -31
leaf_value=0.14440664481127255 -0.059203097225368609 -0.032808841033856548 0.14956428415455572 -0.067775175725223666 0.12451065916488896 0.14249825904156568 -0.070310434573847475 -0.10409377872954662 -0.10329465187228121 -0.10977176082136111 -0.10272540260091208 0.0081048143784909852 -0.10075667502856944 0.10383840545225793 -0.077730170414187588 0.022115295772187051 0.13028539593589444 0.052900565650644209 -0.089901142325815073 0.035136508663854975 0.19251424458301392 -0.0094611981398827257 0.097261082030705284 0.0012218973611164453 -0.031934996521305353 0.15674062398339658 0.082353352068229996 0.082444073135497731 0.21528171418877645 0.18716247872021352
leaf_weight=71.165660195052624 35.198617681860924 10.633510157465937 149.35073254257441 43.142679899930954 19.400366589426998 17.63790537416935 12.756323270499708 8.0350126326084119 113.86449856311083 154.26203145086765 90.67530220001936 2.4420173168182435 6.7761451303958884 11.219394192099569 18.626425743103027 9.2623313590884191 10.545383453369139 6.6472380310296995 32.361204326152802 10.575455754995351 2.4094925820827475 5.6023103296756736 2.7023463994264594 21.7744435146451 7.981955684721469 11.443750098347662 2.2166703119873992 4.0539215877652159 4.5959272086620331 16.005092196166515
leaf_count=316 290 75 670 367 99 79 79 72 1146 1624 898 16 62 51 165 46 59 32 251 56 12 36 17 138 42 50 16 20 21 83
internal_value=-0.00259363 0.0381465 0.0800529 0.045236 -0.0585584 0.00266109 0.124928 0.0575592 -0.0792894 -0.0802334 -0.0543259 0.0090415 0.0924783 0.0111822 -0.0106217 0.142122 0.048399 -0.0148398 -0.0320538 -0.00727644 -0.0540071 0.133178 -0.106207 0.0414224 0.0636769 0.0983362 -0.0983089 -0.0445741 0.119278 0.163459
internal_weight=913.364 599.032 417.927 235.338 181.105 158.57 182.589 27.4354 153.67 314.332 157.368 64.4758 25.2233 23.9757 39.8053 158.613 21.1789 140.932 107.915 75.5533 45.5522 76.768 156.964 33.0176 30.0012 22.0192 92.892 39.2525 11.2432 18.4471
internal_count=6888 3862 2246 1400 1616 1048 846 171 1445 3026 1385 471 161 130 299 716 134 969 778 527 379 352 1641 191 148 106 914 310 53 99
is_linear=0
shrinkage=0.1


Tree=9
num_leaves=31
num_cat=0
split_feature=19 34 9 6 6 2 1 2 6 19 34 6 10 22 43 9 1 1 2 21 21 21 18 19 19 2 2 13 11 19
split_gain=252.335 129.969 100.419 85.3675 65.2381 43.8494 42.002 41.1926 32.1489 27.3324 26.177 18.2251 13.9841 13.8737 12.015 11.2952 11.2822 9.91713 9.15562 8.99091 13.3707 12.2463 10.6892 9.26174 8.78459 7.90501 7.84786 7.80813 7.64144 7.3095
threshold=39.039738030000002 1.0507255000000002 1.0000000180025095e-35 6.5000000000000009 9.5000000000000018 571628.11500000011 3542.2650000000003 56569.365000000013 1.5000000000000002 333.48562670000007 13.821500000000002 7.5000000000000009 0.15474150000000003 1.0000000180025095e-35 24.500000000000004 9445.5922600000031 1994.4050000000002 1954.0200000000002 19352.795000000002 0.00041293500000000007 0.00079800400000000005 0.0010018485000000002 2.7996836150000006 0.5990381050000001 0.51631950000000015 1955.3750000000002 294055.58500000002 0.99864800000000009 7.0101085000000003 1.7201521000000002
decision_type=2 2 2 2 2 2 2 2 2 2 2 2 2 2 2 2 2 2 2 2 2 2 2 2 2 2 2 2 2 2
left_child=1 2 13 7 15 9 12 8 19 17 -3 18 -5 -1 -11 -2 25 -6 -12 -4 -21 22 27 -23 -9 -10 -8 -22 -26 -18
right_child=4 10 3 6 5 -7 26 24 16 14 11 -13 -14 -15 -16 -17 29 -19 -20 20 21 23 -24 -25 28 -27 -28 -29 -30 -31
leaf_value=0.13893197403242452 -0.10408398191501078 0.13904565790669873 0.087174015581586245 -0.018362804288063143 0.14381678143123375 -0.10381979137622742 0.044554837878758365 -0.0079874465091116752 0.018918689220419116 -0.06226774842120536 0.051544602892933326 0.20765605422395544 0.14390570027787933 -0.023418665189253708 0.16407865819046019 0.14179532614055324 0.072073115639248966 0.0073102728485384301 -0.092816163075520125 -0.088077884438618539 0.049312534662772828 0.017261448756808958 -0.087773504401041161 -0.082965344579907729 -0.096228647000843687 0.11448063733956476 -0.082197667098010213 0.22356480193698475 0.083863731474547551 -0.055314953657422096
leaf_weight=58.640895560383797 228.2467663064599 118.853536054492 5.3639407753944388 5.9382018297910681 24.872808516025547 25.48552468419075 7.5249490365386036 14.116261810064314 12.639042370021341 18.110121041536335 8.3232365697622352 4.1772882938385001 50.273432001471519 5.7826837301254264 2.6940441578626624 1.8837317526340474 7.1175467595458057 6.7708085253834716 9.3045406490564329 41.880838379263878 6.9101105853915197 15.582887127995489 3.4409806355833998 22.579265579581261 101.64583210647106 27.470331631600857 13.921851955354212 4.0956866815686226 2.4119564592838278 12.268323957920073
leaf_count=273 2621 560 26 28 111 281 42 108 70 137 40 19 232 31 13 13 46 52 56 388 35 94 30 182 1013 134 125 22 12 94
internal_value=-0.00259358 0.0373799 0.00949383 -0.0113407 -0.0752917 0.00378632 0.0813372 -0.0372745 -0.00409677 0.0560745 0.120568 0.0198507 0.126764 0.124359 -0.0329569 -0.102071 0.0540934 0.114608 -0.0246539 -0.0387678 -0.0459172 -0.0123541 0.0660618 -0.0420394 -0.0820122 0.0843677 -0.0377245 0.114159 -0.0920543 -0.00854426
internal_weight=868.327 560.264 419.605 355.181 308.064 77.9333 77.6584 277.523 159.349 52.4478 140.659 21.8051 56.2116 64.4236 20.8042 230.13 59.4952 31.6436 17.6278 99.8537 94.4898 52.6089 14.4468 38.1622 118.174 40.1094 21.4468 11.0058 104.058 19.3859
internal_count=6888 3660 2985 2681 3228 594 427 2254 1121 313 675 115 260 304 150 2634 344 163 96 777 751 363 87 276 1133 204 167 57 1025 140
is_linear=0
shrinkage=0.1


Tree=10
num_leaves=31
num_cat=0
split_feature=19 34 9 6 6 2 1 2 19 2 37 11 22 1 10 18 10 43 21 6 17 21 21 19 23 9 6 7 11 1
split_gain=219.822 107.138 83.7428 83.3643 63.2202 47.2736 35.0139 28.0836 25.633 24.2692 24.142 12.6349 12.3053 11.9224 11.8927 11.0023 10.0614 9.86698 9.79366 12.4112 8.71776 22.9685 19.8617 7.96132 6.59677 7.35 5.95046 5.50342 12.2916 8.13989
threshold=29.961516160000006 1.0507255000000002 1.0000000180025095e-35 9.5000000000000018 5.5000000000000009 571628.11500000011 1838.8300000000002 56569.365000000013 333.48562670000007 64.925000000000026 1.4198160000000002 0.91011850000000016 1.0000000180025095e-35 2472.3050000000007 0.087379500000000013 0.0094314190000000016 3465.1866975000007 24.500000000000004 0.0020791200000000007 2.5000000000000004 3.5000000000000004 0.00079800400000000005 0.00061288750000000017 0.51631950000000015 1.9050000000000005e-12 0.078153500000000015 3.5000000000000004 1.5000000000000002 0.019973500000000002 1397.6950000000004
decision_type=2 2 2 2 2 2 2 2 2 2 2 2 2 2 2 2 2 2 2 2 2 2 2 2 2 2 2 2 2 2
left_child=1 2 12 16 7 8 14 9 13 15 -3 -8 -1 -5 -6 -4 -2 -10 19 20 21 22 -11 24 25 -9 -12 -20 -29 -30
right_child=3 10 4 5 6 -7 11 23 17 18 26 -13 -14 -15 -16 -17 -18 -19 27 -21 -22 -23 -24 -25 -26 -27 -28 28 29 -31
leaf_value=0.13247624267511623 -0.10214337749834333 0.13161838055187808 0.0093116060510802564 0.13218761861894207 -0.025154955061223269 -0.10246404334645172 -0.04668335771344008 -0.06137347626639067 -0.058090160047829666 0.064942094439713813 -0.044616201079244161 0.13812536839057588 -0.021203419952869982 -0.0046214429889807037 0.14261949624926221 -0.10566300857229192 0.090763796440487446 0.14725897209761332 -0.053254119268328973 0.12276825358166213 -0.038084811669483624 0.15221590873589833 -0.11544698644635383 -0.088809827352452658 -0.086619985080019335 0.13256348495930145 0.087045601970278969 -0.091787385969967411 0.2033430030564114 0.0034293423182301325
leaf_weight=55.510373845696449 225.98853923380375 115.67113498598337 11.654135450720785 33.972770988941193 4.7096925824880591 24.399378590285778 23.213550284504894 3.3444671407341939 17.503832586109642 14.576253071427345 10.404670424759386 4.4006496593356124 5.7499519661068907 7.8398708775639525 41.054563760757446 29.118352770805359 2.7364488840103141 2.7009713351726523 23.462879933416843 14.29050751775503 18.39883017539978 13.239642806351183 10.50095334649086 80.755571499466896 5.9966165497899047 4.701001912355423 5.1227325201034537 5.2829382494091979 4.1007926911115629 4.0464887246489525
leaf_count=273 2795 569 59 158 21 290 197 25 137 84 59 22 31 59 194 320 16 13 169 73 128 60 98 843 49 34 26 33 20 33
internal_value=-0.0025781 0.0380398 0.0110227 -0.0682214 -0.00967059 0.0154534 0.0716949 -0.0341931 0.0618453 -0.00707312 0.115902 -0.0172319 0.118052 0.106536 0.125353 -0.0727994 -0.0998355 -0.0306392 0.0177632 0.0394796 0.0184936 0.0456612 -0.0105949 -0.0767255 -0.00722878 0.0519447 -0.00117892 -0.0240332 0.0270165 0.104052
internal_weight=824.449 509.307 378.108 315.142 316.848 86.4168 73.3785 243.469 62.0174 148.672 131.199 27.6142 61.2603 41.8126 45.7643 40.7725 228.725 20.2048 107.899 71.0062 56.7157 38.3168 25.0772 94.7977 14.0421 8.04547 15.5274 36.8931 13.4302 8.14728
internal_count=6888 3420 2766 3468 2462 657 434 2028 367 1077 654 219 304 217 215 379 2811 150 698 443 370 242 182 951 108 59 85 255 86 53
is_linear=0
shrinkage=0.1


Tree=11
num_leaves=31
num_cat=0
split_feature=19 2 34 21 6 6 2 19 1 34 21 13 21 21 1 17 2 11 6 22 0 6 6 34 13 19 1 24 11 18
split_gain=190.967 100.308 61.4712 67.8916 60.6307 54.1053 32.9456 18.6986 14.8594 14.5923 13.0672 12.5942 12.5437 11.0619 22.097 15.0119 11.9691 19.7556 9.44477 9.187 8.75297 14.7035 8.10081 12.1325 7.71187 7.62741 7.40891 7.19051 6.89791 7.72345
threshold=39.039738030000002 216785.93500000003 1.3343860000000001 0.00042001000000000007 5.5000000000000009 9.5000000000000018 571628.11500000011 333.48562670000007 1532.8050000000001 13.821500000000002 4304.1890095000008 0.014053000000000001 -1.8858101844999997 0.00062500000000000012 987.68000000000006 2.5000000000000004 131.42500000000004 0.005562000000000001 3.5000000000000004 2.5000000000000004 184.40000000000001 52.000000000000007 7.5000000000000009 2.0879470000000007 2.8580235000000003 1.7201521000000002 1954.0200000000002 472.63432795000006 5.7811415000000013 3.8559836745000005
decision_type=2 2 2 2 2 2 2 2 2 2 2 2 2 2 2 2 2 2 2 2 2 2 2 2 2 2 2 2 2 2
left_child=1 2 3 12 13 10 7 26 11 -4 -2 -3 -1 15 16 -5 -15 -18 19 -13 -9 -22 -10 -24 -6 -16 -7 -28 29 -19
right_child=5 8 9 4 24 6 -8 20 22 -11 -12 18 -14 14 25 -17 17 28 -20 -21 21 -23 23 -25 -26 -27 27 -29 -30 -31
leaf_value=-0.042615973563887299 -0.10089393431225913 -0.10952063582848975 0.12939383134364793 -0.099155114050680324 0.060057273371853841 0.12330834380351492 -0.10024098886045939 -0.085459778544468248 -0.098526698796554679 0.023400788835532784 0.18696381795983 0.091856440691696753 0.11652733115715817 -0.038506203626572998 -0.00086915055144900447 0.070623820759582054 -0.069114560051851931 0.090234086541740588 0.15748085956910082 -0.11414000475605351 -0.065721449387291089 0.20359272564347344 -0.054761437854310237 0.19258222852063966 0.13876893171971674 -0.086109401413693831 0.090766501884577411 -0.11771159014902609 0.20280364640152482 -0.016165773625889321
leaf_weight=5.2835901305079451 193.40797053277493 5.8932356461882618 101.22598767280579 34.022517316043377 25.760171256959438 23.576207339763645 21.562769792973995 11.356320910155775 58.094476446509361 14.900746881961821 1.5899445563554753 4.6509378403425199 79.099479965865612 23.55374600738287 14.425835601985453 6.1492469534277907 11.518616452813147 29.320495240390301 6.2003793641924849 4.0504321679472923 4.727917328476904 3.5489155501127243 12.770316451787947 2.3476881980895987 24.085994526743889 38.550093293190002 4.0238322168588629 2.809527225792408 4.0448887646198264 8.8910401314496976
leaf_count=34 2622 46 530 362 127 111 281 96 696 77 12 32 409 193 105 36 75 154 33 41 37 17 109 10 122 388 27 25 21 60
internal_value=-0.00255154 0.033022 0.0538842 0.0302899 0.00107757 -0.0712479 0.00309312 0.0476185 -0.0603691 0.115793 -0.0985468 0.01423 0.106563 -0.0272886 -0.0131449 -0.0731664 0.0209395 0.046977 0.06317 -0.00403359 -0.028457 0.0497543 -0.0815579 -0.0163512 0.0980913 -0.0628977 0.0967346 0.00505099 0.0786223 0.065477
internal_weight=781.443 514.84 420.832 304.706 220.323 266.603 71.6055 50.0427 94.0075 116.127 194.998 20.795 84.3831 170.476 130.305 40.1718 77.3288 53.775 14.9017 8.70137 19.6332 8.27683 73.2125 15.118 49.8462 52.9759 30.4096 6.83336 42.2564 38.2115
internal_count=6888 3660 2693 2086 1643 3228 594 313 967 607 2634 152 443 1394 996 398 503 310 106 73 150 54 815 119 249 493 163 52 235 214
is_linear=0
shrinkage=0.1


Tree=12
num_leaves=31
num_cat=0
split_feature=10 2 8 23 6 22 17 4 10 1 1 11 13 2 17 6 11 8 6 10 21 21 1 21 24 13 17 3 0 11
split_gain=167.005 131.986 40.0837 48.085 28.6394 24.3544 24.1316 21.274 18.0964 31.5568 19.9032 18.4175 17.6872 17.2643 13.7546 13.384 9.45511 9.5622 9.01483 8.6401 7.65395 11.2498 18.8553 7.56863 7.23237 7.01116 6.87357 6.7279 6.06623 13.0259
threshold=2.7098810000000007 187115.36500000002 0.0047985000000000007 0.99996715500000011 10.500000000000002 4.5000000000000009 298.50000000000006 12.500000000000002 25.686847000000004 1157.2050000000002 6.7450000000000001 11.080565500000001 3.3436470000000007 638962.30500000005 329.50000000000006 9.5000000000000018 1.4444110000000003 0.00044750000000000004 7.5000000000000009 3465.1866975000007 0.00042001000000000007 0.00062500000000000012 414.60000000000008 0.00087149999999995011 1.0750000000000001e-06 59.671879000000011 2.5000000000000004 2.5000000000000004 66.495000000000019 0.0067860000000000012
decision_type=2 2 2 2 2 2 2 2 2 2 2 2 2 2 2 2 2 2 2 2 2 2 2 2 2 2 2 2 2 2
left_child=1 2 6 12 7 24 -1 16 9 10 -2 14 20 -6 15 27 17 -3 -7 -10 -4 26 23 -23 -5 -11 -22 -12 -25 -30
right_child=8 4 3 5 13 18 -8 -9 19 25 11 -13 -14 -15 -16 -17 -18 -19 -20 -21 21 22 -24 28 -26 -27 -28 -29 29 -31
leaf_value=0.11165997435829028 -0.055774215960741148 0.069470738885494224 0.067171825251941777 0.12790422747492497 0.095015355585117853 -0.086662761534547592 -0.085770583188153587 -0.10461184694539952 -0.10476567254030092 -0.095402058830913405 0.096742170982615394 0.24307598310314515 0.11409644951233955 -0.097807611736369399 -0.11049163211194293 0.1587728163406226 0.11960137567085756 -0.055243778381603548 0.1104512060086964 0.066896539355948817 -0.099830879772346448 0.12204203820451034 -0.060186466950022388 -0.0094887163584247026 0.014445688814582781 0.094184525137370453 0.064184675108864858 -0.060602755147111158 -0.067564582450931679 0.1478918485931717
leaf_weight=140.16205874830484 24.972195714712143 7.5001752302050582 10.437170840799807 63.335688203573227 18.661030575633053 8.9902665987610799 6.4770287200808516 72.952181130647659 110.4484721571207 67.950900614261627 4.2951404973864644 4.8522802442312232 11.744037315249441 6.1814526170492163 5.4448356926441184 9.1274943947792035 4.5153067186474791 34.097105674445629 3.1272622793912879 3.0119933187961569 22.287616178393368 8.497837655246256 35.086285293102264 26.252068839967251 6.1652179956436148 2.0082793384790412 2.8859858065843573 7.3986188545823097 4.2389310598373404 8.3008459955453855
leaf_count=781 236 58 52 347 99 62 35 1015 1624 898 28 28 62 72 68 41 25 347 15 17 253 49 294 183 30 16 16 70 28 39
internal_value=-0.00253246 0.0302538 0.0627674 0.034895 -0.0506281 0.0950306 0.102939 -0.0710054 -0.0712363 -0.0451576 0.010722 0.0640845 -0.00293853 0.047036 0.0310185 0.0680239 -0.0178384 -0.0327572 -0.0357921 -0.100209 -0.0145878 -0.0225222 -0.00464333 0.0365666 0.11784 -0.0899597 -0.0810276 -0.00280966 0.0178421 0.0750592
internal_weight=741.406 501.896 357.988 211.349 143.907 81.6184 146.639 119.065 239.51 126.05 56.0906 31.1184 129.731 24.8425 26.2661 20.8213 46.1126 41.5973 12.1175 113.46 117.987 107.55 82.376 47.2897 69.5009 69.9592 25.1736 11.6938 38.7918 12.5398
internal_count=6888 3862 2246 1430 1616 454 816 1445 3026 1385 471 235 976 171 207 139 430 405 77 1641 914 862 593 299 377 914 269 98 250 67
is_linear=0
shrinkage=0.1


Tree=13
num_leaves=31
num_cat=0
split_feature=19 1 8 17 19 6 8 6 17 8 34 6 34 2 22 3 34 34 21 2 5 4 23 0 13 21 21 21 6 21
split_gain=145.767 99.231 49.148 36.846 33.694 21.4921 19.3111 18.9724 40.012 22.7908 15.3231 15.0265 12.7942 12.7354 11.9536 11.82 10.5009 10.3512 9.44581 9.37113 8.47054 8.03636 7.91022 7.15015 6.54584 7.40416 8.17484 6.38425 6.07472 5.94223
threshold=80.751484745000013 1532.8050000000001 0.64450400000000008 304.50000000000006 1.9995065000000001 22.500000000000004 0.00030750000000000005 3.5000000000000004 1.0000000180025095e-35 0.43704700000000013 0.44791150000000007 14.500000000000002 1.3343860000000001 53359.610000000008 1.0000000180025095e-35 119.50000000000001 13.821500000000002 11.296308000000002 4304.1890095000008 33.125000000000007 1.0000000180025095e-35 3407.5000000000005 31.451895190000005 519.00500000000011 0.99864800000000009 0.00084000250000000013 0.0010282185000000002 0.00079800400000000005 2.5000000000000004 0.00048522000000000002
decision_type=2 2 2 2 2 2 2 2 2 2 2 2 2 2 2 2 2 2 2 2 2 2 2 2 2 2 2 2 2 2
left_child=1 2 3 7 6 17 -3 8 -1 12 19 13 20 14 23 21 -14 18 -2 -4 -10 -7 -16 -6 -21 29 -27 -8 -29 -26
right_child=5 4 10 -5 11 15 27 -9 9 -11 -12 -13 16 -15 22 -17 -18 -19 -20 24 -22 -23 -24 -25 25 26 -28 28 -30 -31
leaf_value=0.12748929595897593 -0.099959260913390829 0.12488809911947865 -0.11122515565768248 -0.13218581998019321 -0.09817247736575474 0.070953632613355924 0.11246548007772639 0.1205357962026502 -0.030650352571673881 0.10990281308504223 0.09422339790143669 0.07064409827800093 0.12036742327270399 -0.08193982663629322 0.15006144604901994 -0.089840481123507426 -0.045573183551299135 0.06285010575066842 0.11957319200266035 -0.089450162406478739 0.093416198389570146 -0.10019685016747933 -0.034808165895237025 0.085921827935176678 0.015292754920141073 0.1402091475847714 -0.0026270820153852232 -0.076424919815221509 0.024955175086531126 -0.11104089577538725
leaf_weight=62.301246106624603 151.11372641474009 17.039989590644836 14.042461220175026 8.2197408899664861 10.773432202637197 16.930073652416475 3.6507360562682178 88.280481845140457 59.00396179407835 25.514093123376369 9.937609449028967 8.418748736381529 13.709408931434156 106.17283931747079 6.3291265144944173 9.9708718284964544 5.2830256149172774 4.155134353786706 1.9856902062892903 9.5643735416233522 6.0690635964274398 3.2740400806069365 3.6488510519266129 2.6235360428690901 7.557337284088133 6.2880185171961811 11.044815890491007 12.787024006247522 10.990541778504847 7.3385088481009007
leaf_count=371 2358 97 178 67 110 108 27 504 439 156 56 54 80 1366 37 133 30 45 15 78 38 29 25 18 53 35 90 117 88 86
internal_value=-0.00250944 0.0248989 0.057283 0.0762688 -0.0344169 -0.0780518 0.041281 0.0828549 0.0635014 0.0271212 -0.0201866 -0.0588153 0.00199676 -0.0672283 -0.000405881 -0.000748507 0.0742086 -0.0928853 -0.0971119 -0.0405493 -0.0190792 0.043219 0.0824564 -0.0621212 -0.0168022 0.00475725 0.0491912 -0.0106603 -0.0295647 -0.0469461
internal_weight=704.019 516.589 334.154 268.381 182.435 187.43 44.4683 260.161 171.881 109.58 65.7731 137.967 84.0655 129.548 23.3749 30.175 18.9924 157.255 153.099 55.8355 65.073 20.2041 9.97798 13.397 41.7931 32.2287 17.3328 27.4283 23.7776 14.8958
internal_count=6888 4200 2261 1685 1939 2688 329 1618 1114 743 576 1610 587 1556 190 270 110 2418 2373 520 477 137 62 128 342 264 125 232 205 139
is_linear=0
shrinkage=0.1


Tree=14
num_leaves=31
num_cat=0
split_feature=19 34 6 9 6 2 4 37 13 17 6 3 1 4 22 2 6 21 11 21 21 22 19 9 12 1 6 11 22 11
split_gain=127.248 63.7478 57.276 48.0728 37.1315 29.0026 22.0816 20.4308 17.0413 15.9191 13.8435 14.8052 13.5742 11.2152 10.2743 10.0921 9.60903 9.34663 7.54018 7.3814 7.38922 7.32782 7.53436 7.3011 7.17109 6.93452 6.93108 6.90695 6.32452 6.1917
threshold=29.961516160000006 1.0507255000000002 9.5000000000000018 1.0000000180025095e-35 6.5000000000000009 571628.11500000011 7.5000000000000009 1.4198160000000002 1.0040915000000001 3513.5000000000005 2.5000000000000004 2.5000000000000004 1921.6000000000001 2.5000000000000004 1.0000000180025095e-35 304060.15500000009 1.5000000000000002 4304.1890095000008 0.39754450000000002 0.00079800400000000005 0.00041293500000000007 1.0000000180025095e-35 100.96174555000002 1.1493130000000003 0.9999650000000001 26.935000000000002 30.500000000000004 0.049598500000000011 3.5000000000000004 50.163120500000012
decision_type=2 2 2 2 2 2 2 2 2 2 2 2 2 2 2 2 2 2 2 2 2 2 2 2 2 2 2 2 2 2
left_child=1 3 17 14 6 9 10 -3 15 12 13 18 21 16 -1 27 19 29 -12 20 -5 22 -4 24 -13 28 -14 -6 -21 -2
right_child=2 7 5 4 8 -7 -8 -9 -10 -11 11 23 26 -15 -16 -17 -18 -19 -20 25 -22 -23 -24 -25 -26 -27 -28 -29 -30 -31
leaf_value=0.11552638146904333 -0.098486480867755577 0.11484701315400506 0.11168554090511418 0.031590350081839774 0.088479272237444589 -0.096497119104857476 -0.098086913444844881 -0.0093719453439262482 0.11784115096280426 -0.10498838923903792 -0.0026468398884527994 -0.0039216741881044626 -0.057452825582490152 -0.09452687215299678 -0.03110375020244582 -0.081115745727051491 0.039336772729313595 0.12963762769289128 0.13837256169533613 0.019925594835096583 -0.080313512987127716 0.12316988977914023 -0.08989538760661904 -0.056881553617021401 0.17663053527184139 -0.10166342546895435 0.13529919733338053 -0.067581255859569131 -0.11997293720063454 0.046518684899772206
leaf_weight=43.398340150713921 161.53427852317691 91.55127415060997 3.7330934703350058 7.0859275907278052 12.264678955078127 18.019275978207588 36.035393476486206 15.479401655495165 29.181829266250134 5.9045061543583861 5.1506626084446934 7.2095071449875849 10.0259997472167 21.534446701407433 5.3699481263756743 8.776709243655203 24.753588296473026 1.8591560870409001 14.369824931025503 41.082379318773746 35.279967933893204 28.445485100150108 3.6838770508766174 15.742508776485918 3.1657077744603157 6.4967544004321089 2.2920060306787482 3.6889602392911902 3.50736279785633 2.9993889629840842
leaf_count=273 2771 569 22 41 65 290 505 85 177 61 43 59 94 216 31 94 175 12 76 287 418 153 25 173 20 63 12 20 30 28
internal_value=-0.00245436 0.0299684 -0.0610642 0.00787061 -0.0083385 0.0133802 -0.0264598 0.0968817 0.0660844 0.0499876 -0.0125363 0.0352815 0.0689798 -0.0281533 0.0993807 0.00501149 -0.0160615 -0.0933237 0.101163 -0.0307353 -0.061597 0.100088 0.0115639 -0.0139588 0.0511688 -0.00514187 -0.0215875 0.0523934 0.00892138 -0.0958431
internal_weight=669.622 431.125 238.497 324.094 275.326 72.1042 221.414 107.031 53.9122 54.085 185.379 45.6382 48.1805 139.74 48.7683 24.7303 118.206 166.393 19.5205 93.4524 42.3659 35.8625 7.41697 26.1177 10.3752 51.0865 12.318 15.9536 44.5897 164.534
internal_count=6888 3420 3468 2766 2462 657 2106 654 356 367 1601 371 306 1230 304 179 1014 2811 119 839 459 200 47 252 79 380 106 85 317 2799
is_linear=0
shrinkage=0.1


Tree=15
num_leaves=31
num_cat=0
split_feature=19 1 8 17 19 8 6 17 8 6 6 34 34 34 34 2 2 0 1 13 11 10 34 5 6 11 4 2 11 13
split_gain=113.164 80.1964 39.0037 32.5405 27.9272 17.1271 16.7033 28.1479 19.8589 16.6558 14.7973 12.3152 11.251 9.02664 8.57999 8.50715 8.49922 10.6993 8.30972 7.76058 7.64174 7.51179 6.83963 6.79073 6.6244 8.56678 6.23632 5.85784 6.76591 5.72382
threshold=97.850022420000016 1532.8050000000001 0.64450400000000008 304.50000000000006 4.4000773450000006 0.00030750000000000005 6.5000000000000009 1.0000000180025095e-35 0.43704700000000013 8.5000000000000018 22.500000000000004 1.3343860000000001 0.44791150000000007 13.821500000000002 11.296308000000002 33.125000000000007 585898.34000000008 167.48500000000004 7084.2300000000005 0.43446250000000003 1.2186445000000001 3465.1866975000007 1.0000000180025095e-35 1.0000000180025095e-35 2.5000000000000004 0.39754450000000002 28.500000000000004 1277.4750000000001 0.0095170000000000012 0.99864800000000009
decision_type=2 2 2 2 2 2 2 2 2 2 2 2 2 2 2 2 2 2 2 2 2 2 2 2 2 2 2 2 2 2
left_child=1 2 3 6 5 -3 7 -1 11 -6 14 20 15 -13 21 -4 17 -12 19 -11 22 -2 23 27 -7 -26 -16 28 -9 -17
right_child=10 4 12 -5 9 24 -8 8 -10 18 16 13 -14 -15 26 29 -18 -19 -20 -21 -22 -23 -24 -25 25 -27 -28 -29 -30 -31
leaf_value=0.12179842024322358 -0.099403724277205369 0.10092462996499202 -0.10977428578006874 -0.13152565352906867 -0.083343235675769164 -0.054470046838417496 0.12260399160895855 0.0078055317986185221 0.10664255120763846 -0.070470685926264959 -0.04337343886449159 0.11344986743418933 0.082197576797810756 -0.024228733093366754 0.15912818764007811 -0.085232328775940155 -0.10655121674651338 0.10584559794517234 -0.056180461625008463 0.11710173300770871 0.085034661417344143 0.060351146305156284 -0.12492527417761837 0.089380868826916496 -0.0070643508541050233 0.14529433795094718 -0.10794409780170418 0.010249661142582453 -0.099567994278773775 0.00538670803264228
leaf_weight=53.829183161258698 121.16001087799668 18.333248395472765 12.365233290940521 7.799295511096715 87.535137429833412 21.151016861200333 58.307296827435493 9.8906542733311671 30.137277685105801 2.9261967316269901 10.458101801574236 17.511307541280988 9.2788780331611616 6.5407365411519995 2.3211452253162856 8.9810207188129407 6.5568658858537665 8.8896805197000486 9.0688215196132642 8.9589836597442609 8.1453086510300619 3.0165843665599814 5.4503886960446826 6.4070114716887465 18.903693206608299 4.5857334136962882 1.402674578130245 29.767836965620518 14.431285988539456 31.131939589977264
leaf_count=371 2251 119 179 71 1339 208 359 50 196 25 92 116 57 38 20 79 118 48 89 55 45 17 53 38 169 28 22 197 173 266
internal_value=-0.00240463 0.0214515 0.0518064 0.0695 -0.0334249 0.0195465 0.0760214 0.0611069 0.0356397 -0.0641728 -0.0770785 0.0138368 -0.0193088 0.0760094 -0.0910376 -0.0372566 -0.00815731 0.0251879 0.0159116 0.0709204 -0.00634579 -0.0955228 -0.0176324 -0.00796601 -0.0138744 0.0226799 0.0585284 -0.0194969 -0.0559039 -0.0149023
internal_weight=635.243 481.437 309.975 248.218 171.463 62.9737 240.418 182.111 128.282 108.489 153.805 98.1445 61.7571 24.052 127.9 52.4782 25.9046 19.3478 20.954 11.8852 74.0925 124.177 65.9472 60.4968 44.6404 23.4894 3.72382 54.0898 24.3219 40.113
internal_count=6888 4320 2288 1707 2032 524 1636 1277 906 1508 2568 710 581 154 2310 524 258 140 169 80 556 2268 511 458 405 197 42 420 223 345
is_linear=0
shrinkage=0.1


Tree=16
num_leaves=31
num_cat=0
split_feature=19 1 8 17 19 6 17 8 6 6 6 2 34 34 10 2 34 2 0 21 1 34 13 2 18 12 21 1 21 21
split_gain=98.8489 68.3248 33.6363 28.0995 24.2372 15.3898 29.34 18.3322 14.8026 14.4506 13.6917 13.0972 9.88438 9.39742 8.15989 7.96835 7.71479 7.55631 8.83789 7.25881 6.84859 6.69893 6.28073 5.65741 5.27695 4.99363 6.10696 7.00415 5.50077 7.94917
threshold=97.850022420000016 1532.8050000000001 0.64450400000000008 304.50000000000006 4.4000773450000006 4.5000000000000009 1.0000000180025095e-35 0.48849899999999996 8.5000000000000018 2.5000000000000004 22.500000000000004 242740.60000000001 1.3343860000000001 0.44791150000000007 0.074183999999999958 33.125000000000007 11.296308000000002 585898.34000000008 167.48500000000004 4304.1890095000008 7084.2300000000005 13.821500000000002 0.43446250000000003 137821.17500000002 16.700845155000007 0.99820450000000005 0.00084000250000000013 203.86500000000004 0.0010018485000000002 0.004441945000000001
decision_type=2 2 2 2 2 2 2 2 2 2 2 2 2 2 2 2 2 2 2 2 2 2 2 2 2 2 2 2 2 2
left_child=1 2 3 5 9 6 -1 12 -6 23 16 -11 -8 15 -13 -4 19 18 -12 -2 22 -14 -10 -3 -22 -17 -27 28 -28 -30
right_child=10 4 13 -5 8 -7 7 -9 20 11 17 14 21 -15 -16 25 -18 -19 -20 -21 24 -23 -24 -25 -26 26 27 -29 29 -31
leaf_value=0.11932105665818685 -0.097338329452120259 -0.0077999963024201428 -0.10881008043153334 -0.12855940673912422 -0.080380181312511095 0.11224196382567315 -0.013495585336193112 0.098966369534670612 -0.066267484277269445 0.098737057089171895 -0.039672204618396149 0.10264730609227442 0.10945132234369095 0.075891103972172386 -0.0852409666004601 -0.09798972053670342 0.051147010731773072 -0.10589385799444395 0.097090226942182556 0.087501656124773786 0.041164031221393227 -0.018841006961733946 0.10510286936995213 -0.10923837921122181 -0.1167652286804652 -0.046951305074898531 0.15338267916936035 -0.069568204829611513 -0.03134357534239969 0.17837546703894472
leaf_weight=49.665648430585861 112.13869075849652 17.409096963703636 11.282602619379757 7.2115435302257529 81.976645074784756 66.994358975440264 67.025511473417282 26.982882179319859 2.8069813810288933 25.038524121046066 10.29912948608399 3.2473880127072325 12.789658032357694 9.056958790868519 8.0199676305055601 5.9587237648665896 3.791938003152608 5.9678460955619803 8.7307128161191923 2.1656117290258399 3.5703020840883237 5.9699196964502326 8.9821936376392824 8.0360166952013952 5.1930736787617207 14.765863720327614 5.340497367084029 4.542651940137147 6.653402350842951 2.4814366772770882
leaf_count=371 2253 143 179 71 1339 444 520 177 25 168 92 25 89 57 91 53 42 118 48 15 26 35 55 97 63 150 28 39 60 15
internal_value=-0.00234339 0.0201934 0.0488389 0.0658041 -0.0315458 0.0719134 0.0552803 0.0270752 -0.0613548 0.0179479 -0.0749496 0.0584461 0.00446251 -0.0179802 -0.0310893 -0.0346423 -0.0891811 -0.00771593 0.0230731 -0.0938363 0.0145306 0.0686244 0.0642999 -0.039836 -0.052423 -0.0135867 0.00130018 0.0387634 0.07276 0.0256256
internal_weight=604.096 461.002 296.722 236.64 164.28 229.428 162.434 112.768 102.529 61.751 143.094 36.3059 85.7851 60.0821 11.2674 51.0252 118.096 24.9977 19.0298 114.304 20.5526 18.7596 11.7892 25.4451 8.76338 39.7426 33.7839 19.018 14.4753 9.13484
internal_count=6888 4320 2288 1707 2032 1636 1192 821 1508 524 2568 284 644 581 116 524 2310 258 140 2268 169 124 80 240 89 345 292 142 103 75
is_linear=0
shrinkage=0.1


Tree=17
num_leaves=31
num_cat=0
split_feature=19 1 8 17 19 8 6 22 2 6 11 22 11 8 34 6 3 22 19 2 0 2 2 23 11 8 21 34 3 11
split_gain=86.1485 58.135 29.1613 24.0159 21.5434 15.2045 26.7884 13.4338 31.3154 11.7394 12.9935 14.862 11.516 10.754 10.6159 9.31672 8.77134 8.35726 8.09148 7.02304 8.65852 6.21426 6.03558 11.5918 8.28285 8.2288 5.8035 5.66959 5.42292 5.10506
threshold=97.850022420000016 1532.8050000000001 0.80001450000000018 304.50000000000006 1.7983953425000003 0.00099750000000000034 2.5000000000000004 1.0000000180025095e-35 30136.225000000002 4.5000000000000009 3.8500000000000007e-05 1.0000000180025095e-35 11.588876000000001 0.00030750000000000005 0.44791150000000007 52.000000000000007 4.5000000000000009 4.5000000000000009 2690.0073720000009 24352.840000000004 253.30500000000004 33.125000000000007 1659.7650000000001 4.0000000000000006e-14 0.011815500000000001 0.099846000000000018 0.00079800400000000005 13.821500000000002 5.5000000000000009 0.0080075000000000025
decision_type=2 2 2 2 2 2 2 2 2 2 2 2 2 2 2 2 2 2 2 2 2 2 2 2 2 2 2 2 2 2
left_child=1 2 3 5 13 -1 14 -2 -9 19 -11 28 15 -3 22 -10 -8 -13 -17 20 -6 -4 24 25 -7 -24 -15 -16 -12 -23
right_child=7 4 21 -5 9 6 16 8 12 10 11 17 -14 26 27 18 -18 -19 -20 -21 -22 29 23 -25 -26 -27 -28 -29 -30 -31
leaf_value=0.10412278107340348 -0.10186795632498713 0.10295515988439884 -0.088911966594128672 -0.12589524298604923 -0.061452657303679874 0.028485279285887566 0.11524274099840665 0.18535783828398852 -0.091750730761203519 -0.069425160158314611 0.084108812979361791 0.13135390091472354 0.15420981911494114 0.11372442523319214 0.10545023478370674 0.076037156553031032 0.03316523323418312 -0.039503463570742532 -0.10851977330028278 -0.091451735517905947 0.16143615110665122 -0.090328223917118089 -0.027240929036018015 -0.092965405586581923 -0.082328380064362064 0.090879311186051526 -0.026062794862197425 -0.021695115719579022 -0.084969045876777977 0.01013093243929941
leaf_weight=73.585199572145939 72.366754096001387 14.547744013369082 10.667290199548004 6.6562642641365519 5.6098977513611299 10.472850516438486 51.689288355410099 5.6839266680181018 42.372112385928631 24.489804647862911 2.34030728414655 12.587924089282753 2.3768104314804068 3.4697060249745872 14.645187951624395 6.973530560731886 17.404196601361036 3.7055873274803153 3.602921225130558 57.55866938456893 2.5283999815583229 5.8601569682359687 8.9920820631086844 7.2134978063404551 18.950479354709387 17.13896593824029 20.621743127703667 4.6114339455962172 10.013693664222954 36.978149577975273
leaf_count=563 1586 96 173 71 69 55 365 39 816 347 21 86 20 25 107 50 113 36 57 1008 18 57 60 62 229 93 188 28 138 312
internal_value=-0.00228166 0.0189597 0.0459138 0.0613003 -0.0297996 0.0668455 0.0486937 -0.072728 -0.0381634 -0.0508905 -0.0159423 0.0297784 -0.0611272 0.0350653 0.0100515 -0.0707935 0.094568 0.0924963 0.0131669 -0.0791575 0.00779426 -0.0206177 -0.00987482 0.0192541 -0.0428857 0.0502324 -0.00593032 0.0750024 -0.0529394 -0.00361159
internal_weight=575.715 442.339 284.865 231.359 157.473 224.703 151.118 133.376 61.0093 118.834 53.1373 28.6475 55.3254 38.6392 82.0245 52.9486 69.0935 16.2935 10.5765 65.697 8.1383 53.5056 62.7679 33.3445 29.4233 26.131 24.0914 19.2566 12.354 42.8383
internal_count=6888 4320 2288 1746 2032 1675 1112 2568 982 1723 628 281 943 309 634 923 478 122 107 1095 87 542 499 215 284 153 213 135 159 369
is_linear=0
shrinkage=0.1


Tree=18
num_leaves=31
num_cat=0
split_feature=19 2 35 21 35 6 6 0 0 21 21 2 6 2 2 6 37 17 23 44 21 34 0 1 11 8 8 36 17 8
split_gain=75.3038 50.077 31.4586 32.7526 23.6263 14.2636 13.3606 12.459 13.2704 21.7377 13.1679 15.168 11.7667 10.413 9.77347 8.66694 8.24224 8.16379 7.78966 7.71649 7.07313 9.12357 6.88361 6.67583 8.41208 6.66804 6.78551 6.64667 5.97367 7.3246
threshold=93.530035615000017 216785.93500000003 1.3360605000000001 0.00042001000000000007 107.85452300000001 13.500000000000002 12.500000000000002 92.355000000000004 1.0000000180025095e-35 0.00079800400000000005 0.0020791200000000007 100.49000000000002 9.5000000000000018 462062.23500000004 8642.6150000000016 1.5000000000000002 1.0000000180025095e-35 32.500000000000007 6.4000000000000012e-11 33.500000000000007 0.0030542705000000006 0.072723000000000024 167.48500000000004 8170.3250000000007 0.0010040000000000003 0.94219150000000018 0.099846000000000018 5339.4277875000016 199.50000000000003 0.005676500000000001
decision_type=2 2 2 2 2 2 2 2 2 2 2 2 2 2 2 2 2 2 2 2 2 2 2 2 2 2 2 2 2 2
left_child=1 2 3 18 16 17 19 8 9 -5 11 -11 27 22 -9 -16 -4 23 -1 -2 -12 25 -8 24 -3 26 -22 -6 29 -7
right_child=6 5 4 7 12 28 13 14 -10 10 20 -13 -14 -15 15 -17 -18 -19 -20 -21 21 -23 -24 -25 -26 -27 -28 -29 -30 -31
leaf_value=0.089941553019611833 -0.095038766492110849 -0.067347690233996713 0.10867447872202199 -0.073121661454891282 -0.060483529931988779 0.15338414909558262 -0.027613999722579625 0.11160582776791168 -0.081515991897948337 -0.064384602289561527 -0.11184703806349264 0.13977039485213477 0.10304737308907885 -0.096318210946265734 -0.072578377110980447 0.044508082414598193 -0.015710148386825704 -0.10177267623310726 -0.069965630363397299 0.072123302360855124 0.038516977941420845 -0.10804551485342409 0.084313666395932171 -0.065633691740315886 0.083097827348160777 -0.062936550979116448 0.19505951050208148 0.06648505055826516 -0.084138209580928505 -0.037579599082256526
leaf_weight=49.466450214385986 89.439932223409414 6.5976696088910094 86.756675627082586 31.057721566408873 19.100224230438474 6.1569590456783754 12.016683943569662 12.232792586088179 32.714775796979666 4.6915465705096748 5.4282403737306586 16.224803231656551 8.5895239263772947 10.769620131701229 9.6000950820744055 18.514117769896984 5.6758902668952933 33.871878933161497 3.2462926097214213 2.8494755215942851 13.964696891605863 5.0633611455559722 10.123820297420023 26.959600564092398 8.5109926685690862 4.8578384816646567 3.453797608613967 5.2579675354063502 2.4718539677560321 2.9810312055051327
leaf_count=370 2150 72 714 413 158 37 107 72 400 56 62 91 53 226 85 145 29 678 18 41 99 91 64 448 68 42 20 31 24 24
internal_value=-0.00223672 0.0179081 0.0354649 0.0118472 0.0751196 -0.0494507 -0.0703702 -0.0109499 -0.0274182 -0.00653367 0.0319892 0.0939783 0.00241155 -0.0156658 0.0369921 0.00452684 0.101037 -0.0652327 0.0800937 -0.0898776 -0.0075796 0.0131225 0.0235653 -0.0358121 0.0174011 0.0406637 0.0695568 -0.033076 0.0537799 0.0910872
internal_weight=548.646 423.447 335.897 210.517 125.38 87.55 125.2 157.804 117.457 84.742 53.6843 20.9163 32.9477 32.9101 40.347 28.1142 92.4326 75.9401 52.7127 92.2894 32.7679 27.3397 22.1405 42.0683 15.1087 22.2763 17.4185 24.3582 11.6098 9.13799
internal_count=6888 4300 2949 1964 985 1351 2588 1576 1274 874 461 147 242 397 302 230 743 1266 388 2191 314 252 171 588 140 161 119 189 85 61
is_linear=0
shrinkage=0.1


Tree=19
num_leaves=31
num_cat=0
split_feature=19 2 17 6 4 21 6 22 2 34 2 6 3 11 2 34 6 17 5 3 7 17 9 21 21 21 34 34 11 4
split_gain=65.5913 42.7943 29.3571 40.7272 17.2374 15.5511 13.5069 12.6884 25.7318 10.503 9.81148 8.8863 8.77221 7.8255 7.68278 7.46428 7.44683 6.79187 6.07025 5.89377 6.38213 5.68565 5.1951 5.12013 8.06896 4.86165 4.71811 5.10492 4.64466 4.35871
threshold=97.850022420000016 216785.93500000003 1.0000000180025095e-35 2.5000000000000004 2.5000000000000004 0.0025914165000000002 8.5000000000000018 1.0000000180025095e-35 56569.365000000013 1.3343860000000001 53359.610000000008 1.5000000000000002 12.500000000000002 19.992033000000003 799209.05000000016 13.821500000000002 40.500000000000007 29.500000000000004 1.0000000180025095e-35 2.5000000000000004 2.5000000000000004 213.50000000000003 23.216334000000003 0.00084000250000000013 0.00087149999999995011 0.0048449999999999509 1.0507255000000002 15.146398500000002 0.018994500000000001 63.500000000000007
decision_type=2 2 2 2 2 2 2 2 2 2 2 2 2 2 2 2 2 2 2 2 2 2 2 2 2 2 2 2 2 2
left_child=1 2 -1 4 9 -5 17 -2 29 11 12 23 -7 16 -8 -11 -10 26 19 -12 -21 -18 -23 28 -25 -22 -3 -28 -4 -9
right_child=7 6 3 5 -6 10 14 8 13 15 18 -13 -14 -15 -16 -17 21 -19 -20 20 25 22 -24 24 -26 -27 27 -29 -30 -31
leaf_value=0.1140971807782369 -0.099897576025231694 -0.057957404624412047 0.023844235044446844 0.099282475544574186 -0.085153009343812744 0.082411778268354094 0.054909150162516164 0.18879151946023121 -0.09219333445593679 0.098245734536772156 0.14482238702026837 0.045256358282955635 -0.077641273418644768 0.15044794116240426 -0.10813640798365798 -0.025628630068902883 0.12636158921683546 -0.10642424196737435 -0.086684128759164328 -0.0930307513242557 -0.087905725542275326 0.12148764089088325 -0.080915443180163346 0.13108686599633415 -0.015821966809474255 0.070324501667177922 0.11544291954576279 -0.059948417137867985 -0.067136608963853414 0.034263513491832494
leaf_weight=39.429675854742527 61.081791400909424 29.316501002758741 6.7668430358171454 63.221926923841238 26.764689598232508 30.995400857180357 16.059905488044027 5.0654752776026717 34.540252864360809 17.05761552602053 2.9850568547844913 22.510968316346407 3.8496863618493071 1.6751737222075451 3.5242052264511576 6.8049255833029738 2.7812607400119287 27.868799675256014 8.252847474068405 5.7788017280399826 2.4808812923729411 1.5894626528024671 6.2724697701632977 4.1263165622949591 39.8007652759552 8.9362891726195794 3.6244064979255191 3.0610047541558743 32.855404499918222 2.8536505922675133
leaf_count=371 1586 489 44 506 328 229 128 31 788 138 19 160 26 15 56 38 18 638 137 82 26 10 95 21 328 63 22 27 444 25
internal_value=-0.00219169 0.0167439 0.0332549 0.0219989 -0.012076 0.0642049 -0.0470838 -0.0685587 -0.0336132 0.00297816 0.029159 -0.0105082 0.0647291 -0.0617891 0.0255687 0.0629202 -0.0696577 -0.0693607 -0.0144313 0.0151158 -0.00739998 0.00347686 -0.0399952 -0.0255331 -0.002022 0.035942 -0.04067 0.0351377 -0.0515985 0.133107
internal_weight=521.932 406.073 322.618 283.188 156.688 126.501 83.4548 115.86 54.7777 129.923 63.279 106.06 34.8451 46.8586 19.5841 23.8625 45.1834 63.8707 28.4339 20.181 17.196 10.6432 7.86193 83.5493 43.9271 11.4172 36.0019 6.68541 39.6222 7.91913
internal_count=6888 4320 2960 2589 1501 1088 1360 2568 982 1173 582 997 255 926 184 176 911 1176 327 190 171 123 105 837 349 89 538 49 488 56
is_linear=0
shrinkage=0.1


Tree=20
num_leaves=31
num_cat=0
split_feature=10 2 17 6 6 4 10 1 9 4 2 11 2 13 17 1 11 6 11 34 8 34 23 11 23 17 10 17 1 6
split_gain=57.5273 43.5815 21.8328 23.2898 15.4559 13.2711 12.3273 15.8439 14.3387 11.0445 10.1921 9.89558 8.32852 11.6571 8.29307 9.41984 7.43976 7.0597 6.80364 6.67211 6.66571 6.08391 9.72262 5.66266 8.00282 5.88334 5.32265 5.19856 5.24949 4.75505
threshold=3.0041140000000004 187115.36500000002 1.0000000180025095e-35 2.5000000000000004 7.5000000000000009 7.5000000000000009 25.686847000000004 1157.2050000000002 9.6345765000000014 2.5000000000000004 799209.05000000016 0.37725700000000006 100.49000000000002 0.014053000000000001 329.50000000000006 4.6800000000000006 4.9993990000000013 3.5000000000000004 34.99695950000001 12.883440000000002 963.33849650000013 0.21876050000000005 1.7000000000000001e-10 0.061643500000000011 0.99996715500000011 514.50000000000011 2.0003760000000006 764.00000000000011 9499.9850000000024 9.5000000000000018
decision_type=2 2 2 2 2 2 2 2 2 2 2 2 2 2 2 2 2 2 2 2 2 2 2 2 2 2 2 2 2 2
left_child=1 2 -1 9 5 17 7 8 -2 12 26 23 13 -4 15 -10 29 -3 19 -9 -8 22 -14 25 -25 -5 27 28 -6 -17
right_child=6 4 3 11 10 -7 20 18 14 -11 -12 -13 21 -15 -16 16 -18 -19 -20 -21 -22 -23 -24 24 -26 -27 -28 -29 -30 -31
leaf_value=0.1125914439795493 -0.074669957639967449 -0.042432062223188731 0.032011794648147122 0.065018896995022585 0.11364454109681899 -0.10003947509450001 -0.098124753169356982 -0.094286726113405897 -0.023778801767444298 -0.071929553996724335 -0.10636558841415866 0.10080882757189831 0.030220641478783606 -0.092915696992918517 -0.085215453072213634 0.00046342222872123386 0.21459345934580965 0.071431171197379087 0.17718444423583102 0.056562624842884761 0.058981066326860565 0.082968331724521394 -0.093821604735747965 -0.063747055990218529 0.098964598571360918 -0.078251152520486505 -0.085031115709350055 -0.06977899748393554 -0.0067983315862894939 0.12713011495653553
leaf_weight=36.130064636468887 12.725963555276392 18.565265048295263 14.467402365058662 42.123302865773439 14.344639204442514 41.086895106360316 57.055036906152964 35.990086745470762 6.9009556807577672 18.450616255402565 5.0884496793150893 42.643122088164091 49.842911306768656 15.441084258258341 3.7343221232295027 5.2979262396693247 5.1882050260901442 7.705240484327077 1.0396964848041523 3.1921436525881282 2.8347890526056281 16.79370678961277 7.2363361269235602 10.366417802870272 4.2669986113905898 3.0755126774311057 2.6320632211863986 2.5100143775343886 4.8396035544574252 6.726476825773716
leaf_count=371 147 217 87 304 106 1043 1615 831 87 213 104 380 350 264 72 58 32 92 7 36 26 133 55 74 36 24 26 24 39 35
internal_value=-0.00213491 0.0191766 0.0404402 0.0288392 -0.0381368 -0.0645464 -0.0563067 -0.0308213 0.0132692 -0.000638378 0.0223391 0.0639998 0.012036 -0.0324855 0.0534557 0.0749309 0.114506 -0.00903554 -0.0752976 -0.0819972 -0.0906884 0.0300611 0.0144949 0.0377656 -0.0163015 0.0552702 0.0492608 0.0655539 0.0832605 0.071321
internal_weight=498.295 357.61 260.837 224.707 96.7722 67.3574 140.686 80.7958 40.5738 122.232 29.4148 102.475 103.781 29.9085 27.8479 24.1136 17.2126 26.2705 40.2219 39.1822 59.8898 73.873 57.0792 59.8322 14.6334 45.1988 24.3263 21.6943 19.1842 12.0244
internal_count=6888 3942 2291 1920 1651 1352 2946 1305 431 1102 299 818 889 351 284 212 125 309 874 867 1641 538 405 438 110 328 195 169 145 93
is_linear=0
shrinkage=0.1


Tree=21
num_leaves=31
num_cat=0
split_feature=19 17 6 4 6 3 3 22 2 4 8 4 7 11 34 34 8 11 6 2 6 2 17 6 0 1 22 11 21 7
split_gain=50.46 33.7883 25.6535 34.0043 18.1649 13.3471 13.2429 11.4914 21.6929 11.3539 9.27245 8.94186 8.47181 10.4359 8.11475 9.35866 7.84581 7.58608 7.24013 7.14906 7.12061 6.44598 6.04129 5.45434 7.2691 5.08178 5.63388 5.08109 4.87921 5.10647
threshold=97.850022420000016 1.0000000180025095e-35 7.5000000000000009 7.5000000000000009 2.5000000000000004 6.5000000000000009 2.5000000000000004 1.0000000180025095e-35 30136.225000000002 2.5000000000000004 0.00099750000000000034 171.50000000000003 2.5000000000000004 0.0045324999999999506 1.3343860000000001 13.821500000000002 0.00099750000000000034 11.588876000000001 12.500000000000002 462062.23500000004 1.5000000000000002 9290.5500000000011 100.50000000000001 52.000000000000007 167.48500000000004 7084.2300000000005 1.0000000180025095e-35 1.0000000180025095e-35 0.00087149999999995011 3.5000000000000004
decision_type=2 2 2 2 2 2 2 2 2 2 2 2 2 2 2 2 2 2 2 2 2 2 2 2 2 2 2 2 2 2
left_child=1 -1 3 4 9 11 -6 -2 -9 14 -7 -4 -8 16 20 -16 -14 18 -10 22 -3 -5 -20 -24 -25 26 -12 -28 -22 -30
right_child=7 2 5 21 6 10 12 8 17 -11 25 -13 13 -15 15 -17 -18 -19 19 -21 28 -23 23 24 -26 -27 27 -29 29 -31
leaf_value=0.11126271284317579 -0.098054512356346588 -0.025658447252887739 0.11290163746226936 0.11960467652304807 0.096164571906911953 0.10248172753716017 -0.055734777371033488 0.15882859177088193 -0.10474797057709118 -0.079831007224581738 -0.089658236151584914 -0.0980491053456298 0.18197619764469924 0.11499669824502193 0.092363456942405109 -0.039410066485417249 -0.048201331467154024 0.11726455999263491 0.1514797801299774 -0.092353568069779624 0.090960634647997696 -0.089270086138024979 -0.14389640690030497 -0.071663860663797013 0.14364784453634125 -0.084670107269010836 -0.0093498148174346769 0.13199718709600472 -0.024167627192590482 0.14177065278923232
leaf_weight=33.062214195728302 51.518710281699896 84.768364254385233 35.038504842668772 1.5240541957318772 33.397704664617777 8.1981018185615557 12.994876034557818 5.3925653994083396 21.143935590982437 20.620490716770291 3.8019443638622787 2.1316420026123515 1.7103225141763712 11.196275837719439 17.23810658603907 7.8412187211215487 11.037303291261194 2.4448078759014598 3.0203140005469349 8.1503956243395788 9.6314863786101359 48.330843091011047 2.3212016150355321 3.1494867727160454 3.1226163804531097 8.1699547246098501 5.7904649153351766 4.5350554101169109 12.852053329348562 2.1672269739210597
leaf_count=371 1586 890 312 12 285 65 160 39 614 286 24 16 17 98 147 50 137 20 20 215 56 1067 21 34 19 106 50 35 120 16
internal_value=-0.00208996 0.014717 0.00541017 -0.00814842 0.00837802 0.0605758 0.050531 -0.0651241 -0.0303201 -0.0107356 0.0115428 0.100804 0.00927192 0.0445525 -0.000142342 0.0511636 -0.0173189 -0.0538479 -0.0640742 -0.0205607 -0.0119019 -0.0828848 0.0298233 -0.0129356 0.0355308 -0.0218927 0.0144116 0.052731 0.0354038 -0.000223343
internal_weight=476.302 376.038 342.976 275.31 225.455 67.6657 70.3365 100.264 48.7453 155.119 30.4955 37.1701 36.9388 23.9439 134.498 25.0793 12.7476 43.3528 40.9079 19.764 109.419 49.8549 11.6136 8.5933 6.2721 22.2974 14.1275 10.3255 24.6508 15.0193
internal_count=6888 4320 3949 3341 2262 608 697 2568 982 1565 280 328 412 252 1279 197 154 943 923 309 1082 1079 94 74 53 215 109 85 192 136
is_linear=0
shrinkage=0.1


Tree=22
num_leaves=31
num_cat=0
split_feature=10 2 17 13 34 34 6 10 1 9 37 8 2 17 17 17 1 11 8 34 11 21 10 13 21 4 7 9 34 1
split_gain=44.5875 32.9575 19.7211 18.021 12.4079 12.6229 11.0267 10.6814 12.7131 11.6376 9.6099 9.58838 7.64053 6.96473 6.77509 6.5758 7.11907 6.46807 5.83386 5.7729 5.76227 5.20712 4.63664 6.31772 5.37421 5.08518 5.45023 4.94681 4.38166 4.37813
threshold=3.0041140000000004 216785.93500000003 1.0000000180025095e-35 2.9365155000000005 0.99914650000000005 1.0000000180025095e-35 7.5000000000000009 25.686847000000004 1157.2050000000002 9.6345765000000014 1.4198160000000002 0.00099750000000000034 799209.05000000016 29.500000000000004 378.50000000000006 329.50000000000006 4.6800000000000006 65.478133 963.33849650000013 12.883440000000002 4.9993990000000013 8.0905000000000022 1.2247490000000003 1.1571780000000003 0.00041293500000000007 11.500000000000002 2.5000000000000004 1.5289230000000003 1.3343860000000001 2282.7050000000004
decision_type=2 2 2 2 2 2 2 2 2 2 2 2 2 2 2 2 2 2 2 2 2 2 2 2 2 2 2 2 2 2
left_child=1 2 -1 4 5 11 13 8 9 28 -6 14 -8 29 -4 16 -11 19 -9 -10 -18 22 23 24 -13 26 -26 -25 -2 -3
right_child=7 6 3 -5 10 -7 12 18 17 15 -12 21 -14 -15 -16 -17 20 -19 -20 -21 -22 -23 -24 27 25 -27 -28 -29 -30 -31
leaf_value=0.11008691293009575 -0.097810131116527255 0.031395477204867406 0.083511376029320086 0.089946652052387097 0.092636108474149437 -0.098722242859818107 0.038893809485935224 -0.096343929716661406 -0.09169407344644899 -0.019753647885483484 -0.019324570135436401 0.079365927065031594 -0.10564055367805812 -0.10440342592802861 -0.073747430684844448 -0.082431802004516469 0.06357240963491298 0.1884087139913132 0.052698002714997333 0.047782969978941062 0.19234310332247184 0.12428640190981032 -0.052551796430484049 0.14614276420590391 -0.018274660027163242 -0.098497698095322953 0.06452758125617887 0.0049134765578065136 0.064051893130073007 -0.060386603427624787
leaf_weight=30.219070173799992 9.9183509126305562 7.8993393070995834 21.807523857802156 35.075293384492397 28.363249974325299 12.146987291052936 20.296471795067195 48.084667876362801 31.489230254665017 6.6289419606328073 10.506014369428156 6.5007087029516688 4.4614377878606311 26.074635718017817 3.1331979800015679 3.3449676483869544 11.313758920878174 0.93191209435462852 2.7779963016510001 3.2762287296354762 5.0155837871134272 3.0489664841443291 19.443082235753536 5.0339622497558576 60.045763283967972 6.7087286226451388 9.1623044088482839 4.88871113024652 2.0116324797272673 15.193697471171616
leaf_count=371 134 71 165 356 286 163 172 1615 832 87 55 35 104 833 22 72 93 5 26 37 32 25 212 34 569 90 71 34 13 274
internal_value=-0.00201464 0.0172397 0.034219 0.0240684 0.0119571 -0.000942253 -0.041578 -0.0529316 -0.0286652 0.011404 0.0623741 0.00755533 0.0128484 -0.0689838 0.0637556 0.0485597 0.0676449 -0.0715808 -0.0882036 -0.07855 0.103125 -0.00465096 -0.00816782 0.00117764 -0.00789825 -0.0153706 -0.00731265 0.0765618 -0.070517 -0.0289911
internal_weight=454.802 330.009 256.084 225.864 190.789 151.92 73.9256 124.793 73.9306 38.2332 38.8693 139.773 24.7579 49.1677 24.9407 26.3033 22.9583 35.6974 50.8627 34.7655 16.3293 114.832 111.783 92.3402 82.4175 75.9168 69.2081 9.92267 11.93 23.093
internal_count=6888 3942 2488 2117 1761 1420 1454 2946 1305 431 341 1257 276 1178 187 284 212 874 1641 869 125 1070 1045 833 765 730 640 68 147 345
is_linear=0
shrinkage=0.1


Tree=23
num_leaves=31
num_cat=0
split_feature=19 17 34 34 6 3 37 6 29 8 2 27 18 22 2 44 38 17 21 6 17 34 1 7 22 4 6 21 11 8
split_gain=39.1706 27.3156 19.1508 20.5498 14.4353 19.3265 13.0064 12.0199 11.7138 10.2016 8.89784 8.61259 8.33568 9.80811 9.82931 8.28735 7.3359 6.26351 5.73333 5.6084 6.11091 4.8596 4.68479 5.06413 5.09122 4.48514 4.36588 5.46144 4.28106 4.1149
threshold=80.751484745000013 1.0000000180025095e-35 1.0507255000000002 1.0000000180025095e-35 3.5000000000000004 4.5000000000000009 1.4198160000000002 8.5000000000000018 4.5000000000000009 0.00099750000000000034 571628.11500000011 6.5000000000000009 4.2035192490000011 1.0000000180025095e-35 205064.31000000003 33.500000000000007 236250.00000000003 107.50000000000001 0.00042001000000000007 44.500000000000007 3513.5000000000005 2.7910845000000006 7084.2300000000005 3.5000000000000004 6.5000000000000009 6.5000000000000009 2.5000000000000004 -1.0000000180025095e-35 0.049598500000000011 0.099846000000000018
decision_type=2 2 2 2 2 2 2 2 2 2 2 2 2 2 2 2 2 2 2 2 2 2 2 2 2 2 2 2 2 2
left_child=1 -1 3 4 8 11 -4 15 12 -7 17 -6 18 -14 -15 -2 22 -9 26 -19 -21 -8 23 -11 28 -20 27 -3 -25 -29
right_child=7 2 6 -5 5 9 21 10 -10 16 -12 -13 13 14 -16 -17 -18 19 25 20 -22 -23 -24 24 -26 -27 -28 29 -30 -31
leaf_value=0.10904389808630365 -0.094054176834688447 -0.08194280647974346 0.083353465330000598 -0.095157212685639314 0.099178560741847777 0.093889058851849214 0.088505984511132341 0.07589222624552544 -0.11145383268052228 -0.096431953203837573 -0.10360373296704042 -0.074336125060569497 -0.073226247655395676 0.18800785851835122 -0.10431882120622826 0.10843801510007477 0.15789105263725031 -0.12963856866554582 -0.00019878358881223902 0.065859023962575106 -0.090928647961402834 -0.052501867497067513 -0.093384755414921833 0.12568493856861954 -0.065542069406859194 -0.10813748525323459 0.14331188736544023 0.011973289838443354 -0.01704303897149621 0.12660917793358983
leaf_weight=27.591490380465984 56.916121991351247 3.4453928843140647 44.66402742266655 23.796267706900835 37.019159076735377 7.4437109660357228 3.0651235654950133 10.601006507873537 11.821568287909029 5.4132837001234355 8.0178098212927562 3.1001909375190726 28.835709162056446 3.0972119681537142 1.8297691121697424 2.0955692809075108 1.8511421736329783 3.7952759880572549 79.940755598247051 7.1568513847887498 3.8088886141777039 12.062356824055312 12.858699299395083 4.8757613170891982 4.6780450772494069 4.0444132965058079 4.2841203659772864 7.5045308545231819 3.6934341508895159 5.3732182011008263
leaf_count=371 2126 21 460 473 373 75 17 105 213 65 274 31 505 21 55 29 18 51 802 47 56 79 279 37 63 92 41 52 26 31
internal_value=-0.00195637 0.0136397 0.00527499 -0.00667249 0.00243835 0.0364824 0.0562101 -0.0597361 -0.0159087 -0.0119666 -0.011778 0.0857704 -0.007745 -0.0509471 0.0794444 -0.0868635 -0.0355791 0.0172512 0.00620073 -0.0248633 0.0113997 -0.0239309 -0.0469417 -0.0149385 0.0183626 -0.00539671 0.0534662 0.0298856 0.0641673 0.0598049
internal_weight=434.681 342.289 314.698 254.906 231.11 80.9334 59.7915 92.3915 150.177 40.8141 33.3798 40.1194 138.355 33.7627 4.92698 59.0117 33.3704 25.362 104.592 14.761 10.9657 15.1275 31.5192 18.6605 13.2472 83.9852 20.6073 16.3231 8.5692 12.8777
internal_count=6888 4200 3829 3273 2800 967 556 2688 1833 563 533 404 1620 581 76 2155 488 259 1039 154 103 96 470 191 126 894 145 104 63 83
is_linear=0
shrinkage=0.1


Tree=24
num_leaves=31
num_cat=0
split_feature=19 17 6 4 29 6 22 2 3 4 3 7 11 4 8 21 6 11 21 35 4 2 21 5 22 2 2 19 6 18
split_gain=34.2318 25.0713 18.2548 25.4755 13.6416 15.3991 10.597 17.2528 10.4104 8.95599 8.22075 7.8458 7.55981 6.83151 6.51918 6.32453 6.17627 6.01151 8.21961 5.81193 5.6581 5.61559 12.2453 9.66773 5.0702 4.85259 3.8942 4.11574 3.82242 3.65449
threshold=100.96174555000002 1.0000000180025095e-35 7.5000000000000009 7.5000000000000009 4.5000000000000009 2.5000000000000004 1.0000000180025095e-35 20180.535000000003 7.5000000000000009 2.5000000000000004 2.5000000000000004 2.5000000000000004 11.588876000000001 171.50000000000003 0.0073500000000000006 -1.0000000180025095e-35 12.500000000000002 0.0045324999999999506 0.0018877795000000004 79707.550000000017 18.500000000000004 100.49000000000002 0.12852820150000002 1.0000000180025095e-35 1.0000000180025095e-35 9290.5500000000011 561003.45500000007 2690.0073720000009 10.500000000000002 1.4996745000000002
decision_type=2 2 2 2 2 2 2 2 2 2 2 2 2 2 2 2 2 2 2 2 2 2 2 2 2 2 2 2 2 2
left_child=1 -1 3 4 5 9 -2 -8 13 15 -7 24 16 -4 19 -3 -9 18 -13 28 -18 22 23 -17 -12 -5 27 -22 -10 -19
right_child=6 2 8 25 -6 10 7 12 14 -11 11 17 -14 -15 -16 21 20 29 -20 -21 26 -23 -24 -25 -26 -27 -28 -29 -30 -31
leaf_value=0.10811667702993695 -0.097073224530723826 -0.092776055778824612 0.10341740656135837 0.11337592285018848 -0.092310410236190993 0.096201507270551989 0.16283872718884085 -0.10412707372283569 -0.070130740329827967 -0.073205392793746923 -0.090049432985372935 0.18027221608291366 0.11375458859582895 -0.092672929884162092 -0.047711339817621323 -0.061180022225875264 0.25745785918235331 0.24032319857832155 -0.053728465366328873 0.18553845515378189 0.035733676604137871 0.023233860811651325 0.1673979704690137 0.20508110048149111 0.057359707181311476 -0.084974354874461255 -0.10307363363373573 -0.10799552467469963 0.056112707366514081 0.083977001188423661
leaf_weight=25.168964497745037 39.930900353938341 6.3109467886388293 30.760128296911716 1.272303845733403 13.036797827109693 27.585090443491936 4.3851934671401969 16.354430517181754 3.2600781135261085 16.782225260511041 7.8073789477348345 1.9329025261104122 2.6987910233438006 1.8855674602091301 11.778370220214127 26.221908422186978 0.71409728750586765 1.8192751891911019 6.7199831530451775 2.6672810092568389 8.6527039464563149 85.113279448822141 2.9377548694610587 1.4384776279330242 3.3279191926121712 40.34783411771059 5.050198718905448 2.5882734153419724 9.0740114934742433 8.3885714542120677
leaf_count=371 1580 39 326 12 213 269 33 601 36 239 117 19 22 16 137 413 6 13 76 20 66 734 18 10 32 1078 194 46 74 78
internal_value=-0.00191145 0.0121259 0.00434419 -0.00745338 0.00674792 0.0133238 -0.0605304 -0.0244508 0.054183 -0.00471182 0.0568002 0.0205658 -0.0472277 0.0920915 0.00797084 0.00470838 -0.0602511 0.0598628 -0.00145683 0.0516899 -0.0180545 0.0100252 -0.0267166 -0.0473331 -0.0459944 -0.0789109 -0.0301311 0.00263954 0.0227447 0.111842
internal_weight=416.012 335.637 310.468 251.043 209.423 196.386 80.3746 40.4437 59.4254 138.805 57.5811 29.996 36.0585 32.6457 26.7797 122.022 33.3597 18.8607 8.65289 15.0014 17.0053 115.711 30.5981 27.6604 11.1353 41.6201 16.2912 11.241 12.3341 10.2078
internal_count=6888 4340 3969 3360 2270 2057 2548 968 609 1453 604 335 935 342 267 1214 913 186 95 130 312 1175 441 423 149 1090 306 112 110 91
is_linear=0
shrinkage=0.1


Tree=25
num_leaves=31
num_cat=0
split_feature=10 2 17 35 11 22 6 17 3 24 23 22 22 21 2 7 1 1 3 2 21 1 8 10 2 11 21 18 6 0
split_gain=30.2007 28.7358 17.6988 16.4377 17.777 10.0499 8.36015 11.6323 8.18576 6.80636 6.67905 8.05147 8.80912 8.80247 6.48891 7.58203 7.09196 6.32446 5.99789 7.29137 10.4162 6.42003 5.71511 5.22904 5.09355 4.71938 4.68648 4.6171 5.85152 4.39362
threshold=25.686847000000004 216785.93500000003 1.0000000180025095e-35 1.3360605000000001 3.8500000000000007e-05 5.5000000000000009 27.500000000000004 32.500000000000007 111.50000000000001 185921.38420000003 5.6400000000000009e-08 1.0000000180025095e-35 1.5000000000000002 0.00041293500000000007 520586.36000000004 10.500000000000002 3880.6050000000005 0.075000000000000025 4.5000000000000009 414.49000000000007 0.0037390000000000006 511.31500000000005 3.7919765000000001 1018.8172375000001 360944.63500000007 2.3230380000000004 0.00062500000000000012 2.3812026070000005 11.500000000000002 133.87000000000003
decision_type=2 2 2 2 2 2 2 2 2 2 2 2 2 2 2 2 2 2 2 2 2 2 2 2 2 2 2 2 2 2
left_child=1 2 -1 10 9 -6 7 14 -8 27 11 13 -13 -4 15 16 17 -3 19 20 -15 22 25 -2 -18 -21 -26 -5 -29 -20
right_child=23 6 3 4 5 -7 8 -9 -10 -11 -12 12 -14 18 -16 -17 24 -19 29 21 -22 -23 -24 -25 26 -27 -28 28 -30 -31
leaf_value=0.10729082558204457 -0.095213263045420937 -0.041253503958109429 0.059096340603255818 0.010623776503540537 0.10160259013732241 -0.070446483836093712 0.084643299771830285 -0.093328982662592347 -0.11910528682191497 0.13394520247067443 -0.07620012665472925 0.16547892065329234 -0.049986891598725561 -0.070989333065070423 -0.0867151397526576 0.17685672396683633 -0.094786981395915695 0.12442230968309465 -0.10200231645509313 0.035336148063381943 0.052891293565210717 -0.02117758881308909 -0.080712068624905833 0.035447759544126815 0.16993674968202346 0.12511376642044966 -0.030958974432328912 -0.11408493885797062 0.044527037450145385 -0.0072805045653163321
leaf_weight=22.94015247002244 36.65188024751842 3.7658866569399887 19.526022329926491 21.832501290366054 46.75853893533349 3.6609561182558528 8.589154025539754 38.504472561180592 2.5593990813940755 3.3202865310013285 11.641407798975704 5.8772957250475866 2.8021379448473454 26.886733604595065 9.3282075524330121 2.4729548022150984 9.4070592708885652 5.936012975871563 11.885083621367814 28.842468000948429 9.0794506482779962 27.346947083249688 3.4741786345839492 3.3421743921935549 1.6001873109489668 7.3467609882354727 4.2327104788273573 8.0258968360722047 3.2750510349869719 8.3283914364874345
leaf_count=371 1605 36 157 222 521 38 69 1290 82 26 181 40 20 467 216 23 225 53 231 193 52 310 50 36 16 70 88 86 25 89
internal_value=-0.0018635 0.00731333 0.0232281 0.0155117 0.0506458 0.0891101 -0.0429476 -0.0549212 0.0378683 -0.00255462 -0.00320932 0.00240323 0.0959162 -0.00328386 -0.0146721 0.00984134 -0.00671803 0.0601136 -0.0131713 -0.00339529 -0.0397164 0.0160992 0.0418006 -0.0842943 -0.0492637 0.0535619 0.0241544 -0.0162332 -0.0681187 -0.0629749
internal_weight=399.24 359.246 272.85 249.91 86.8732 50.4195 86.396 75.2475 11.1486 36.4537 163.037 151.395 8.67943 142.716 36.743 27.4148 24.9419 9.7019 123.19 102.977 35.9662 67.0104 39.6634 39.9941 15.24 36.1892 5.8329 33.1334 11.3009 20.2135
internal_count=6888 5247 3149 2778 918 559 2098 1947 151 359 1860 1679 60 1619 657 441 418 89 1462 1142 519 623 313 1641 329 263 104 333 111 320
is_linear=0
shrinkage=0.1


Tree=26
num_leaves=31
num_cat=0
split_feature=10 2 17 6 17 21 2 6 17 0 0 5 2 6 22 34 34 21 22 10 11 23 2 18 10 11 8 34 2 0
split_gain=26.6801 24.6414 16.3355 15.162 9.87099 8.97871 7.50217 8.73114 11.1173 7.28021 7.40661 11.7172 7.39651 6.18598 5.82136 5.6727 6.76187 5.46927 6.69395 5.09503 5.94071 8.13036 4.94008 6.07312 4.85335 4.55263 5.82222 4.33224 4.29982 4.12773
threshold=25.686847000000004 216785.93500000003 1.0000000180025095e-35 2.5000000000000004 4.5000000000000009 0.0012655000000000003 638962.30500000005 17.500000000000004 32.500000000000007 110.29500000000002 1.0000000180025095e-35 1.0000000180025095e-35 22880.280000000002 3.5000000000000004 1.0000000180025095e-35 1.3343860000000001 13.821500000000002 0.0015490275000000001 1.5000000000000002 0.080502000000000004 0.0010040000000000003 1.3328974445000001 33.125000000000007 0.0094314190000000016 1018.8172375000001 0.0045324999999999506 0.00054000000000000012 0.0020460000000000005 1659.7650000000001 2023.3350000000003
decision_type=2 2 2 2 2 2 2 2 2 2 2 2 2 2 2 2 2 2 2 2 2 2 2 2 2 2 2 2 2 2
left_child=1 2 -1 4 15 28 7 8 13 10 11 -7 -13 17 -12 22 -17 18 -3 -15 -21 -22 23 -4 -2 26 -11 -24 -5 -9
right_child=24 6 3 5 -6 9 -8 29 -10 25 14 12 -14 19 -16 16 -18 -19 -20 20 21 -23 27 -25 -26 -27 -28 -29 -30 -31
leaf_value=0.10655403757891338 -0.094163523502906687 0.11040469032757488 0.0071053914378124416 -0.031135091345663168 -0.059532351437033906 0.11422123062203103 -0.092554357417699296 -0.0062468029365221455 -0.096847593421471131 0.12109804979451405 -0.090270903956438761 0.093875079072639644 -0.078380150501926371 0.24246944563011907 0.057048988483265096 0.108731673797544 -0.033313113203070496 -0.1033229703734202 -0.089157239586147533 -0.050192267256748406 -0.064303882647450919 0.16570901507877073 0.016058402321873215 -0.098368834419769208 0.031474862003294968 0.07897735754359847 -0.035234656006857983 -0.095665840281884851 0.097063772907645937 0.11296219514709649
leaf_weight=20.893302369862795 33.515233123674989 3.6962191984057444 11.103674650192263 2.8668685145676127 29.217920456081629 9.4736162759363651 21.06505073979497 5.6871597170829755 20.969776635989547 3.2092777527868739 12.683882284909489 3.3960868418216714 9.3717153742909414 1.2250331193208683 3.4016002081334582 10.304706692695616 4.9665549993515006 7.7518841046839952 3.0826831702142954 5.3850767668336612 2.2945598438382149 4.6531646177172661 63.72361321374774 10.738717420026658 3.3852143287658683 25.161308016628027 9.244464233517645 3.6706235334277144 29.930217294022441 5.9367768261581659
leaf_count=371 1605 30 64 29 411 101 762 57 755 23 182 22 196 8 36 124 31 188 49 113 57 40 575 263 36 259 79 33 350 39
internal_value=-0.00181757 0.00682411 0.0217116 0.0144006 -0.00814897 0.0421319 -0.0411374 -0.0232887 -0.0417526 0.023248 -0.00742528 0.0299594 -0.0325623 -0.000621076 -0.0591171 0.0062166 0.0625355 -0.0459515 0.0196546 0.0479624 0.0286417 0.0897448 -0.00342139 -0.0447506 -0.0826376 0.0545017 0.00505164 0.00997335 0.0858576 0.0546377
internal_weight=382.006 345.106 263.358 242.465 133.726 108.739 81.7474 60.6823 49.0584 75.942 38.3269 22.2414 12.7678 28.0886 16.0855 104.508 15.2713 14.5308 6.7789 13.5578 12.3328 6.94772 89.2366 21.8424 36.9004 37.6151 12.4537 67.3942 32.7971 11.6239
internal_count=6888 5247 3149 2778 1501 1277 2098 1336 1240 898 537 319 218 485 218 1090 155 267 79 218 210 97 935 327 1641 361 102 608 379 96
is_linear=0
shrinkage=0.1


Tree=27
num_leaves=31
num_cat=0
split_feature=10 2 17 6 4 17 3 8 2 6 21 7 21 6 21 1 37 23 10 10 8 21 24 11 23 27 44 8 18 8
split_gain=23.547 21.1422 15.0798 12.8335 8.79344 8.33983 7.87794 8.94968 6.8535 7.50287 7.73398 6.75253 5.72459 4.72936 5.84501 4.85957 4.62986 6.10666 5.38756 7.6663 4.5492 4.53913 4.80402 4.48567 6.50103 4.8186 6.70989 4.22485 4.4304 4.29036
threshold=25.686847000000004 216785.93500000003 1.0000000180025095e-35 2.5000000000000004 2.5000000000000004 96.500000000000014 2.5000000000000004 0.00099750000000000034 638962.30500000005 6.5000000000000009 0.0043092525000000001 1.5000000000000002 -0.49982940099999995 1.5000000000000002 0.00079800400000000005 26.935000000000002 3.5000000000000004e-06 0.99996715500000011 0.23216800000000001 0.78446700000000014 963.33849650000013 0.00087149999999995011 44.576650785000005 1.0000000180025095e-35 1.3328974445000001 1.5000000000000002 24.500000000000004 0.00044750000000000004 6.6081254890000007 0.0099995000000000014
decision_type=2 2 2 2 2 2 2 2 2 2 2 2 2 2 2 2 2 2 2 2 2 2 2 2 2 2 2 2 2 2
left_child=1 2 -1 4 13 6 -5 -8 9 10 12 -9 -3 14 -4 21 17 18 -13 -20 -2 -16 -23 25 -25 -11 -27 -14 29 -29
right_child=20 8 3 5 -6 -7 7 11 -10 23 -12 16 27 -15 15 -17 -18 -19 19 -21 -22 22 -24 24 -26 26 -28 28 -30 -31
leaf_value=0.10589570927421087 -0.091363000893815993 -0.10723761982903078 -0.039122094278827679 0.081176381177753124 -0.068387527652761251 -0.0383031771957794 0.12489204287868289 -0.068319122855768549 -0.090991463307653703 0.14059955922545161 -0.094590847449240081 -0.15119217766516116 0.1693176104557384 0.040594475048266021 0.099639321505003639 -0.08475123945737735 -0.067020398253260435 0.089438021125824191 0.12207589576242311 -0.03960071108569721 0.046796877880952416 0.0016658671400903221 0.14862109009208713 -0.070762326860871583 0.11040652301621648 -0.092240408266316937 0.067209279569071842 -0.11150178414289753 -0.10880171260449485 0.09653200164996234
leaf_weight=19.016565758734941 31.509003024548292 3.5065054576843986 35.236889192834496 42.725477119907737 20.089926766231656 12.197798997163771 7.3099500667303792 9.6749853957444412 19.371440079063177 1.6708190273493553 19.160570274107158 2.1095826439559486 2.0453723892569515 26.255290683358908 6.7493245135992757 4.5196839198470107 4.5419996026903382 13.78634358756244 4.7197037190198881 7.746764712035656 2.5782722309231749 36.083995461463928 2.3706581294536582 2.5987494736909857 8.3280806634575111 8.1507353298366052 3.9029265418648711 1.2472803480923156 2.3116577230393887 4.8313195779919624
leaf_count=371 1615 92 501 575 358 166 67 148 762 15 791 14 15 209 60 55 43 141 35 88 26 307 11 52 64 138 44 17 54 54
internal_value=-0.00176048 0.00635994 0.0202291 0.0133296 -0.00749953 0.0394237 0.0496607 0.0226705 -0.0395199 -0.0222556 -0.0533593 0.00512132 0.00330501 0.00349922 -0.00796429 0.0141158 0.0267152 0.0417262 -0.00340063 0.0216087 -0.0809129 0.024001 0.0107254 0.0195115 0.0673188 -0.0185506 -0.0406112 0.0404488 0.00903317 0.0538451
internal_weight=366.348 332.26 255.135 236.118 131.306 104.813 92.6148 49.8893 77.1255 57.754 33.1027 42.5794 13.9421 111.216 84.9606 49.7237 32.9044 28.3624 14.5761 12.4665 34.0873 45.204 38.4547 24.6513 10.9268 13.7245 12.0537 10.4356 8.39026 6.0786
internal_count=6888 5247 3149 2778 1501 1277 1111 536 2098 1336 1023 469 232 1143 934 433 321 278 137 123 1641 378 318 313 116 197 182 140 125 71
is_linear=0
shrinkage=0.1


Tree=28
num_leaves=31
num_cat=0
split_feature=17 10 2 6 4 17 6 4 3 9 10 6 29 21 4 11 7 44 4 0 21 2 23 9 34 9 1 8 21 11
split_gain=20.83 17.9802 15.2048 11.7715 19.7942 8.12418 8.10252 6.44676 6.21324 5.99353 5.92204 5.57918 5.38376 5.18798 4.92853 4.73109 5.00276 4.47643 7.1427 4.0751 9.0141 6.36638 5.73347 6.51071 6.68606 4.18598 4.90102 4.52838 3.91165 7.28807
threshold=1.0000000180025095e-35 25.686847000000004 638962.30500000005 6.5000000000000009 7.5000000000000009 3513.5000000000005 2.5000000000000004 2.5000000000000004 5.5000000000000009 49.999446500000012 1.5197070000000001 52.000000000000007 4.5000000000000009 -1.0000000180025095e-35 61.500000000000007 10.892546500000002 8.5000000000000018 33.500000000000007 4.5000000000000009 66.495000000000019 0.00074401599999995014 940.96000000000015 1.3328974445000001 0.49996300000000005 13.821500000000002 0.57592150000000009 5039.0350000000008 0.35497350000000005 0.0015889180000000001 0.0067860000000000012
decision_type=2 2 2 2 2 2 2 2 2 2 2 2 2 2 2 2 2 2 2 2 2 2 2 2 2 2 2 2 2 2
left_child=-1 2 3 4 6 8 7 12 14 10 -8 -10 13 -2 -5 16 -12 -3 -19 22 -21 -22 25 24 -24 26 27 -15 -23 -30
right_child=1 17 -4 5 -6 -7 9 -9 11 -11 15 -13 -14 19 -16 -17 -18 18 -20 20 21 28 23 -25 -26 -27 -28 -29 29 -31
leaf_value=0.10530671938114211 -0.08707342226330976 -0.090434873158746876 -0.089363111768373762 0.10089434182866058 -0.078543010441471245 -0.095507644422095569 0.057300852159009777 -0.06648093443282424 0.0025956055504086362 0.21810992811084884 -0.055906209168181453 0.10766858175116717 -0.11386285042951093 -0.017553099857312095 -0.0027926322269038622 0.13866532103696103 0.15534670168664655 0.22644509154092407 -0.10502565955066911 0.19921055947312116 0.15066178396770705 -0.056719964913556908 0.054586923733514203 0.11654243511520108 -0.17672090365460116 -0.036520812505539887 0.14160115178722044 0.079048313704237025 -0.035043906538608977 0.11957968315540674
leaf_weight=17.29822625592351 5.7101779803633681 28.916314245201651 17.831401254981756 25.561254715546969 31.85353072732687 4.0854699686169615 34.04585474729538 15.653626110404728 28.958610089495778 1.8336023837327946 12.498164942488073 6.1217380482703438 3.8879652991890898 24.370678018778566 5.5860865768045178 1.726814068853854 1.2314477879554022 1.1945172920823091 1.4263409627601502 3.3120462559163597 3.3263285681605366 7.3379371520131853 3.669197365641593 8.0327586755156499 1.8950783610343931 34.623699147254229 2.7278199121356002 6.0590777285397044 6.6763966754078847 5.6095419134944677
leaf_count=371 36 1582 762 343 1136 52 363 282 342 26 208 48 60 242 58 15 11 6 53 20 19 57 41 89 11 480 21 57 56 41
internal_value=-0.00170592 -0.00721912 0.00023153 0.00580983 -0.00575509 0.0413504 0.00683013 -0.00620432 0.0497929 0.0405722 0.0339961 0.0209315 0.00184377 0.00581255 0.0822987 -0.0173374 -0.0369583 -0.0790925 0.0460499 0.01074 0.0449907 0.0227346 -0.000313311 0.0589502 -0.0241918 -0.0122017 0.0131928 0.00168187 0.00105039 0.0355545
internal_weight=353.062 335.763 304.226 286.395 216.082 70.3132 184.228 132.892 66.2277 51.3359 49.5023 35.0803 117.239 113.351 31.1473 15.4564 13.7296 31.5372 2.62086 107.641 26.2623 22.9502 81.3783 13.597 5.56428 67.7813 33.1576 30.4298 19.6239 12.2859
internal_count=6888 6517 4876 4114 3271 843 2135 1512 791 623 597 390 1230 1170 401 234 219 1641 59 1134 193 173 941 141 52 800 320 299 154 97
is_linear=0
shrinkage=0.1


Tree=29
num_leaves=31
num_cat=0
split_feature=17 10 2 6 17 29 35 34 17 19 6 3 7 9 1 12 2 13 11 23 2 19 6 22 27 34 7 44 2 5
split_gain=18.6714 16.0541 13.5482 9.84286 17.3748 7.64391 8.33516 10.3827 6.93087 6.55708 6.25868 5.66666 5.49435 5.49004 8.24367 6.45667 5.34594 5.41487 5.27633 4.97749 4.69352 4.63097 4.62913 5.71463 7.20538 4.47409 4.42344 4.29081 5.54949 4.163
threshold=1.0000000180025095e-35 32.551058500000011 638962.30500000005 6.5000000000000009 32.500000000000007 4.5000000000000009 0.98830850000000015 13.821500000000002 3513.5000000000005 4.9189106900000015 1.5000000000000002 5.5000000000000009 2.5000000000000004 9.6345765000000014 3015.4000000000005 9.9990285000000032 531.18500000000006 12.940093500000001 0.00035850000000000004 9.5550000000000032e-13 635.26500000000021 16.049854535000005 52.000000000000007 6.5000000000000009 15.500000000000002 1.0000000180025095e-35 14.500000000000002 33.500000000000007 20180.535000000003 1.0000000180025095e-35
decision_type=2 2 2 2 2 2 2 2 2 2 2 2 2 2 2 2 2 2 2 2 2 2 2 2 2 2 2 2 2 2
left_child=-1 2 3 4 5 6 9 21 11 10 19 20 -13 -11 15 -15 -17 -18 -12 -2 -5 -8 23 26 -25 -23 -14 -3 -29 -22
right_child=1 27 -4 8 -6 -7 7 -9 -10 13 18 12 22 14 -16 16 17 -19 -20 -21 29 25 -24 24 -26 -27 -28 28 -30 -31
leaf_value=0.10477914652679171 -0.0031597013623635068 -0.091977832120758413 -0.087805068322879959 -0.12533232670187419 -0.094336977199773825 -0.083943697757817334 0.084155817906403099 -0.037407168978220537 -0.092422618513924734 -0.08132780202923813 0.098822680371247917 -0.078560152165235986 0.10112724865125229 0.22998842881376677 -0.10309183939700406 -0.10678546469272643 -0.021002941523369449 0.16519131863109682 0.016933441636065198 -0.10771941598034228 0.10569446868653742 0.21745184884432245 0.12053517052575272 -0.089820436391461089 0.069420624393820116 -0.076486021676130611 -0.032298183968492204 0.20275628346019811 -0.10465480753701467 0.011928696116902908
leaf_weight=15.726870436221359 58.081271104514599 25.141056593507532 16.600995758548379 1.091701198369267 19.930101057514548 9.4512046426534635 31.556004883721471 11.650798181071876 3.8353885021060696 17.549229992553592 10.844749001786111 4.9830310605466357 9.0431825146079117 1.69274067506194 5.1770520610734811 2.5057875998318178 3.3426682595163584 2.931858079507947 28.667716734111309 4.9400756470859042 22.48692008852959 0.61317996121942941 5.2079521827399722 7.7829893836751562 4.4754266273230314 3.3303739046677947 3.4261360969394437 1.1767668388783925 1.1721926508471368 5.9979388071224085
leaf_count=371 635 1526 773 9 850 191 373 91 53 334 109 86 79 14 215 58 44 22 242 48 323 13 44 102 54 74 30 7 48 70
internal_value=-0.00163419 -0.00678854 -2.57366e-05 0.00516759 -0.00545888 0.00375084 0.00828279 0.0445046 0.0381781 -0.00429978 0.00820694 0.0459446 0.0186646 -0.0429259 0.00013603 0.0511637 0.0166885 0.0659989 0.0394091 -0.0113559 0.0781519 0.0713877 0.0348484 0.0168018 -0.0316831 -0.0307819 0.0644666 -0.0799017 0.0493501 0.0859506
internal_weight=340.413 324.686 297.196 280.595 212.265 192.335 182.884 47.1504 68.3307 135.733 102.534 64.4953 34.9187 33.1993 15.6501 10.4731 8.78031 6.27453 39.5125 63.0213 29.5766 35.4996 29.9357 24.7277 12.2584 3.94355 12.4693 27.49 2.34896 28.4849
internal_count=6888 6517 4936 4163 3313 2463 2272 551 850 1721 1034 797 395 687 353 138 124 66 351 683 402 460 309 265 156 87 109 1581 55 393
is_linear=0
shrinkage=0.1


Tree=30
num_leaves=31
num_cat=0
split_feature=17 10 2 6 11 19 0 18 8 3 22 34 4 43 35 36 17 19 6 22 13 0 18 2 2 13 9 21 2 21
split_gain=16.7562 14.3457 11.9513 8.7881 11.2638 9.6065 8.54825 9.04078 6.50336 7.00421 6.32375 6.38582 5.91306 4.91396 4.32815 4.25126 6.51027 4.11523 4.08031 4.135 4.0226 3.77154 3.58779 7.76617 6.15843 4.5502 3.65538 3.5809 5.36065 3.37361
threshold=1.0000000180025095e-35 32.551058500000011 638962.30500000005 3.5000000000000004 2.0498710000000004 4.2385644550000015 110.29500000000002 0.48819402000000006 0.00054000000000000012 5.5000000000000009 1.5000000000000002 0.21876050000000005 4.5000000000000009 28.500000000000004 15033.329895000001 13.083503000000002 267.50000000000006 0.10009964800000001 8.5000000000000018 6.5000000000000009 683.49976400000014 29745.420000000002 0.0094314190000000016 100.49000000000002 104703.45000000003 2.4977485000000006 0.9566650000000001 0.13928681300000004 10741.445000000002 0.0014370230000000002
decision_type=2 2 2 2 2 2 2 2 2 2 2 2 2 2 2 2 2 2 2 2 2 2 2 2 2 2 2 2 2 2
left_child=-1 2 3 5 6 10 15 -8 -9 -10 11 21 29 18 -12 17 -17 -5 -11 -20 27 22 26 -24 25 -25 -2 -3 -29 -7
right_child=1 20 -4 4 -6 12 7 8 9 13 14 -13 -14 -15 -16 16 -18 -19 19 -21 -22 -23 23 24 -26 -27 -28 28 -30 -31
leaf_value=0.10430609388038013 0.056102412579396681 -0.10215355901100963 -0.086040156385487621 0.092843984338896221 0.099995015131473394 -0.055747601715362999 0.27386348434311403 0.10452168825334501 0.078127197606533014 -0.061724043103027981 -0.063677087229581417 0.081761267517973385 -0.10213973192067959 0.15155654212823433 0.063985953796603184 0.096790135846302028 -0.068978898659651094 -0.058018176279735136 0.062611023163548205 -0.043191446612058572 0.10882471577922855 0.087339664007176535 -0.087758113837147919 0.0062006055689667501 -0.11631023264344026 0.12836391462411212 -0.069122601391750638 0.15961814460236678 -0.10288414114738549 0.013544836790586141
leaf_weight=14.291506312787531 16.442203875631098 20.983630365692086 15.313888759352265 1.9563474841415907 17.690924869850278 15.217007332481446 1.576323565095662 9.7188541172072274 12.079951516352592 13.523841114714747 18.168811643496159 12.535307772457598 14.589647153392432 1.7314650751650322 3.1102747824043027 5.9293171260505897 3.9457238186150789 23.868518493138254 8.0670830681920034 6.8139821933582416 1.094219054095446 5.2992839757353059 10.929767951369284 46.46092027798295 3.8979992382228366 3.2630744427442542 2.7161121275275937 1.3835747223347419 1.7772572543472049 13.053520463407038
leaf_count=371 119 1454 773 28 287 231 13 105 151 260 188 173 671 14 27 74 58 589 70 87 20 38 274 377 63 23 20 12 95 223
internal_value=-0.00158465 -0.00641745 -8.01337e-05 0.0047491 0.0271024 -0.00967368 0.0126476 0.0379311 0.0307702 0.0137914 0.00455053 0.0149376 -0.0504358 -0.0119971 -0.0450171 -0.0252506 0.0305546 -0.0465897 -0.0219668 0.0141645 -0.0787079 0.00552677 0.000347585 -0.0109309 0.00472884 0.0142174 0.038349 -0.0872068 0.0120196 -0.0237528
internal_weight=327.43 313.139 287.9 272.586 106.902 165.684 89.2114 53.5115 51.9352 42.2163 122.824 101.545 42.8602 30.1364 21.2791 35.6999 9.87504 25.8249 28.4049 14.8811 25.2387 89.0094 83.7101 64.5518 53.622 49.724 19.1583 24.1445 3.16083 28.2705
internal_count=6888 6517 4936 4163 1736 2427 1449 700 687 582 1302 1087 1125 431 215 749 132 617 417 157 1581 914 876 737 463 400 139 1561 107 454
is_linear=0
shrinkage=0.1


Tree=31
num_leaves=31
num_cat=0
split_feature=17 10 17 6 29 35 11 6 37 23 18 19 23 2 17 34 34 0 2 11 22 1 8 11 0 1 1 6 13 8
split_gain=15.0441 12.8589 10.7611 10.1043 8.07673 8.17654 12.3948 7.5345 7.44355 6.55163 4.94524 4.84735 4.75858 4.7204 4.65827 4.45688 4.38491 4.15985 3.96469 3.95617 3.87836 3.75006 3.69419 3.55589 8.33637 4.55409 4.43583 3.58035 3.52083 3.50017
threshold=1.0000000180025095e-35 32.551058500000011 104.50000000000001 11.500000000000002 4.5000000000000009 0.98830850000000015 1.0000000180025095e-35 52.000000000000007 99.995000000000019 5.6400000000000009e-08 2.3812026070000005 4.2385644550000015 1.0000000180025095e-35 131038.38500000002 3513.5000000000005 13.821500000000002 1.3474375000000001 53479.560000000005 15023.825000000003 0.48988950000000003 56.500000000000007 4044.8800000000006 0.0010815000000000002 3.0000060000000004 92.355000000000004 4.6800000000000006 54.915000000000006 3.5000000000000004 683.49976400000014 0.00044750000000000004
decision_type=2 2 2 2 2 2 2 2 2 2 2 2 2 2 2 2 2 2 2 2 2 2 2 2 2 2 2 2 2 2
left_child=-1 2 3 4 5 8 10 -4 9 11 13 -2 23 16 -9 17 -7 -8 -11 -17 -6 -5 -12 -13 25 -25 -27 -28 -3 -23
right_child=1 28 7 21 20 6 15 14 -10 18 22 12 -14 -15 -16 19 -18 -19 -20 -21 -22 29 -24 24 -26 26 27 -29 -30 -31
leaf_value=0.10388152041539678 0.0084442295148783007 -0.086528352550707247 -0.091214330469233662 0.087832375002348265 -0.075937680454766676 0.12376048624580203 0.10077249906723747 0.052120807098856609 0.20301147321858393 0.15389368864694916 0.045690737816539394 -0.063620607782079272 0.17010170177136608 -0.067255255873550454 -0.08742171294267545 -0.089900962690905889 -0.0071977478763443209 -0.050643974892326797 -0.10326809496227091 0.083905672016684585 0.098466528209080417 0.14461884074118686 -0.12436681141552219 -0.093442566784538661 0.18433811939174194 0.19776394803782327 -0.096873190650757987 0.10123916010048978 0.093117237101274231 -0.038163394517261605
leaf_weight=12.981645990163086 96.808880723081529 22.029009328223768 20.422971918247644 19.49285503663123 17.236215302720669 4.6239592619240302 27.360214966349307 7.9785112300887686 1.6718971356749524 0.64014579355716605 1.641154279001056 23.251852184534073 1.1090115103870619 4.9673239821568123 3.4167560404166579 2.820419665426015 5.7191681619733572 1.9432612247765053 9.4442609846591932 2.4448164999485016 1.3769316738471378 1.3202807903289784 5.7632676111534238 5.8600739147514087 2.0956928096711627 1.2701913453638551 2.2925450811162595 1.5151001773774622 1.1478122370317567 5.0737656569108367
leaf_count=371 1008 1561 992 292 432 38 398 84 11 4 19 616 16 130 58 26 52 21 265 23 34 8 95 133 24 10 44 21 20 82
internal_value=-0.00153315 -0.00605341 -0.000119279 0.00691189 1.33641e-05 0.00578746 0.0378043 -0.0548654 -0.00677792 -0.0092088 -0.0195799 -0.00336758 -0.0339467 0.0128683 0.0102804 0.075511 0.0513479 0.0907313 -0.0869438 -0.00919702 -0.0630359 0.0660337 -0.0866744 -0.0401831 0.00162926 -0.0333776 0.0359404 -0.0180423 -0.0776316 -0.00042143
internal_weight=315.72 302.738 279.562 247.743 221.856 203.243 57.2836 31.8182 145.96 144.288 22.7149 134.203 37.3945 15.3105 11.3953 34.5687 10.3431 29.3035 10.0844 5.26524 18.6131 25.8869 7.40442 36.2855 13.0336 10.9379 5.07784 3.80765 23.1768 6.39405
internal_count=6888 6517 4936 3802 3420 2954 802 1134 2152 2141 334 1872 864 220 142 468 90 419 269 49 466 382 114 848 232 208 75 65 1581 90
is_linear=0
shrinkage=0.1


Tree=32
num_leaves=31
num_cat=0
split_feature=17 10 2 6 11 17 0 18 29 8 3 35 21 22 44 2 36 17 10 9 1 6 19 6 13 6 1 21 1 2
split_gain=13.5102 11.3218 9.72937 7.16622 8.74146 8.29608 6.81231 6.93361 6.19319 5.12044 5.2758 4.41518 4.22968 3.77881 3.70642 4.2929 3.64507 5.24207 3.72992 3.6654 4.47481 3.52723 3.45462 3.41911 2.91331 2.86462 6.35041 4.22964 5.91914 4.81462
threshold=1.0000000180025095e-35 32.551058500000011 638962.30500000005 3.5000000000000004 2.0498710000000004 24.500000000000004 110.29500000000002 0.48819402000000006 4.5000000000000009 0.00054000000000000012 5.5000000000000009 221774.96500000003 -2.1647324329999997 5.5000000000000009 33.500000000000007 20180.535000000003 13.083503000000002 267.50000000000006 0.78446700000000014 3.0001820000000001 21173.415000000005 8.5000000000000018 20.828079855000002 16.500000000000004 683.49976400000014 1.5000000000000002 42.645000000000003 0.00087149999999995011 511.31500000000005 1955.3750000000002
decision_type=2 2 2 2 2 2 2 2 2 2 2 2 2 2 2 2 2 2 2 2 2 2 2 2 2 2 2 2 2 2
left_child=-1 2 3 5 6 8 16 -8 12 -9 -11 13 -2 21 24 -16 18 -18 19 20 -5 -12 25 -15 -3 26 -14 29 -29 -27
right_child=1 14 -4 4 -6 -7 7 9 -10 10 11 -13 22 23 15 -17 17 -19 -20 -21 -22 -23 -24 -25 -26 27 -28 28 -30 -31
leaf_value=0.10350016034820193 -0.14146827381950283 -0.097058153108514317 -0.083338650705502115 -0.066925859799538842 0.093695668609345611 -0.093639899787157699 0.23981546913514704 0.096460871148590199 -0.10966227340944593 0.071200209326888697 -0.038262657764854824 0.10643024346194799 0.0052054402197689101 -0.10488981733258858 0.18968626530925592 -0.10362331484789603 0.092801992750190285 -0.062425118512211636 -0.081048607029261352 0.12281872929125981 0.089205451146733866 0.05941681360519846 -0.064610573782399677 0.021130693566208784 0.089586001484434838 -0.043077824878148124 -0.082374427263057687 0.064241081583456955 -0.025347806127141159 0.092678259089214149
leaf_weight=11.787353759631513 2.0519196074455968 18.685731477104135 13.36789887677878 7.2679470796138066 15.703916741535066 10.794817444868384 1.6094509046524752 9.1046962365508062 5.2356268335133782 11.250376632437108 7.5745507534593397 2.9313632370904079 74.746643120422959 7.5410551158711296 1.0785549804568284 0.92863201163709153 5.4849032368510944 3.6057261331006885 12.484716213308273 1.9472214831039298 2.4559775972738862 7.2211496159434319 7.1435152171179643 3.0131768714636564 0.87547537870705028 3.2342875972390202 9.3105716835707408 11.142882384359835 21.808549632318318 13.587004475295542
leaf_count=371 23 1511 773 169 287 535 13 105 122 151 120 38 874 181 7 48 74 58 381 27 40 64 211 28 15 22 131 96 279 134
internal_value=-0.00146961 -0.00568982 -0.00015233 0.00415364 0.0252472 -0.00900151 0.0123729 0.0356081 -0.00283903 0.0288506 0.013279 -0.00976223 0.00107137 -0.0231983 -0.0754258 0.0539856 -0.0227428 0.0312324 -0.0430554 -0.00241379 -0.0274917 0.00941052 0.00314609 -0.0689116 -0.0887048 0.00676278 -0.00449532 0.0257757 0.00494764 0.066576
internal_weight=304.976 293.188 271.62 258.252 99.1962 159.056 83.4923 50.2458 148.261 48.6364 39.5317 28.2813 143.025 25.3499 21.5684 2.00719 33.2465 9.09063 24.1559 11.6711 9.72392 14.7957 140.973 10.5542 19.5612 133.83 84.0572 49.7727 32.9514 16.8213
internal_count=6888 6517 4936 4163 1736 2427 1449 700 1892 687 582 431 1770 393 1581 55 749 132 617 236 209 184 1747 209 1526 1536 1005 531 375 156
is_linear=0
shrinkage=0.1


Tree=33
num_leaves=31
num_cat=0
split_feature=17 10 17 6 6 29 35 11 37 35 23 3 8 23 9 34 17 1 8 22 21 2 18 0 11 0 22 11 1 12
split_gain=12.1411 10.1313 8.76469 8.17403 6.96702 6.45869 6.75475 9.71924 5.98006 5.63064 4.43352 4.86871 4.47338 4.09221 5.81888 4.85708 3.89133 3.85588 3.48664 3.90875 3.42856 4.75294 3.15716 3.56541 3.81308 3.49197 3.12042 3.20968 3.10447 3.08212
threshold=1.0000000180025095e-35 32.551058500000011 100.50000000000001 11.500000000000002 52.000000000000007 4.5000000000000009 0.98830850000000015 1.0000000180025095e-35 99.995000000000019 0.024962000000000002 12987.496950000002 2.5000000000000004 0.00044750000000000004 13.370000045000001 0.49996300000000005 1.0000000180025095e-35 3513.5000000000005 2106.4200000000005 0.49995800000000007 3.5000000000000004 0.13928681300000004 10741.445000000002 4.2035192490000011 519.00500000000011 11.080565500000001 2604.6400000000003 84.500000000000014 10.529690000000002 4044.8800000000006 2.3122780000000005
decision_type=2 2 2 2 2 2 2 2 2 2 2 2 2 2 2 2 2 2 2 2 2 2 2 2 2 2 2 2 2 2
left_child=-1 2 3 5 -4 6 8 10 9 22 11 18 -13 -9 -15 -16 -6 -17 19 -8 -3 -22 29 24 -24 -25 27 -7 -5 -2
right_child=1 20 4 28 16 26 7 13 -10 -11 -12 12 -14 14 15 17 -18 -19 -20 -21 21 -23 23 25 -26 -27 -28 -29 -30 -31
leaf_value=0.10315735170322167 0.00053996876832774164 -0.091880689312710734 -0.088810941909050145 0.084756069388620625 0.048686206397872939 -0.080057619616320852 -0.06171378941032462 0.10239813721549421 0.18507600660297882 -0.097755362832383341 0.07795536939046542 0.10458875808510791 -0.12264689546512778 -0.11386101731060226 0.13476097344252425 0.06338016491647773 -0.08333211427974134 -0.086276028005685151 0.13889455537754034 0.10086999443183838 0.14991169221571812 -0.10227843457160601 -0.069692269546353033 0.075745620915388209 0.032500456060492212 -0.051458938930374835 0.13710149223433873 0.10604591326656648 0.0010699433572201335 0.074962483530439342
leaf_weight=10.699276152998207 94.117543812841177 16.816691366024319 18.589709362015132 16.985699929296974 7.9259775998070818 15.112961696460847 5.5552201615646535 17.706008498556912 1.6156697385013092 6.7162239365279666 4.0171264950186005 0.98585184197872688 7.1456798622384667 2.3333447854965916 4.963291307911275 4.5363014712929726 3.1082829581573606 2.7746303575113416 1.730568580329418 2.0151007790118456 1.500913395546376 1.4884181432425974 19.633066007867459 5.2386328699067217 4.4853570759296408 3.6698911245912313 0.77250112965702911 0.9872688967734583 5.9982025464996687 5.914374189451336
leaf_count=371 1024 1468 1016 287 87 439 134 308 11 229 33 9 113 23 46 49 58 41 15 28 13 100 545 86 73 99 14 8 85 76
internal_value=-0.00141915 -0.00535281 -0.000189692 0.00627165 -0.0514483 0.000131331 0.00526326 0.0354339 -0.00620897 -0.00842004 -0.0167525 -0.038577 -0.0950973 0.0700749 0.0308955 0.0584139 0.0114975 0.00658294 0.0108373 -0.0184365 -0.0743389 0.0243437 -0.00391079 -0.0307186 -0.0506873 0.0233434 -0.0592258 -0.0686457 0.0629162 0.00494019
internal_weight=295.14 284.441 264.634 235.011 29.624 212.027 195.154 53.7631 141.391 139.775 21.4495 17.4324 8.13153 32.3136 14.6076 12.2742 11.0343 7.31093 9.30089 7.57032 19.806 2.98933 133.059 33.0269 24.1184 8.90852 16.8727 16.1002 22.9839 100.032
internal_count=6888 6517 4936 3775 1161 3403 2942 799 2143 2132 332 299 122 467 159 136 145 90 177 162 1581 113 1903 803 618 185 461 447 372 1100
is_linear=0
shrinkage=0.1


Tree=34
num_leaves=31
num_cat=0
split_feature=17 10 2 6 11 17 29 0 18 1 21 43 8 18 21 22 38 8 29 12 19 9 12 11 0 2 23 36 17 10
split_gain=10.9132 9.02479 7.893 5.93307 7.11717 6.98103 5.33805 4.42789 5.39245 5.22603 4.44433 3.94355 3.923 3.70975 4.04072 3.51404 5.69737 3.39229 3.32937 2.9441 3.04023 2.88955 3.0768 2.92422 4.02468 8.44783 4.66622 2.86473 3.60803 2.84172
threshold=1.0000000180025095e-35 32.551058500000011 638962.30500000005 3.5000000000000004 6.0722995000000006 32.500000000000007 4.5000000000000009 167.48500000000004 0.5393536160000002 783.53000000000009 0.00091615300000000017 27.500000000000004 0.00054000000000000012 4.2035192490000011 0.024441590000000003 6.5000000000000009 127892.10360000002 963.33849650000013 4.5000000000000009 0.49919750000000013 7.105064317000001 4.9998530000000008 17.050000000000004 0.0098205000000000011 11.970000000000002 26067.075000000001 1.3328974445000001 10.005330000000002 173.00000000000003 0.78446700000000014
decision_type=2 2 2 2 2 2 2 2 2 2 2 2 2 2 2 2 2 2 2 2 2 2 2 2 2 2 2 2 2 2
left_child=-1 2 3 5 7 6 13 10 -9 -10 -5 17 18 -2 21 19 -17 -3 -11 -14 -21 -15 23 -23 26 -26 -25 29 -29 -12
right_child=1 11 -4 4 -6 -7 -8 8 9 12 27 -13 15 14 -16 16 -18 -19 -20 20 -22 22 -24 24 25 -27 -28 28 -30 -31
leaf_value=0.1028489854851103 0.0079369701509670234 -0.093045671196851934 -0.080217725630942885 0.068325262500545977 0.10795683502386633 -0.09938423192730414 -0.10796832305239978 0.20342093453672028 0.080020552933654426 0.13149409556117753 -0.0069055102485908269 0.35079131416875836 -0.13128168450322494 -0.097304931225770733 0.15929836649836185 -0.099083622991863379 0.090562019476811875 0.047275964015324065 -0.025317001816239967 0.087767944255508962 -0.0046968606657789109 -0.12051022043642341 -0.085414908984584648 -0.067717248787301926 0.20692359254450304 -0.059381674338245739 0.13069134559671278 0.077449689351427861 -0.060830701049902319 -0.078794514685368522
leaf_weight=9.7086525335907918 114.19709726516157 16.117843081243343 11.768453097902237 5.7778400601819149 9.0312257893383485 7.9985405271872869 4.7265394171699873 1.8179781418293703 13.505467041395603 4.005021631717681 10.134530266746884 0.21701640076935191 1.2406683936715186 6.7652429547160926 1.0463339053094376 7.5381469689309579 2.0055939620360732 1.929026624187826 2.0454781986773014 5.5812018252909175 9.7993426742032153 1.6602761792019034 5.3674620436504474 5.6948919529095274 2.7472068443894386 2.1031296439468861 1.4969122987240551 4.8847799757495514 3.074537550099194 12.020667001605032
leaf_count=371 1281 1547 773 96 182 477 136 14 199 37 221 8 10 134 22 186 28 26 29 57 155 28 129 143 22 44 11 71 57 394
internal_value=-0.00135794 -0.00501959 -0.000211344 0.00361196 0.0236308 -0.00842278 -0.00343284 0.0145027 0.0345202 0.0278043 -0.0120102 -0.0729511 0.00591401 6.93998e-05 -0.0333534 -0.0108668 -0.0592301 -0.0780467 0.0784813 0.0169029 0.0288562 -0.0411559 -0.0212364 0.00390335 0.0210565 0.0914523 -0.0264202 -0.0274236 0.0240345 -0.0459101
internal_weight=286.007 276.298 258.035 246.266 92.4625 153.804 145.805 83.4313 47.5389 45.7209 35.8924 18.2639 32.2155 141.079 26.8815 26.165 9.54374 18.0469 6.0505 16.6212 15.3805 25.8351 19.0699 13.7024 12.0421 4.85034 7.1918 30.1145 7.95932 22.1552
internal_count=6888 6517 4936 4163 1736 2427 1950 1554 715 701 839 1581 502 1814 533 436 214 1573 66 222 212 511 377 248 220 66 154 743 128 615
is_linear=0
shrinkage=0.1


Tree=35
num_leaves=31
num_cat=0
split_feature=17 10 17 6 6 29 35 39 23 37 23 2 35 4 2 13 22 0 0 19 23 1 2 21 5 0 0 9 12 1
split_gain=9.81569 8.01602 7.09686 7.47865 5.78342 5.21341 5.38776 7.96663 5.06684 4.62185 4.94222 4.37482 3.57643 4.90893 3.57443 3.4968 3.26615 3.22755 3.0859 3.01903 4.18298 2.99656 2.96684 4.97705 5.34188 3.78746 5.05565 7.20614 7.41695 3.91319
threshold=1.0000000180025095e-35 46.603889000000002 100.50000000000001 11.500000000000002 52.000000000000007 4.5000000000000009 0.98830850000000015 0.51360250000000007 12987.496950000002 99.995000000000019 5.6400000000000009e-08 153907.82500000004 20035.500000000004 5.5000000000000009 15023.825000000003 1.0979420000000002 113.00000000000001 323.55000000000007 42563.910000000011 4.2385644550000015 1.0000000180025095e-35 4044.8800000000006 1492.3900000000001 0.12852820150000002 1.0000000180025095e-35 1.0000000180025095e-35 7.705000000000001 0.47342750000000006 0.58659800000000006 2528.2000000000003
decision_type=2 2 2 2 2 2 2 2 2 2 2 2 2 2 2 2 2 2 2 2 2 2 2 2 2 2 2 2 2 2
left_child=-1 2 3 5 -4 6 9 11 -9 10 19 -8 18 -14 -12 -13 -7 -6 -3 22 -21 -5 23 24 -2 -24 -27 -28 -29 -30
right_child=1 12 4 21 17 16 7 8 -10 -11 14 15 13 -15 -16 -17 -18 -19 -20 20 -22 -23 25 -25 -26 26 27 28 29 -31
leaf_value=0.10257144529442935 -0.036458250316210791 -0.10225289238452524 -0.085321744874091818 0.084764871858559965 -0.032040178222645939 -0.065547843867063207 0.080350172016464896 -0.066925293479809703 0.06749406296533314 0.1649363153225305 0.139920725157859 -0.039427429617034375 0.18321786286800701 -0.10301661019730453 -0.10201028744020227 0.072587327740770397 0.17385717623020161 0.083169137507333943 0.21880242695391461 -0.035917613701020416 0.16209792260438427 0.00075481445392059179 0.045315876161130982 0.1192895712343264 0.13552439832815752 -0.10030741263799881 -0.044551636720853105 0.21503647811621307 0.07021833213815569 -0.052309352719051974
leaf_weight=8.807311309501527 32.083521910011768 12.871067911386486 16.683490775525573 15.477144880220296 6.7951457155868393 14.854275928810235 24.907916880212724 10.543334993533788 3.8203340331092468 1.5616462677717198 0.66356022655963709 6.8830281430855376 1.1810359898954623 1.2161203091964123 7.6653246320784092 4.683020344004035 0.59259679354727346 3.7867015572264791 0.30650895275175649 31.989866994321346 1.1036153659224499 5.8508577505126587 29.038417797535658 2.5046153441071501 1.9137585535645474 4.7174011673778322 11.999467422254385 2.557909717783331 7.31575660407543 4.0492278207093477
leaf_count=371 445 1369 1032 289 91 466 419 133 31 12 4 156 10 82 261 68 7 60 16 899 16 88 231 13 14 72 105 20 50 58
internal_value=-0.00131498 -0.00470854 -0.000439175 0.00535627 -0.0486422 -0.00049481 0.00404723 0.0319082 -0.0311735 -0.00613058 -0.00807201 0.0567502 -0.0743469 0.038006 -0.0827357 0.00592664 -0.0563634 0.00918734 -0.0947852 -0.00326155 -0.0293141 0.0617186 0.00570257 -0.0167546 -0.0267771 0.0194384 -0.00508668 0.0122418 0.0611893 0.026563
internal_weight=278.424 269.617 254.042 226.777 27.2653 205.449 190.002 50.8376 14.3637 139.164 137.602 36.474 15.5747 2.39716 8.32888 11.566 15.4469 10.5818 13.1776 129.274 33.0935 21.328 96.1801 36.5019 33.9973 59.6782 30.6398 25.9224 13.9229 11.365
internal_count=6888 6517 5040 3857 1183 3480 3007 807 164 2200 2188 643 1477 92 265 224 473 151 1385 1923 915 377 1008 472 459 536 305 233 128 108
is_linear=0
shrinkage=0.1


Tree=36
num_leaves=31
num_cat=0
split_feature=17 10 2 6 19 17 9 3 6 29 0 43 13 4 21 21 21 0 1 6 24 2 5 10 22 22 19 21 17 21
split_gain=8.83324 7.21267 6.52818 5.21866 6.07813 5.85993 7.92199 5.25949 4.67645 4.58635 4.5396 3.85315 3.5062 3.08665 3.05296 2.90934 4.23674 7.32026 5.52594 3.44901 3.2221 3.22177 2.83971 4.13942 2.80739 3.46374 2.79408 2.77434 2.77113 3.00873
threshold=1.0000000180025095e-35 46.603889000000002 638962.30500000005 3.5000000000000004 20.828079855000002 32.500000000000007 61.643249000000004 2.5000000000000004 9.5000000000000018 4.5000000000000009 21.660000000000004 35.500000000000007 683.49976400000014 15.500000000000002 -1.3587183549999997 0.00041293500000000007 0.00062500000000000012 1.4650000000000001 342.00000000000006 1.5000000000000002 9.7550000000000024e-13 2829.9250000000006 1.0000000180025095e-35 0.17499850000000003 1.0000000180025095e-35 3.5000000000000004 2.6806143345000004 -1.0000000180025095e-35 3513.5000000000005 0.25306638800000009
decision_type=2 2 2 2 2 2 2 2 2 2 2 2 2 2 2 2 2 2 2 2 2 2 2 2 2 2 2 2 2 2
left_child=-1 2 3 4 9 6 7 22 26 13 -9 12 -3 14 -2 20 17 21 19 -18 27 -17 -5 -24 -20 -26 -7 -16 29 -10
right_child=1 11 -4 5 -6 8 -8 10 28 -11 -12 -13 -14 -15 15 16 18 -19 24 -21 -22 -23 23 -25 25 -27 -28 -29 -30 -31
leaf_value=0.10232151853835879 -0.10217154732693304 -0.093686488266946533 -0.077283143738034105 0.096414760361689542 -0.079230603306097325 0.093158390416031758 0.21800961267771274 -0.08653317035402569 -0.0013976889569079361 -0.10674648479858007 0.024494891873748485 0.34918549428286211 0.10244807602400433 -0.09811890560574979 -0.025945801137324139 -0.07848332725142268 0.014929108674334626 0.20969713474959653 -0.046050331463772305 0.076383398496979421 -0.03467977066753624 0.0012950485266221036 0.1193576261930559 -0.078201946010342097 0.053710579503192891 -0.11402678415045103 -0.088568213791352102 0.085102823830721472 -0.079562737123117011 0.076674116262316835
leaf_weight=7.9876586608588687 2.7085344828665248 13.060481341090048 10.584430379327385 14.956607157364489 11.196211778558789 0.94105373788624902 2.472873291000723 4.2649520784616497 14.752453443594282 4.104822725057601 26.969050687737763 0.21234720293432552 0.97981793247163373 3.0965805687010279 2.7815087027847776 14.772842902690178 45.520490679889917 1.1299795582890499 20.702781993895773 11.424528595060108 4.2973017431795588 7.7007525041699401 1.826807465404271 2.528582101687789 6.7228877926245314 1.5070455269888041 8.3815619535744172 11.767755981534719 2.878764994442462 7.4184515327215186
leaf_count=371 32 1453 789 306 644 8 44 104 220 127 366 5 19 145 21 349 422 7 303 108 28 66 29 90 94 27 478 116 55 62
internal_value=-0.00126918 -0.00443146 -0.00044656 0.0029875 -0.00836455 0.0223989 0.0432487 0.0346988 -0.00976169 -0.00262494 0.00933419 -0.0736047 -0.079999 0.00056145 0.00289341 0.00511095 -0.00113621 -0.0386592 0.00917702 0.0272583 0.0414012 -0.0511466 0.0757219 0.00466166 -0.0264104 0.0229949 -0.0702242 0.0638727 0.0127403 0.0247254
internal_weight=269.65 261.662 247.41 236.825 149.434 87.3912 53.0189 50.546 34.3723 138.238 31.234 14.2526 14.0403 134.133 131.036 128.328 109.481 23.6036 85.8777 56.945 18.8466 22.4736 19.312 4.35539 28.9327 8.22993 9.32262 14.5493 25.0497 22.1709
internal_count=6888 6517 5040 4251 2489 1762 939 895 823 1845 470 1477 1472 1718 1573 1541 1376 422 954 530 165 415 425 119 424 121 486 137 337 282
is_linear=0
shrinkage=0.1


Tree=37
num_leaves=31
num_cat=0
split_feature=17 18 23 2 6 4 0 29 6 19 3 7 34 13 3 8 11 21 27 8 10 19 6 8 1 0 21 8 4 21
split_gain=7.95426 6.5184 6.02099 6.74477 5.34904 8.26945 4.94157 4.93112 4.0501 4.6431 4.06984 4.64952 4.64172 3.93987 3.9012 3.77731 4.69721 3.60999 3.30697 3.20104 5.61523 3.26913 3.06458 3.02289 3.0003 2.68713 2.63065 5.15827 3.54555 2.93933
threshold=1.0000000180025095e-35 100.99752315000002 4.0000000000000006e-14 30136.225000000002 7.5000000000000009 25.500000000000004 42563.910000000011 4.5000000000000009 2.5000000000000004 20.828079855000002 2.5000000000000004 2.5000000000000004 24.292828500000002 3.5884820000000004 21.500000000000004 0.00030750000000000005 0.0045324999999999506 -1.0000000180025095e-35 20.500000000000004 0.0098130000000000023 0.021036500000000003 26.248782275000003 8.5000000000000018 0.00022100000000000003 672.16000000000008 2381.5150000000003 0.00041293500000000007 0.049811500000000009 3.5000000000000004 0.00062500000000000012
decision_type=2 2 2 2 2 2 2 2 2 2 2 2 2 2 2 2 2 2 2 2 2 2 2 2 2 2 2 2 2 2
left_child=-1 4 6 -4 5 7 -3 8 9 17 19 -12 15 -6 22 -13 25 -2 -9 20 -10 -21 23 -5 -22 -17 27 -19 29 -28
right_child=1 2 3 14 13 -7 -8 18 10 -11 11 12 -14 -15 -16 16 -18 26 -20 21 24 -23 -24 -25 -26 -27 28 -29 -30 -31
leaf_value=0.10209634204808937 -0.079336635822269561 -0.10349225723447891 0.15618009927731477 0.17704492546299114 0.01820312602683561 -0.094243174926701923 0.41018400344510175 -0.097969907571367518 0.1229686491658087 -0.10724934140350172 -0.054348385269592382 0.17997624548708832 -0.10204671596639091 0.094211557520185854 -0.068556322734942846 -0.1193315000575268 0.077093848394434061 -0.012760040229355826 0.06889941443747967 0.077215719137481514 0.069190274089181353 0.23849327920596264 0.1080250127600923 -0.10504788871433589 -0.095842466737240922 0.020662363829285733 -0.031122069643215389 0.11818493425251131 -0.087026016073434687 0.010822635606919805
leaf_weight=7.2426612228155127 5.7866025781258932 13.591663735918701 2.1911708489060429 0.47881666105240528 29.633548064157367 9.8897309852763993 0.1898942310363062 7.6560719576664251 3.098628159612419 4.3857823172584167 9.237823086325081 1.9815924055874408 2.2699169591069213 8.8581281835213286 9.8497974020428938 2.3948045233264557 9.1469523110426945 6.7606017403304559 1.4056697953492401 9.8916555568575841 1.5689330734312532 1.4397942721843708 2.8557402407750487 1.8383152997121213 3.6983128488063812 3.2075157957151532 22.075820591300726 5.4202417992055416 4.8626014292240134 68.694377674721181
leaf_count=371 54 1524 25 8 418 778 6 278 59 201 206 19 21 255 595 46 117 55 36 151 28 9 35 94 144 64 415 43 141 692
internal_value=-0.00124028 -0.00418268 -0.0471566 -0.00772032 0.00178061 -0.00528056 -0.0964144 -0.000252565 0.00367052 -0.00628804 0.0281818 0.0038463 0.0321395 0.035695 -0.0316264 0.0503448 0.0329286 -0.00239021 -0.0720849 0.0630698 0.016153 0.0977079 0.0386927 -0.0467557 -0.0466848 -0.0391803 0.00173968 0.045508 -0.00383513 0.000621448
internal_weight=261.603 254.361 30.9954 17.2138 223.365 184.873 13.7816 174.984 165.922 117.986 47.9359 28.2386 19.0008 38.4917 15.0227 16.7309 14.7493 113.6 9.06174 19.6973 8.36587 11.3314 5.17287 2.31713 5.26725 5.60232 107.814 12.1808 95.6328 90.7702
internal_count=6888 6517 2287 757 4230 3557 1530 2779 2465 1601 864 473 267 673 732 246 227 1400 314 391 231 160 137 102 172 110 1346 98 1248 1107
is_linear=0
shrinkage=0.1


Tree=38
num_leaves=31
num_cat=0
split_feature=17 10 2 6 17 11 29 1 19 4 2 6 5 18 34 9 9 5 19 1 9 2 36 23 10 12 2 9 34 0
split_gain=7.16204 5.75296 5.31123 3.88992 4.96787 4.71198 3.76072 3.31984 5.39467 4.37334 4.30433 3.42298 3.50298 4.3673 3.40402 3.00492 7.3703 5.89086 4.90469 5.92352 4.10666 3.80729 3.08201 3.31912 2.97785 3.58447 3.07859 2.97413 2.92127 3.52274
threshold=1.0000000180025095e-35 46.603889000000002 638962.30500000005 3.5000000000000004 32.500000000000007 6.0722995000000006 4.5000000000000009 1288.6400000000001 0.51631950000000015 54.500000000000007 940.96000000000015 78.500000000000014 1.0000000180025095e-35 0.5393536160000002 1.0507255000000002 0.64200000000000013 0.49996300000000005 1.0000000180025095e-35 0.99993702000000007 3015.4000000000005 0.51024150000000013 33.125000000000007 104.02107650000001 9.1231478620000015 1.7715860000000003 1.1090665000000002 316993.21000000002 99.997500000000016 1.4698085000000003 1639.1450000000002
decision_type=2 2 2 2 2 2 2 2 2 2 2 2 2 2 2 2 2 2 2 2 2 2 2 2 2 2 2 2 2 2
left_child=-1 2 3 4 6 7 15 9 -9 10 -5 12 13 -10 24 16 17 -2 -17 21 -18 -20 23 -23 25 -15 -27 -12 -16 -30
right_child=1 -3 -4 5 -6 -7 -8 8 11 -11 27 -13 -14 14 28 18 20 -19 19 -21 -22 22 -24 -25 -26 26 -28 -29 29 -31
leaf_value=0.10189338958481953 -0.015395755476080845 -0.07063475640123823 -0.073896659721510355 -0.075188823305483113 -0.096577440926471358 0.096660789790962431 -0.10564145975645688 0.12506403150728293 0.19040052016736364 -0.016303518109336803 0.063274560918956266 0.14849322237630228 -0.10004509066078918 -0.10179188976703978 0.13694263322020933 -0.10387299868274823 0.13131614676903211 0.084419322496248672 -0.070072789896638149 -0.064957234695476179 0.019089637226278221 0.015437739571623817 -0.093394907489331658 0.10831592244816249 -0.083016885199813095 0.046831000005352161 -0.071375636505477555 0.20943241056829046 0.098713771324824312 -0.068946474146112963
leaf_weight=6.5658194422721854 45.176858866587281 12.285806542728094 9.4492805055342597 2.1404307913035181 5.9771228036843231 7.2922980030998579 3.5092443176545194 2.8855004571378222 1.051694950088861 11.098382926080374 19.685474609024826 1.2135397419333447 4.9965870222076765 3.2403393988497617 2.2614578469656399 5.7367965076118699 7.3222673665732128 6.8030884638428679 5.4199583455920211 13.892823693808166 5.8781283162534237 37.160150812007487 2.3196069654077283 4.2920617256313554 8.4458922278135997 8.7497684839181584 2.9447955139912656 1.4982056487351645 2.1424851603806019 3.0192295173183084
leaf_count=371 454 1477 789 24 479 184 142 36 10 193 322 7 317 56 33 80 73 74 152 426 64 463 23 59 314 105 88 14 26 33
internal_value=-0.00119204 -0.00392245 -0.000443665 0.00262538 -0.00732921 0.0199041 -0.0034499 0.012478 -0.00676332 0.0353688 0.0599562 -0.0167562 -0.0221979 -0.00998747 -0.016829 -0.000773705 0.0146137 -0.00233205 -0.015347 -0.0072966 0.0813417 0.00898801 0.0187776 0.0250546 -0.0355599 -0.00872229 0.0170655 0.0736115 0.0421676 0.000644662
internal_weight=254.455 247.889 235.603 226.154 143.488 82.6661 137.511 75.3738 40.9513 34.4225 23.3241 38.0658 36.8523 31.8557 30.804 134.002 65.1803 51.9799 68.8214 63.0846 13.2004 49.1918 43.7718 41.4522 23.3808 14.9349 11.6946 21.1837 7.42317 5.16171
internal_count=6888 6517 5040 4251 2489 1762 2010 1578 1025 553 360 989 982 665 655 1868 665 528 1203 1123 137 697 545 522 563 249 193 336 92 59
is_linear=0
shrinkage=0.1


Tree=39
num_leaves=31
num_cat=0
split_feature=17 18 23 2 6 4 13 21 29 6 21 19 11 21 22 1 2 6 1 9 12 17 21 27 21 1 2 10 10 11
split_gain=6.44928 5.3104 5.22893 5.55156 4.29666 7.95172 3.98768 3.91542 3.37905 4.43522 4.19911 3.78516 3.54783 8.59348 6.78289 3.43896 3.2981 3.29228 3.42994 5.53808 3.43758 3.25554 3.69401 2.73055 2.47719 2.46837 2.40893 2.22338 3.65613 3.60922
threshold=1.0000000180025095e-35 100.99752315000002 4.0000000000000006e-14 30136.225000000002 9.5000000000000018 25.500000000000004 1431.262326 -2.1647324329999997 5.5000000000000009 2.5000000000000004 0.00042001000000000007 20.828079855000002 0.0010040000000000003 0.055878854500000005 1.0000000180025095e-35 5344.5000000000009 510934.1750000001 1922.0000000000002 5572.5100000000011 0.59970600000000007 4.9993990000000013 4.5000000000000009 0.0018877795000000004 19.500000000000004 0.014132205000000002 48280.030000000006 10741.445000000002 0.23216800000000001 1.0837335000000001 5.4537370000000012
decision_type=2 2 2 2 2 2 2 2 2 2 2 2 2 2 2 2 2 2 2 2 2 2 2 2 2 2 2 2 2 2
left_child=-1 4 6 -4 5 7 -3 -2 9 11 -11 25 21 14 15 27 -5 18 19 -6 -20 -12 -23 -10 -16 -9 -7 -14 -29 -30
right_child=1 2 3 16 17 26 -8 8 23 10 12 -13 13 -15 24 -17 -18 -19 20 -21 -22 22 -24 -25 -26 -27 -28 28 29 -31
leaf_value=0.10171039466511095 -0.0992334571328366 -0.10300637899886765 0.14520801666107849 0.0033516676889164807 -0.083545443335703518 0.14364150819879171 0.32359394668841712 0.00047596520895712272 -0.095144941488960938 0.10454198209425568 0.14441850644559495 -0.10536873598341656 -0.078690279143563843 0.24354668301490168 0.0940259064771828 -0.079948039418142672 -0.10167891235917809 -0.12058851567034155 0.040968112347540248 0.08466548543724163 -0.11023589491932009 0.11131981223940224 -0.060717855853058458 0.057644321576995367 -0.061842403218140697 -0.11485682618106795 -0.10372319857250858 0.10128718215133842 -0.094376780546171102 0.085455288988207243
leaf_weight=5.9511442221701136 3.8121580695733419 11.65886329067871 2.076174257323145 9.3510930310003442 2.1982677550986507 0.41154348850250144 0.22331513464450914 108.86432548379526 5.7180635896511367 6.6903718607500187 1.0432223994284857 3.622495968360453 2.0570869371295073 1.9035379476845253 11.414532120339571 5.7300040838308623 4.3948624571785322 1.2423604754731048 3.8345284061506382 17.853412695229053 2.4734604367986321 1.4197774995118368 10.322124382480977 1.4704693080857394 1.1196478232741345 1.8878644546493877 9.0722112618386728 4.4557850072160345 2.8956597642973065 1.8159313267096875
leaf_count=371 102 1527 25 243 19 2 3 1363 216 110 10 202 14 19 211 187 489 18 47 368 54 10 271 38 12 40 807 51 39 20
internal_value=-0.0011289 -0.00366801 -0.0448566 -0.007208 0.00168101 -0.00379008 -0.0949888 0.00100976 0.00322597 0.00614575 0.0307121 -0.00478005 0.0195311 0.0376163 0.0243231 -0.0169137 -0.0302288 0.0384945 0.0459923 0.0662245 -0.0183213 -0.0248748 -0.0399158 -0.0638907 0.0801026 -0.00148998 -0.0929889 0.0152648 0.0363476 -0.0250663
internal_weight=246.984 241.033 27.7043 15.8221 213.329 185.727 11.8822 176.243 172.431 165.242 50.8677 114.375 44.1773 31.3922 29.4886 16.9545 13.746 27.602 26.3597 20.0517 6.30799 12.7851 11.7419 7.18853 12.5342 110.752 9.48375 11.2245 9.16738 4.71159
internal_count=6888 6517 2287 757 4230 3724 1530 2915 2813 2559 954 1605 844 553 534 311 732 506 488 387 101 291 281 254 223 1403 809 124 110 59
is_linear=0
shrinkage=0.1


Tree=40
num_leaves=31
num_cat=0
split_feature=17 18 23 2 6 4 21 0 3 17 1 9 8 29 6 21 19 11 21 22 1 9 2 10 1 1 2 10 19 9
split_gain=5.81156 4.60333 4.82924 4.89809 3.62492 7.17516 3.41115 3.13045 2.99965 2.91506 3.65828 4.16942 2.98665 2.88469 3.74209 3.62057 3.42723 2.99031 7.3592 5.71019 2.98603 2.90024 2.79219 2.45276 2.27662 2.20802 2.15273 2.15268 3.86973 2.13016
threshold=1.0000000180025095e-35 100.99752315000002 4.0000000000000006e-14 319336.35000000003 9.5000000000000018 25.500000000000004 -2.1647324329999997 42563.910000000011 78.500000000000014 271.50000000000006 5572.5100000000011 0.59970600000000007 0.005676500000000001 5.5000000000000009 2.5000000000000004 0.00042001000000000007 20.828079855000002 0.0010040000000000003 0.055878854500000005 1.0000000180025095e-35 5344.5000000000009 0.99979000000000007 1659.7650000000001 0.074183999999999958 8526.0000000000018 48280.030000000006 10741.445000000002 1.0695955000000001 101.10838085000002 9.9999580000000012
decision_type=2 2 2 2 2 2 2 2 2 2 2 2 2 2 2 2 2 2 2 2 2 2 2 2 2 2 2 2 2 2
left_child=-1 4 7 8 5 6 -2 -3 -4 10 11 -6 -12 14 16 -16 25 21 19 20 -19 -17 -23 -15 -21 29 -7 28 -11 -8
right_child=1 2 3 -5 9 26 13 -9 -10 27 12 -13 -14 23 15 17 -18 18 -20 24 -22 22 -24 -25 -26 -27 -28 -29 -30 -31
leaf_value=0.10154532821547745 -0.095954147689194122 -0.1023118436832961 0.077090811002366519 -0.072433618874444314 -0.067734072337360493 0.13792004622167423 -0.0026610227035723348 0.24639278903413692 -0.054575862464187358 -0.10393438861429494 0.047326348561209867 0.093998176199987279 -0.094030917127024813 0.080937714581995918 0.098962776846117081 0.058145325599744092 -0.10489387621154495 0.014109331673096873 0.23036323549283588 0.097760318290296369 -0.076877146938126084 0.13867655434634077 -0.067518219528750548 -0.085988835335448585 -0.0068411095935904222 -0.11353381372759425 -0.10340695207958978 -0.13644205748817437 0.12224615195678044 0.063757259767641919
leaf_weight=5.3931255880743256 3.5612971223890773 10.624379304703325 6.4573958409018797 6.5317574958316973 1.7946250438690281 0.38701640069484611 103.81521789263934 0.26384241599589664 2.3636423298157752 1.4897732203826302 3.3743061255663624 14.256751031614838 2.6832488123327494 1.0375992767512787 6.3775034416466942 3.256785638164728 3.2918543503619722 10.939273833297202 1.8158283904194821 9.4485530499368888 5.3812908022664478 0.71160875633358855 8.5166276800446195 5.8044906510040164 2.6683379858732215 1.7271009637042869 8.2327075111679715 1.4744956297799943 1.5366876181215046 5.0643387464806429
leaf_count=371 102 1524 120 585 12 2 1284 6 52 28 41 328 56 15 110 33 202 124 19 184 187 6 252 239 39 40 807 29 12 79
internal_value=-0.00108993 -0.00344648 -0.0429214 -0.00679425 0.00151818 -0.00352128 0.000904967 -0.0938621 0.0418101 0.035993 0.0509268 0.0759157 -0.0152891 0.00293577 0.00560564 0.028678 -0.00434374 0.01819 0.0351825 0.0227196 -0.0158911 -0.0229857 -0.0516181 -0.0606745 0.0747254 -0.00135119 -0.0925716 -0.0373627 0.0109089 0.000428305
internal_weight=240.281 234.888 26.241 15.3528 208.647 182.037 173.418 10.8882 8.82104 26.6099 22.1089 16.0514 6.05755 169.856 163.014 49.1158 113.899 42.7383 30.2533 28.4375 16.3206 12.485 9.22824 6.84209 12.1169 110.607 8.61972 4.50096 3.02646 108.88
internal_count=6888 6517 2287 757 4230 3724 2915 1530 172 506 437 340 97 2813 2559 954 1605 844 553 534 311 291 258 254 223 1403 809 69 40 1363
is_linear=0
shrinkage=0.1


Tree=41
num_leaves=31
num_cat=0
split_feature=17 3 8 11 1 1 38 10 17 6 6 18 23 8 11 10 5 2 21 5 8 18 8 1 17 26 7 1 6 3
split_gain=5.23744 4.16738 4.39127 6.36786 4.39319 4.27447 3.23338 3.87962 3.45305 3.97974 3.66363 3.21334 3.44873 2.824 5.6744 3.10829 5.05738 4.94414 6.14676 3.77461 3.73242 4.35326 2.7247 2.66008 2.64049 2.6143 4.24208 4.24516 4.6894 2.77109
threshold=1.0000000180025095e-35 139.50000000000003 1.0000015000000002 1.0122040000000003 0.71000000000000008 9040.5200000000023 44130.347500000011 2.5057575000000005 32.500000000000007 5.5000000000000009 11.500000000000002 27.513834680000006 22335.874065000004 0.35497350000000005 0.19738450000000002 0.063721000000000014 1.0000000180025095e-35 1277.4750000000001 0.12852820150000002 1.0000000180025095e-35 0.00099750000000000034 0.20971250000000005 0.0013160000000000001 147.27000000000001 3.5000000000000004 1.5000000000000002 3.5000000000000004 5344.5000000000009 5.5000000000000009 4.5000000000000009
decision_type=2 2 2 2 2 2 2 2 2 2 2 2 2 2 2 2 2 2 2 2 2 2 2 2 2 2 2 2 2 2
left_child=-1 2 3 6 -5 -6 8 -8 10 -10 13 23 -13 15 -15 16 -2 18 -17 20 -19 -22 -23 -4 -18 26 29 -28 -29 -24
right_child=1 -3 11 4 5 -7 7 -9 9 -11 -12 12 -14 14 -16 17 24 19 -20 -21 21 22 25 -25 -26 -27 27 28 -30 -31
leaf_value=0.10139639628099928 -0.0066124228580837774 -0.088653602299591197 0.001174538846673087 -0.14575577402665019 0.082879033790219311 -0.054273474640463892 0.13194433397014013 -0.034166489693632569 -0.098324282552461617 -0.013713292036268114 0.081187866325497737 -0.09449989988569879 0.13587046855533289 0.091901829905954205 -0.0031873489106318932 -0.1086186435606747 0.024296643341174207 0.085742491706369078 0.11337707775607409 -0.088623558935934182 0.065194715403352699 -0.14425155469262019 -0.015758907505568943 -0.08146436179611867 0.14575794316826948 -0.11150953057144536 0.10035383383052046 -0.09339988695763568 0.094065231434229082 -0.10139103958517355
leaf_weight=4.8867046479135743 20.273469016887251 5.5718220057897261 21.324699411634359 1.0302431806921983 18.236194064375017 2.5958009255118659 3.7888096990063778 2.2356857908889651 7.4834474991075721 21.617721557151526 5.6780981644988051 9.8580924430862034 0.69570024125278074 9.0696412073448318 20.371419870760292 9.9870629608631116 3.2676156461238852 4.5905012586154035 1.4252577908337105 5.3422805801965287 6.7780985180288544 1.7309963004663576 18.628746639937166 4.7656581876799455 3.9575179759413004 2.6590990629047146 5.8912236182950419 3.4585947412997484 2.1725757420063019 4.7406882699578992
leaf_count=371 178 501 355 10 410 41 56 133 779 542 100 1438 19 121 352 169 32 63 12 227 65 32 243 108 68 93 58 99 51 162
internal_value=-0.0010439 -0.00322775 -0.00109957 0.00510305 0.05582 0.0657889 -0.00161083 0.0703007 -0.00433343 -0.0354712 0.0026357 -0.0327542 -0.079314 -0.000951314 0.0261059 -0.00934502 0.0189891 -0.0209042 -0.0808941 -0.00867722 -0.000245017 -0.00881483 -0.0215852 -0.0139203 0.0908262 -0.0159306 -0.00864654 0.0410104 -0.0210735 -0.0331301
internal_weight=234.113 229.227 223.655 187.011 21.8622 20.832 165.149 6.0245 159.124 29.1012 130.023 36.6442 10.5538 124.345 29.4411 94.9037 27.4986 67.4051 11.4123 55.9928 50.6505 46.06 39.2819 26.0904 7.22513 37.5509 34.8918 11.5224 5.63117 23.3694
internal_count=6888 6517 6016 4096 461 451 3635 189 3446 1321 2125 1920 1457 2025 473 1552 278 1274 181 1093 866 803 738 463 100 706 613 208 150 405
is_linear=0
shrinkage=0.1


Tree=42
num_leaves=31
num_cat=0
split_feature=34 34 34 34 34 2 8 18 21 43 21 39 3 7 6 22 22 9 8 2 21 11 21 1 0 21 6 19 0 0
split_gain=4.75532 7.77065 7.70158 5.29142 7.69319 5.08786 4.75567 5.44377 4.61938 4.08968 3.95963 3.19765 3.86722 5.57071 5.30489 3.5866 3.4113 3.61798 3.15093 3.40389 5.07879 3.18253 6.25578 3.09215 8.25684 3.73861 3.06044 2.98959 2.97175 5.29539
threshold=1.0507255000000002 1.0000000180025095e-35 1.3474375000000001 9.9375000000000018 13.821500000000002 30136.225000000002 0.00044750000000000004 72.437910335000012 54.627876035000007 25.500000000000004 0.41162843150000006 20979.950785000005 4.5000000000000009 3.5000000000000004 4.5000000000000009 4.5000000000000009 6.5000000000000009 0.49996300000000005 0.0014769999999999504 2255.1850000000004 0.018093484000000003 0.015111500000000002 0.00084000250000000013 34.865000000000009 11.970000000000002 0.00044100100000000006 7.5000000000000009 0.20006477800000003 323.55000000000007 1.0000000180025095e-35
decision_type=2 2 2 2 2 2 2 2 2 2 2 2 2 2 2 2 2 2 2 2 2 2 2 2 2 2 2 2 2 2
left_child=1 6 -2 -4 -5 -3 10 8 11 -9 -1 12 14 -14 15 18 17 -15 -8 20 23 22 -21 24 25 -20 -6 -24 29 -23
right_child=2 5 3 4 26 -7 7 9 -10 -11 -12 -13 13 16 -16 -17 -18 -19 19 21 -22 28 27 -25 -26 -27 -28 -29 -30 -31
leaf_value=0.062302302251811104 0.10563968965158743 0.079800292202320891 -0.082902727862868203 0.10580665689930378 -0.045683431687756543 -0.10611886611979265 -0.1001472607526947 -0.073922386160462233 0.16211433753218651 0.099890515548615999 -0.021105789517471801 0.13179499376954235 -0.10110982166600842 -0.10249698275869362 0.079726767341411042 -0.11469346580460703 -0.071074808271706272 0.045803483977860139 0.077349111867923342 0.13655689811122676 0.059035981177269159 0.045271419781722673 0.023861316694339149 -0.10138297244099909 0.13853844551654013 -0.05111911664985979 0.053998583747173756 -0.11113646578556576 0.083934929204705216 -0.056698048710547115
leaf_weight=18.601453587412838 10.177848963998256 1.6912683621048916 5.5943334195762899 7.8444937639869776 10.541048410348592 11.349590664962305 3.0412807436659923 16.876305604353551 1.6962917540222395 1.4717654194682825 8.2009731745347363 1.7117438092827786 9.4716336247511226 1.9492663117125655 8.3297309111803752 2.8172456123866132 5.6339639611542216 10.54093084624037 2.5132035827264252 1.8353566154837588 7.1788468994200221 19.525800064206127 2.3838522844016552 5.6081903018057337 2.9402717715129247 22.961182987317443 4.3514447165653101 5.2602212727069855 9.482813850976525 6.8898490089923135
leaf_count=519 324 10 153 237 135 657 22 2075 35 49 264 22 424 39 217 92 255 197 27 11 39 146 18 52 19 499 49 76 75 151
internal_value=-0.00101555 -0.00751117 0.0310269 0.0042227 0.0256595 -0.082007 -0.00202012 -0.00894772 -0.00184188 -0.0599802 0.0367812 -0.00398001 -0.00579058 -0.0389585 0.00329262 -0.00359497 -0.00647839 0.0226592 -0.000102568 0.0034117 -0.017397 0.0223053 -0.0292307 -0.0335244 -0.0201312 -0.0384449 -0.0165573 -0.0690366 0.035914 0.0186753
internal_weight=228.472 189.963 38.5092 28.3313 22.737 13.0409 176.922 150.12 131.772 18.3481 26.8024 130.075 128.364 27.5958 100.768 92.4381 18.1242 12.4902 89.6209 86.5796 41.2017 45.3779 9.47943 34.0228 28.4147 25.4744 14.8925 7.64407 35.8985 26.4156
internal_count=6888 5990 898 574 421 667 5323 4540 2416 2124 783 2381 2359 915 1444 1227 491 236 1135 1113 636 477 105 597 545 526 184 94 372 297
is_linear=0
shrinkage=0.1


Tree=43
num_leaves=31
num_cat=0
split_feature=17 2 8 11 2 17 6 43 34 34 34 2 11 10 9 17 10 1 0 18 34 1 1 29 13 13 12 12 10 13
split_gain=4.352 3.57474 3.54174 3.73304 4.2452 4.73869 3.49049 3.22848 3.41934 6.46392 5.51875 4.25247 4.13735 3.28286 5.67611 4.10752 3.82523 3.18381 3.12375 4.0089 2.86263 2.51182 3.37208 2.50287 3.23231 2.25585 3.29571 6.26354 3.26986 3.09529
threshold=1.0000000180025095e-35 942131.07500000007 3.5041790000000006 2.4547950000000003 332.22500000000008 2.5000000000000004 1.5000000000000002 31.500000000000004 1.0507255000000002 1.3474375000000001 1.0000000180025095e-35 30136.225000000002 1.0000000180025095e-35 1.2008055000000002 3.0001820000000001 32.500000000000007 0.40765500000000005 10513.635000000002 66.495000000000019 2.1992245215000001 9.9375000000000018 66893.49500000001 2955.8150000000005 1.5000000000000002 1431.262326 1.0435300000000003 0.50991150000000007 0.44969300000000006 0.99726700000000013 0.059540500000000003
decision_type=2 2 2 2 2 2 2 2 2 2 2 2 2 2 2 2 2 2 2 2 2 2 2 2 2 2 2 2 2 2
left_child=-1 2 3 7 -5 -6 -7 8 10 -10 13 -12 20 14 15 25 -16 -8 -15 -20 -11 22 -21 24 -4 26 27 29 -27 -2
right_child=1 -3 23 4 5 6 17 -9 9 12 11 -13 -14 18 16 -17 -18 -19 19 21 -22 -23 -24 -25 -26 28 -28 -29 -30 -31
leaf_value=0.10116841795111227 0.021084685614446583 -0.10161817694053805 -0.068197548771435912 -0.10945973636704526 0.25877285140944101 -0.080579709615006781 0.078695796139189034 0.12726880862900644 0.11152433543705964 -0.12875120170842375 0.069167741353132792 -0.10444563713779156 0.049009532542589454 -0.063289927745328739 -0.061535766412592285 -0.077487215267769749 0.11559663784578647 -0.094461469575242513 0.16154346548764129 0.010653624102754573 -0.011973998624136364 0.16744718341732739 -0.078697391115153573 0.047985852589601641 0.3240213337110025 0.1119613789208634 -0.031991120630036056 0.10288717092235777 -0.02110697306279824 -0.030986955834360442
leaf_weight=4.0917028672993174 27.770329404156655 3.6094110647682092 13.753059189300984 1.6111921826377535 1.124387919902804 1.9057143847458053 12.446482533821834 1.9130837856791902 7.0020818891935077 2.6417030165903297 1.6643300168216217 9.2626703737769258 10.336168267298488 15.844666336663066 1.4826781651936451 6.6893865761812767 6.8595955218188465 1.1608956870622922 1.3654411095194543 11.110748997656634 10.221379369497297 0.71790389670058985 6.8141595264896742 2.4182263901457182 0.21337433159351427 4.3888193047605446 24.01895715482533 6.7180069591850033 3.1880078390240669 19.38364677131176
leaf_count=371 282 432 1488 40 8 29 327 30 170 87 9 600 190 620 39 362 166 23 15 236 116 37 395 54 1 58 355 61 40 247
internal_value=-0.00100737 -0.00292834 -0.00126401 0.00243983 0.0455301 0.0605395 0.0461716 -0.00194349 -0.00333628 0.0273154 -0.00962175 -0.078002 0.00189909 -0.0041419 0.00512587 -0.00202438 0.0841148 0.0639231 -0.0301204 -0.0038533 -0.0359566 -0.0159673 -0.0233132 -0.0459421 -0.0622054 0.00388194 -0.0011851 0.0125498 0.0559719 -0.000320472
internal_weight=221.728 217.637 214.027 197.642 18.2487 16.6375 15.5131 179.394 177.481 30.2013 147.279 10.927 23.1993 136.352 100.499 92.1572 8.34227 13.6074 35.8529 20.0083 12.8631 18.6428 17.9249 16.3847 13.9664 85.4678 77.8909 53.872 7.57683 47.154
internal_count=6888 6517 6085 4542 427 387 379 4115 4085 563 3522 609 393 2913 1610 1405 205 350 1303 683 203 668 631 1543 1489 1043 945 590 98 529
is_linear=0
shrinkage=0.1


Tree=44
num_leaves=31
num_cat=0
split_feature=17 3 8 11 1 1 18 23 38 10 8 11 21 0 2 2 11 21 21 3 10 2 21 1 7 21 22 1 9 19
split_gain=3.92578 3.42364 3.05 4.36871 3.39979 3.39623 2.66724 2.69299 2.33008 2.91435 2.61373 4.30563 2.58367 2.95549 2.44796 3.12357 2.31242 3.34307 2.29509 2.69677 2.11974 4.61784 5.89977 4.33836 3.75838 3.82064 3.43795 3.33757 2.87933 4.98422
threshold=1.0000000180025095e-35 139.50000000000003 1.0000015000000002 1.0122040000000003 0.71000000000000008 3015.4000000000005 27.513834680000006 22335.874065000004 45139.931005000006 2.5057575000000005 0.35497350000000005 0.19738450000000002 0.0021870000000000006 16.860000000000003 131.42500000000004 45913.650000000009 0.0095170000000000012 0.004441945000000001 0.0015889180000000001 4.5000000000000009 0.063721000000000014 1277.4750000000001 0.12852820150000002 589.95500000000004 1.5000000000000002 0.00074401599999995014 3.5000000000000004 5039.0350000000008 0.49996300000000005 0.22505170500000002
decision_type=2 2 2 2 2 2 2 2 2 2 2 2 2 2 2 2 2 2 2 2 2 2 2 2 2 2 2 2 2 2
left_child=-1 2 3 8 -5 -6 16 -8 10 -10 20 18 14 -14 -13 -16 -4 -18 -12 -20 27 22 -22 28 25 -25 -26 -2 29 -23
right_child=1 -3 6 4 5 -7 7 -9 9 -11 11 12 13 -15 15 -17 17 -19 19 -21 21 23 -24 24 26 -27 -28 -29 -30 -31
leaf_value=0.10105617525320994 -0.0041774864668172292 -0.086479312138546482 -0.07719092667666913 -0.1356008935312267 0.081841092090235823 -0.020286121485775549 -0.092279371515062714 0.11398214975701282 0.11857096165534307 -0.032992327336893737 -0.0092229590531120818 -0.073632563767690576 -0.12246997430371212 0.034460416527518703 0.056503761957793289 -0.091629593884346341 -0.014151492342274273 0.10120890600314061 0.14216972741564601 0.0072404642064433384 -0.10740949748210474 0.054605656963244931 0.10266243162610951 0.086989007573925498 0.01687017993560936 -0.07613694918117192 -0.049388918882921337 0.07760815581838984 0.052495295711540935 -0.083643384153827938
leaf_weight=3.706228854134678 24.026500961277637 4.7745702378451815 4.4229100197553661 0.94778475211933511 14.297831158153715 4.216491747647523 8.0400081558618659 0.68708626786246974 3.4601517864502958 2.0031473655253649 2.3148433952592331 2.4319851938635138 3.249228309839963 1.9029423519968984 10.447163947857915 1.6480085612274695 17.256866354960952 2.9400579449720672 5.3566112508997321 2.0474347053095698 9.5724866953678411 5.1207295991480368 1.5539234802126873 1.5702491845004285 22.53719772445038 16.767070506466553 12.000633986201136 6.2975635621696702 15.116417525801806 5.3140089176595211
leaf_count=371 231 501 76 10 383 68 1438 19 53 133 32 73 91 64 122 37 345 42 67 56 179 41 14 17 504 1010 494 118 256 43
internal_value=-0.000976499 -0.00275755 -0.000831555 0.00447234 0.0491259 0.0585824 -0.0285385 -0.0760404 -0.00114393 0.0629995 -0.00349151 0.023229 -0.00366539 -0.0645081 0.017913 0.0363201 -0.0117003 0.00264147 0.0776861 0.104858 -0.0100444 -0.0177823 -0.0780707 -0.00922919 -0.025579 -0.0621683 -0.00615243 0.0128074 0.0246048 -0.0157992
internal_weight=216.028 212.322 207.547 174.2 19.4621 18.5143 33.3469 8.72709 154.738 5.4633 149.275 29.3982 19.6793 5.15217 14.5272 12.0952 24.6198 20.1969 9.71889 7.40405 119.877 89.5527 11.1264 78.4263 52.8752 18.3373 34.5378 30.3241 25.5512 10.4347
internal_count=6888 6517 6016 4096 461 451 1920 1457 3635 186 3449 542 387 155 232 159 463 387 155 123 2907 2558 193 2365 2025 1027 998 349 340 84
is_linear=0
shrinkage=0.1


Tree=45
num_leaves=31
num_cat=0
split_feature=17 17 34 34 34 37 2 8 17 21 10 35 11 21 3 7 9 10 1 8 6 27 7 8 8 5 21 2 9 12
split_gain=3.54179 3.24 3.17565 5.71144 5.40096 3.88774 3.75672 3.55154 3.94879 3.60386 3.25954 3.24196 2.90457 2.49328 2.38678 5.91901 3.69577 3.58784 3.12833 2.56048 2.59414 3.12061 2.36798 2.22983 2.64363 3.33177 7.15238 4.42134 2.74445 4.8851
threshold=1.0000000180025095e-35 213.50000000000003 1.0507255000000002 1.3474375000000001 1.0000000180025095e-35 1.2646130000000002 30136.225000000002 0.00044750000000000004 5.5000000000000009 51.027028405000003 21.000720000000005 2.0757435000000002 0.00058250000000000012 2.9378222210000002 4.5000000000000009 3.5000000000000004 9.0975015000000017 3.4847875000000008 3959.0900000000006 0.0010815000000000002 4.5000000000000009 3.5000000000000004 3.5000000000000004 0.0040030000000000005 0.095000500000000015 1.0000000180025095e-35 0.041933180000000007 33.125000000000007 0.64200000000000013 0.99820450000000005
decision_type=2 2 2 2 2 2 2 2 2 2 2 2 2 2 2 2 2 2 2 2 2 2 2 2 2 2 2 2 2 2
left_child=-1 2 4 -4 7 11 -6 8 -2 10 14 -5 -12 -10 16 -16 17 19 -17 -9 21 22 23 -21 -25 26 27 -26 -29 -30
right_child=1 -3 3 5 6 -7 -8 9 13 -11 12 -13 -14 -15 15 18 -18 -19 -20 20 -22 -23 -24 24 25 -27 -28 28 29 -31
leaf_value=0.10095480303410696 -0.022454530346785018 -0.055176622045016714 0.10526539424297654 -0.14767118846379862 0.0585231139669306 -0.043137914057593957 -0.10278629441654973 -0.085721817244158061 0.10081419807584602 0.12313226164105523 0.09815775886953973 0.050677829347325565 -0.10104131143518139 -0.0040707455269478575 -0.097451170872512899 0.032589851925374939 0.060998642273552887 -0.089475704372788512 -0.043090146905794956 0.08576205843643743 0.069793570139508584 -0.1088062865248384 0.1214196344730897 -0.036475635408576033 -0.087529943666033949 -0.12740675302410812 0.17125194583590697 0.046531462264440035 -0.11060051949703392 0.013380943907422574
leaf_weight=3.356730571947991 6.4668325923848924 11.091982583981006 7.5514643946662572 0.87741835904307919 1.7382343187928189 9.7506541528273356 8.5216826265677792 3.2437412384897462 9.0096286153420788 2.1239679115824392 0.83647724287584324 13.544754148460923 5.8602152410894632 3.0282137042377135 8.9255445825401711 12.312708229525017 9.9138077176175994 4.5917139076627782 9.8167677063029242 2.9660450592637053 5.7193856388330451 2.5504069197922936 1.6708263894543041 17.283726065419614 4.6818356653675428 1.7263452853076149 2.7262806985527268 16.412758437916636 3.7988267727196243 19.447693577036262
leaf_count=371 83 748 233 27 10 110 572 33 204 45 57 295 1406 142 479 214 214 120 455 17 153 75 18 177 178 19 13 149 42 229
internal_value=-0.000946514 -0.00258951 0.000369908 0.0293508 -0.00518962 0.00563552 -0.0754573 -0.000541802 0.0405715 -0.00611089 -0.00815207 0.0386106 -0.0761596 0.0744296 -0.00458817 -0.0287084 0.00315534 -0.0034497 -0.000982248 0.0013541 0.00493016 -0.000133379 0.00378605 0.000939367 -0.0028681 0.00903636 0.0140408 0.00437484 0.0152243 -0.00687947
internal_weight=211.547 208.19 197.098 31.7243 165.374 24.1728 10.2599 155.114 18.5047 136.609 134.485 14.4222 6.69669 12.0378 127.788 31.055 96.7334 86.8196 22.1295 82.2279 78.9841 73.2647 70.7143 69.0435 66.0775 48.7937 47.0674 44.3411 39.6593 23.2465
internal_count=6888 6517 5769 665 5104 432 582 4522 429 4093 4048 322 1463 346 2585 1148 1437 1223 669 1103 1070 917 842 824 807 630 611 598 420 271
is_linear=0
shrinkage=0.1


Tree=46
num_leaves=31
num_cat=0
split_feature=17 2 43 3 6 17 18 8 34 35 35 35 35 35 24 23 1 39 44 10 22 0 2 3 22 13 10 10 8 8
split_gain=3.19732 3.04996 2.61905 3.10861 3.03948 4.38818 2.94835 3.06713 2.74233 2.54258 5.75216 3.86908 3.58086 3.61691 3.93232 3.22173 2.30713 2.36686 4.19463 2.53738 2.13979 2.10844 2.77382 4.7366 2.71102 1.9493 3.63836 3.80535 3.18974 5.06626
threshold=1.0000000180025095e-35 942131.07500000007 31.500000000000004 84.500000000000014 5.5000000000000009 32.500000000000007 4.2035192490000011 0.00099750000000000034 1000.5000000000001 15033.329895000001 100.68975750000001 98.442319000000012 13.411758000000001 0.98830850000000015 1.4198155875000003 1.7000000000000001e-10 1.8350000000000002 134.22893450000001 24.500000000000004 1.2247490000000003 1.0000000180025095e-35 709.72000000000014 20180.535000000003 3.5000000000000004 6.5000000000000009 2.4977485000000006 2.0346595000000005 1.9979975000000001 0.60756250000000012 0.35497350000000005
decision_type=2 2 2 2 2 2 2 2 2 2 2 2 2 2 2 2 2 2 2 2 2 2 2 2 2 2 2 2 2 2
left_child=-1 2 3 4 5 6 9 -8 -5 10 11 12 13 15 -15 20 -6 21 -19 -20 25 22 23 -18 -23 26 27 28 29 -2
right_child=1 -3 -4 8 16 -7 7 -9 -10 -11 -12 -13 -14 14 -16 -17 17 18 19 -21 -22 24 -24 -25 -26 -27 -28 -29 -30 -31
leaf_value=0.10086324151126591 -0.0031955056758990793 -0.10147920483752736 0.1202369923790626 -0.09525172476764962 -0.12209723083115087 -0.095822783492075639 0.09021270586837396 -0.035749321303754189 0.2449872451941375 0.087317110643913287 -0.092128610323835472 0.13666236691713471 -0.10734003035295547 0.1001026880653841 -0.070224306839453188 -0.079065951209550539 0.1385417447360883 -0.067110319592052145 0.2682045145172996 0.0087442665230089891 0.08669299564832067 0.089081002614261787 -0.0086279418418894957 -0.033666758641971557 -0.020093898219366746 0.076461251405857647 -0.11024124064127616 0.1467118277029657 -0.043670440658911513 0.075041083579619555
leaf_weight=3.0399124659597865 46.640543488785625 3.0636158694978795 1.7678234488703299 4.891286887228488 1.0597734539769579 5.323557364055886 2.051864329725503 33.396174516528845 0.24894948955625285 3.6038548299111417 6.1293159667402497 2.2724497113376847 2.7731324797496191 7.2888454077765328 1.6650873906910417 4.6766500519588581 4.019231352023783 5.4334844546392551 0.65940096322447039 0.87982519343495369 3.1802673619240514 11.469510959926991 13.593620378989725 2.6504456475377083 2.8371317423880091 3.4540453860536209 2.8975626991596064 1.8223641188815225 13.333012883551417 10.062628090381621
leaf_count=371 545 432 30 415 18 708 26 2151 3 34 138 32 34 228 11 114 139 160 9 47 22 237 427 37 67 49 97 23 186 98
internal_value=-0.000934279 -0.0024576 -0.000941399 -0.00202161 2.07042e-05 -0.00665154 -0.00338327 -0.0284582 -0.0787734 0.00471197 0.00190869 0.0076687 0.00467127 0.00794025 0.0684284 0.0016474 0.0236027 0.0273195 -0.0258286 0.119896 0.00628515 0.0380394 0.0172881 0.0701083 0.0674307 0.00301552 -0.000377985 0.00405205 0.000339993 0.0106885
internal_weight=206.185 203.145 200.082 198.314 193.174 150.571 145.248 35.448 5.14024 109.8 106.196 100.067 97.7941 95.021 8.95393 86.0671 42.6024 41.5427 6.97271 1.53923 81.3904 34.5699 20.2633 6.66968 14.3066 78.2102 74.7561 71.8585 70.0362 56.7032
internal_count=6888 6517 6085 6055 5637 4496 3788 2177 418 1611 1577 1439 1407 1373 239 1134 1141 1123 216 56 1020 907 603 176 304 998 949 852 829 643
is_linear=0
shrinkage=0.1


Tree=47
num_leaves=31
num_cat=0
split_feature=17 2 43 3 6 17 21 12 10 0 1 3 29 34 21 10 3 1 7 4 10 1 11 10 9 10 17 17 22 1
split_gain=2.88419 2.76205 2.28655 2.97854 2.46956 3.93324 2.73827 2.34204 4.31172 3.28309 3.04139 2.67887 2.65073 2.34151 2.24604 2.17494 2.11212 3.21207 3.82474 2.50865 3.74409 1.9984 2.14841 1.72448 3.84853 2.5249 2.62147 2.46832 2.87269 2.4418
threshold=1.0000000180025095e-35 942131.07500000007 24.500000000000004 84.500000000000014 5.5000000000000009 32.500000000000007 -2.1647324329999997 19.055000000000003 16.552560500000002 2191.9700000000003 379.53000000000003 14.500000000000002 5.5000000000000009 1000.5000000000001 0.00079800400000000005 21.000720000000005 4.5000000000000009 4044.8800000000006 3.5000000000000004 4.5000000000000009 2.3874585000000006 1.8350000000000002 6.7069665000000009 0.99125000000000008 3.0001820000000001 0.40765500000000005 49.500000000000007 32.500000000000007 6.5000000000000009 4044.8800000000006
decision_type=2 2 2 2 2 2 2 2 2 2 2 2 2 2 2 2 2 2 2 2 2 2 2 2 2 2 2 2 2 2
left_child=-1 2 3 4 5 6 -2 8 11 -9 -11 12 16 -5 -12 -10 19 18 -18 -8 -21 -6 23 24 -23 -26 -27 28 -25 -29
right_child=1 -3 -4 13 21 -7 7 9 15 10 14 -13 -14 -15 -16 -17 17 -19 -20 20 -22 22 -24 27 25 26 -28 29 -30 -31
leaf_value=0.10078051992401796 -0.11676605210221701 -0.10134036832900713 0.10301723862223273 -0.099680252109668174 -0.12001436759174529 -0.094322603916348058 0.00031576907405065388 -0.083331213435341306 0.24179338192952377 0.18290453280900298 0.20504710655499922 0.10685941349322235 -0.11226218409356155 0.2071138630522989 -0.10491030898953535 0.023321563535092082 -0.085334878833257369 -0.094163044158557738 0.054112316866964653 0.087214721956270974 -0.10785362531750105 0.0071180575271787994 0.10322267223533198 0.062406062428651814 -0.010085953190784851 0.05038388871533668 0.20427267258925141 -0.0064891594602606217 -0.087733858107585161 -0.11560399847829715
leaf_weight=2.7527693891897789 2.0889938359614453 2.7756789261475197 2.0954837873578063 4.2925110340584061 0.97471238486468692 4.8897576846647999 102.86234132479876 7.1596488370560092 1.1118384331930418 1.0179402297362687 0.29273830633610476 2.2989273453131309 2.1458106138743451 0.2640768801793455 1.160831240005791 0.77212185086682428 3.1142608886584622 5.7464580247178665 5.3387048849835992 6.750717503251507 1.1518355549778787 11.578150719404222 3.2223450678866348 7.4054056105669606 1.4358388748951245 1.8624547533690927 2.7288882848806679 7.9723932079505158 1.5392595147714017 2.7612013907637447
leaf_count=371 65 432 43 406 18 708 1417 1424 13 12 6 44 113 3 78 58 42 208 54 182 72 246 159 223 18 48 43 160 47 175
internal_value=-0.000877392 -0.00228496 -0.000882431 -0.00200505 -8.27648e-05 -0.00613022 -0.00311484 -0.00143013 0.00206145 -0.0490278 0.0503449 -0.000125089 -0.00206002 -0.0819 -0.0424871 0.152255 -0.000167698 -0.0364782 0.00273686 0.0044871 0.0587826 0.02148 0.0248848 0.0181142 0.0408517 0.105654 0.141848 -0.00222799 0.036569 -0.0345588
internal_weight=201.564 198.811 196.036 193.94 189.384 147.903 143.013 140.924 131.293 9.63116 2.47151 129.409 127.11 4.55659 1.45357 1.88396 124.964 14.1994 8.45297 110.765 7.90255 41.4806 40.5059 37.2836 17.6053 6.02718 4.59134 19.6783 8.94467 10.7336
internal_count=6888 6517 6085 6042 5633 4496 3788 3723 2203 1520 96 2132 2088 409 84 71 1975 304 96 1671 254 1137 1119 960 355 109 91 605 270 335
is_linear=0
shrinkage=0.1


Tree=48
num_leaves=31
num_cat=0
split_feature=17 2 0 0 39 0 0 11 21 21 21 2 21 2 4 8 36 19 13 6 13 13 2 0 21 8 1 1 8 2
split_gain=2.60385 2.49974 2.065 4.99841 4.58985 3.17121 3.78293 4.62581 2.84994 8.58166 4.35851 4.10273 3.2929 6.11267 2.62713 4.19785 3.55925 3.20851 2.99789 3.1743 2.92802 3.29848 2.60928 5.13521 2.93613 2.47848 2.39357 2.36678 2.87819 3.0018
threshold=1.0000000180025095e-35 942131.07500000007 237.99500000000003 1.0000000180025095e-35 3715.9218110000006 6.7350000000000012 10.265000000000002 0.15002400000000002 0.00079800400000000005 0.0020791200000000007 0.0005724520000000001 33.125000000000007 0.010000000500000002 51428.575000000004 1.0000000180025095e-35 0.00044750000000000004 16.777895000000004 1.2391591450000001 0.15433749999999999 14.500000000000002 0.080298500000000009 0.027242500000000003 305.56500000000005 30.020000000000003 0.0010018485000000002 0.11003650000000002 5752.1550000000007 5039.0350000000008 0.13922850000000003 100.49000000000002
decision_type=2 2 2 2 2 2 2 2 2 2 2 2 2 2 2 2 2 2 2 2 2 2 2 2 2 2 2 2 2 2
left_child=-1 2 3 8 5 -5 7 -7 10 11 27 -10 25 -14 -4 26 17 20 -18 -20 21 -17 23 24 -8 -11 -16 28 -2 -30
right_child=1 -3 14 4 -6 6 22 -9 9 12 -12 -13 13 -15 15 16 18 -19 19 -21 -22 -23 -24 -25 -26 -27 -28 -29 29 -31
leaf_value=0.10070577592074842 -0.050423901019094192 -0.10121441151046809 -0.14860467324768009 -0.094484952748340734 0.12198737513853553 0.16880932281014097 0.23803226840422287 -0.1079632559219736 -0.038557980694028882 0.0041410830546830075 -0.091867232995443554 0.099847418769425045 0.043162905506925642 -0.057226431577779228 0.12210341851173707 -0.040067699372738221 0.037048488868956432 0.047141083807846706 -0.067129426735754866 0.025850444098414711 -0.054624440910211874 0.12030813412687946 -0.063445577562278588 0.1402202987803739 -0.12420410226318208 -0.10448656301871853 0.015675077044131992 0.069136421049678806 -0.0689460349787131 0.044307054076707673
leaf_weight=2.4925634018145493 11.194334987550979 2.5145047469995907 0.99701946973800559 10.591530898353083 1.6377367312088598 1.9034087704494624 0.25364388804883065 0.88447152613662172 2.5320653365924981 3.4555452838540059 6.5306359734386197 13.893564485479144 17.598440912552181 9.2551669653039408 5.2768114625941944 2.4696589638479036 6.2258223532699075 23.94072527019307 14.080687503796073 4.9669202431105068 7.5610950412228703 2.667725226841867 14.804881351767106 2.0277125865686685 1.8995418041013179 5.3560048607178032 3.5246424286160618 4.0864511663094154 3.0337944985367349 10.239100382663308
leaf_count=371 179 432 6 626 28 55 8 61 49 46 183 267 187 730 103 27 94 554 627 120 79 21 1100 49 391 91 67 83 136 118
internal_value=-0.000856561 -0.00215209 -0.00086071 -0.00882023 -0.0413396 -0.0496042 -0.0277726 0.0810016 0.00386406 0.0187028 -0.0181675 0.0785118 -0.00884228 0.00856346 0.0125894 0.0148621 0.00567562 0.0255892 -0.0231933 -0.0428837 -0.0150431 0.0432118 -0.043745 0.0260162 -0.0815329 -0.061887 0.079483 -0.00131133 -0.0130773 0.0184207
internal_weight=197.896 195.404 192.889 121.178 34.0029 32.3652 21.7737 2.78788 87.1751 52.0908 35.0843 16.4256 35.6652 26.8536 71.7111 70.7141 61.9126 36.6392 25.2734 19.0476 12.6985 5.13738 18.9858 4.1809 2.15319 8.81155 8.80145 28.5537 24.4672 13.2729
internal_count=6888 6517 6085 4387 2318 2290 1664 116 2069 1370 699 316 1054 917 1698 1692 1522 681 841 747 127 48 1548 448 399 137 170 516 433 254
is_linear=0
shrinkage=0.1


Tree=49
num_leaves=31
num_cat=0
split_feature=17 3 43 34 34 34 34 34 2 34 35 10 10 10 13 0 2 6 8 3 7 9 8 1 21 18 18 8 17 19
split_gain=2.35174 2.26444 2.09574 1.99995 5.58772 4.10879 3.05908 5.49398 2.8626 2.4418 3.31239 2.35755 2.65195 2.50846 3.3667 2.10824 1.92259 1.68 1.47618 2.09959 4.35444 2.96011 2.84411 2.38748 2.36237 2.44601 3.97287 2.09181 2.06009 2.89122
threshold=1.0000000180025095e-35 152.50000000000003 31.500000000000004 1.3343860000000001 1.3474375000000001 1.0000000180025095e-35 9.9375000000000018 13.821500000000002 28400.975000000002 98.850000000000009 100.68975750000001 21.000720000000005 3465.1866975000007 18.455761500000005 19.145331000000002 3.8350000000000004 24352.840000000004 10.500000000000002 0.00044750000000000004 4.5000000000000009 3.5000000000000004 9.0975015000000017 3.5041790000000006 3635.6600000000003 0.0051538860000000008 19.921422800000002 15.347069500000002 0.0010815000000000002 2.5000000000000004 16.836735405000002
decision_type=2 2 2 2 2 2 2 2 2 2 2 2 2 2 2 2 2 2 2 2 2 2 2 2 2 2 2 2 2 2
left_child=-1 2 3 5 -5 11 -6 -8 -7 -9 -11 13 -13 18 -15 -12 -17 -18 -2 21 -21 22 27 -22 -25 26 -26 -20 -23 -30
right_child=1 -3 -4 4 6 8 7 9 -10 10 15 12 -14 14 -16 16 17 -19 19 20 23 28 -24 24 25 -27 -28 -29 29 -31
leaf_value=0.10063822625014376 0.024790286634454255 -0.087476893968092523 0.12316462823589536 0.11033568316384575 -0.074017152181203361 0.047040980228703864 0.1021986940079434 -0.092243705213105875 -0.091888513951277909 0.11385186285253726 -0.10797730163079639 -0.086660561741893197 0.092027743885996272 0.24548618142672859 -0.0074393419238015695 0.096742892169264239 -0.071759199264497905 0.068221139055878927 -0.079555630698245394 -0.092879404987187067 0.025968731259944679 -0.041591329248537583 -0.10655972589152166 -0.11010768014140962 -0.0055975181166013398 -0.10632965616919554 0.26599530551936817 0.0030958861836041861 0.16088154494689344 0.031809663048908754
leaf_weight=2.2568014389835289 19.554676372325048 3.0529775223694733 1.3570455347653467 5.8015143829397884 4.4399141212925342 1.8009026385843743 5.5181719460524645 3.2207904809620223 8.4044366511516255 2.2796117679681611 2.1310736341401935 5.6142291247379026 0.97477030754089344 0.97502965829335098 1.1434958637692032 1.7269063722342251 2.8234564063604921 1.2312778830528257 3.1899045649915925 7.698467152426022 11.294747436186301 1.7482895376160721 2.5969125027768305 3.3175053405575436 3.1541861488949512 1.6081210889387874 0.6495108522940426 76.429295994108543 2.7348074773326516 4.7493246607482433
leaf_count=371 445 471 21 215 139 11 145 39 646 31 19 1545 14 16 33 15 55 9 34 521 226 45 90 199 120 127 20 1102 33 131
internal_value=-0.000846465 -0.00204419 -0.00065807 -0.00155755 0.0224944 -0.00600862 0.000689272 0.01821 -0.0673721 -0.016343 0.00764169 -0.00176104 -0.0602256 0.000974056 0.108967 -0.0229569 0.00838103 -0.0292522 -0.00067514 -0.00485374 -0.0289613 0.00245445 -0.00357454 -0.00438733 -0.0436646 -0.00293427 0.0407791 -0.000215507 0.0561435 0.0789743
internal_weight=193.478 191.221 188.168 186.811 29.1727 157.639 23.3712 18.9313 10.2053 13.4131 10.1923 147.433 6.589 140.844 2.11853 7.91271 5.78164 4.05473 138.726 119.171 27.7225 91.4485 82.2161 20.0241 8.72932 5.41182 3.8037 79.6192 9.23242 7.48413
internal_count=6888 6517 6046 6025 667 5358 452 313 657 168 129 4701 1559 3142 49 98 79 64 3093 2648 1213 1435 1226 692 466 267 140 1136 209 164
is_linear=0
shrinkage=0.1


Tree=50
num_leaves=31
num_cat=0
split_feature=2 17 6 18 13 3 8 4 7 2 1 10 11 2 19 9 22 7 24 21 7 10 1 10 9 22 34 6 10 0
split_gain=2.20512 2.07521 1.87211 3.22055 2.33039 2.08321 3.46844 3.05805 2.52687 2.03694 3.10647 2.12234 2.91831 2.01583 1.73452 2.02856 1.90619 2.25868 2.17295 1.92932 2.51196 1.92485 1.91244 1.73089 2.6006 2.52832 1.71559 1.56121 1.52313 1.51635
threshold=942131.07500000007 1.0000000180025095e-35 3.5000000000000004 21.000670180000004 683.49976400000014 4.5000000000000009 0.00099750000000000034 44.500000000000007 2.5000000000000004 635.26500000000021 1342.1500000000003 0.068934000000000009 0.0067860000000000012 187115.36500000002 0.63984033500000004 0.49996300000000005 3.5000000000000004 15.500000000000002 254369.40055000005 0.0083080650000000016 6.5000000000000009 0.62217050000000007 1479.3900000000001 1.1191995000000003 117.51683050000001 1.5000000000000002 12.883440000000002 17.500000000000004 24.843840500000002 64831.630000000012
decision_type=2 2 2 2 2 2 2 2 2 2 2 2 2 2 2 2 2 2 2 2 2 2 2 2 2 2 2 2 2 2
left_child=1 -1 3 13 -5 7 -7 9 -8 -4 28 -12 -13 29 -10 -16 17 19 27 21 -21 -17 -23 24 25 -9 -24 -18 -11 -3
right_child=-2 2 5 4 -6 6 8 23 14 10 11 12 -14 -15 15 16 18 -19 -20 20 -22 22 26 -25 -26 -27 -28 -29 -30 -31
leaf_value=0.10057717612632111 -0.10108463337220347 -0.00043388427442508009 -0.089400318506442991 -0.079342556455234969 0.11767556510511848 0.057777471662704472 -0.087263236147731543 0.074662925360047636 0.15748148348389962 0.092456583665401881 0.14664980452859011 -0.086937560276387826 0.043054188595247359 -0.042921876825396783 -0.13064373940173923 0.11868311681307105 -0.0937351402177697 -0.074299737883995243 0.045900157333029115 -0.015934815385467184 0.1746920612404162 0.068918820224077595 -0.11484057042142004 -0.094532294015478718 0.23322888443863674 -0.085223622976471847 0.051667867420820968 0.0018521297650875201 0.25732999377988025 0.09508513233087329
leaf_weight=2.0432148752734056 2.1680568598676464 101.58910495508462 0.93113150773570552 8.4024962192634085 0.646564428694547 7.5175909146200857 4.5151975692715522 1.7925901140552007 0.63542824331671255 8.6757801165804267 1.17892476171255 2.4947178375441563 5.6122250356711447 11.550190543290226 1.3133243527263427 1.3510752040892855 4.9528595290612412 1.8491939043160517 2.5557027130853385 1.038963233586401 2.0655863117426634 1.6589325203094629 2.0764815825968985 2.2613408940378577 0.47807617881335307 2.2063279747962952 0.88146154675632704 2.6086336907465011 0.59900563955307085 1.6896027382463206
leaf_count=371 432 1546 20 1776 8 190 286 37 4 350 31 148 111 595 21 13 290 34 98 41 32 34 58 90 6 190 13 47 3 13
internal_value=-0.000812604 0.000348872 -0.000757321 -0.00782842 -0.0652654 0.0135438 -0.00241686 0.0348533 -0.0188703 0.0549291 0.0621696 0.0212833 0.00305234 -0.00330211 -0.00543666 -0.0100681 -0.00254133 0.0264292 -0.0338155 0.0469602 0.110897 0.0136999 -0.0170222 -0.0232194 0.012801 -0.0135515 -0.0652214 -0.0607586 0.103105 0.00112877
internal_weight=189.34 187.172 185.129 123.878 9.04906 61.2506 35.0204 26.2301 27.5028 19.4918 18.5607 9.28587 8.10694 114.829 22.9876 22.3522 21.0389 10.9217 10.1172 9.0725 3.10455 5.96795 4.61688 6.73834 4.47699 3.99892 2.95794 7.56149 9.27479 103.279
internal_count=6888 6456 6085 3938 1784 2147 1161 986 971 663 643 290 259 2154 685 681 660 225 435 191 73 118 105 323 233 227 71 337 353 1559
is_linear=0
shrinkage=0.1


Tree=51
num_leaves=31
num_cat=0
split_feature=17 35 35 1 6 18 21 29 0 43 18 11 21 7 3 11 35 35 9 21 6 0 13 18 19 19 11 0 9 2
split_gain=2.02607 2.19938 4.78112 2.56044 2.80285 2.54567 3.20224 2.20559 2.3922 2.55491 2.17551 1.98366 2.5427 2.20994 2.73965 1.98126 2.37826 2.84143 2.23812 5.40943 2.14383 1.97728 3.16962 2.81133 2.32004 4.35834 2.54451 2.10354 3.79666 1.90084
threshold=213.50000000000003 1.3360605000000001 1.3394440000000001 1479.3900000000001 2.5000000000000004 4.2035192490000011 0.077241717000000015 4.5000000000000009 2604.6400000000003 10.500000000000002 3.9892899910000001 0.0026520000000000003 0.0039622740000000009 8.5000000000000018 3.5000000000000004 2.0498710000000004 10068.500000000002 100.68975750000001 0.47342750000000006 0.0011311040000000002 8.5000000000000018 519.00500000000011 4.7253570000000016 6.6081254890000007 10.223990005000003 19.708796695000004 0.022050500000000004 7.3900000000000015 15.720935000000001 20180.535000000003
decision_type=2 2 2 2 2 2 2 2 2 2 2 2 2 2 2 2 2 2 2 2 2 2 2 2 2 2 2 2 2 2
left_child=1 5 -3 15 -5 10 21 11 9 -9 -1 12 -6 14 -13 16 17 18 19 -4 -19 24 23 -23 -7 26 -26 28 -28 -2
right_child=29 2 3 4 7 6 -8 8 -10 -11 -12 13 -14 -15 -16 -17 -18 20 -20 -21 -22 22 -24 -25 25 -27 27 -29 -30 -31
leaf_value=0.00033387267812246278 0.077111389846892558 0.10830058218596975 0.092097909321358973 -0.09942575320747607 0.061748439950825199 -0.10163592040356656 0.21857695786060197 -0.029335685622298033 -0.087088815578052925 0.15025379890875823 0.12445158233824044 0.10040336787486728 -0.067970255265825216 0.13664307810734141 -0.06317446548418669 0.10030640204841368 0.074352958172721306 -0.072667277417361925 0.073691076402154526 -0.14766571492460021 0.066333693444141958 0.053654331529894329 0.075753440652504542 -0.092946343342173068 -0.13058882348893058 -0.072742465031820136 -0.050462821663730478 0.15967108249403755 0.24161503562962286 -0.064452405004272614
leaf_weight=88.648408507928252 1.0792688671499471 5.2897886340506366 1.9333324925974102 3.3529196744784739 2.5505600858014095 6.6430784729309478 0.50433546211570401 3.1275907761882973 4.835611657705158 1.0608594096265731 1.4350541522726405 2.0306210755370557 3.707762312842533 2.5406058100052178 2.0651685781776905 3.5007578185759476 5.8870830256491891 5.9224784797988823 6.0179788880050182 1.8332814890891311 1.3653703285381196 1.9765950122382472 3.6159141578245908 3.8677289937622845 0.70600925851613183 8.532705123187041 1.9469691810663792 1.7213400381151585 0.57691926695406426 7.8289135654922575
leaf_count=1656 16 331 122 207 48 231 33 98 409 12 17 30 250 19 47 115 79 110 169 18 28 34 135 127 11 1678 85 37 4 732
internal_value=-0.000766016 0.00157344 0.0177471 0.0084877 -0.0142768 -0.0061008 -0.031283 -0.00125155 -0.0391708 0.0161511 0.0023111 0.0252853 -0.0151038 0.0633735 0.0179246 0.0302296 0.0195447 0.000645137 0.0358538 -0.0245995 -0.0466256 -0.035542 0.0021648 -0.0433649 -0.0532653 -0.0294347 0.0451996 0.0744344 0.0163014 -0.0473013
internal_weight=186.105 177.197 57.0218 51.732 25.2717 120.175 30.0916 21.9188 9.02406 4.18845 90.0835 12.8947 6.25832 6.6364 4.09579 26.4603 22.9595 17.0724 9.78459 3.76661 7.28785 29.5873 9.46024 5.84432 20.127 13.4839 4.95124 4.24523 2.52389 8.90818
internal_count=6888 6140 2092 1761 1120 4048 2375 913 519 110 1673 394 298 96 77 641 526 447 309 140 138 2342 296 161 2046 1815 137 126 89 748
is_linear=0
shrinkage=0.1


Tree=52
num_leaves=31
num_cat=0
split_feature=2 17 6 4 9 8 5 21 21 35 19 18 6 21 21 21 2 13 21 2 17 3 7 6 10 10 17 1 17 11
split_gain=1.89501 1.79187 1.58284 3.50781 2.7059 7.47669 3.08297 2.52278 2.95217 2.76594 2.54882 2.3684 2.42809 2.97506 2.9174 3.28223 2.15325 2.13029 2.07223 2.04499 1.90769 2.3888 2.78824 2.14179 2.04831 3.25078 2.30178 2.12354 3.01438 1.8959
threshold=942131.07500000007 1.0000000180025095e-35 2.5000000000000004 2.5000000000000004 0.9566650000000001 0.42091600000000001 1.0000000180025095e-35 1.0000000180025095e-35 0.00041293500000000007 15033.329895000001 19.708796695000004 10.753443280000001 1.5000000000000002 0.00074401599999995014 0.00079800400000000005 0.00087149999999995011 5744.5750000000016 1431.262326 0.00094397750000000009 1955.3750000000002 32.500000000000007 2.5000000000000004 1.5000000000000002 9.5000000000000018 1.0206700000000002 0.33569700000000008 198.50000000000003 4044.8800000000006 113.50000000000001 0.0095170000000000012
decision_type=2 2 2 2 2 2 2 2 2 2 2 2 2 2 2 2 2 2 2 2 2 2 2 2 2 2 2 2 2 2
left_child=1 -1 3 7 5 6 -5 -3 16 10 11 12 14 -14 29 -16 -9 -12 -15 -13 21 -4 -23 -22 25 -25 -27 28 -26 -10
right_child=-2 2 20 4 -6 -7 -8 8 9 -11 17 19 13 18 15 -17 -18 -19 -20 -21 23 22 -24 24 27 26 -28 -29 -30 -31
leaf_value=0.10050223698767353 -0.10097178141690451 -0.058544792393356276 0.051993162388612214 -0.098235147137580428 -0.10171302027846606 0.31815203698396183 0.063417748782545608 0.13856888594214237 0.042128203856680063 0.094629686646815661 -0.10172247730839504 0.17875122937515364 0.13271433650763745 -0.068175294083865204 0.075156851926740778 -0.010888182210767745 0.01637969567532592 0.19969230816914529 0.03198883768126589 0.0058059637975549092 -0.05984610922679006 -0.061699837260302849 0.019226625568936742 -0.014766467317669061 0.062216959170208946 0.063320137603877599 0.23902316868312778 -0.11600486607630467 -0.052419689624729038 -0.062253928506201955
leaf_weight=1.7675894191488613 1.8663815115578462 7.2172260445076963 17.395527378190309 3.7231351691298169 6.6652903988724574 0.62500793393701304 1.7270506978966293 2.6385634113103142 1.9767761155962968 2.8569206916727117 3.7778516423422834 1.3317920621484511 2.4049838697537771 2.600963187403976 5.1056606499478212 33.659220892935991 3.1808098899200559 0.24999940395355214 10.031748184002934 1.4050138508900998 6.7207178815733668 5.1301575161051032 25.027086651301943 4.1452321186661747 4.1316605722531659 2.5179970553144817 1.0592550151050089 1.9586179840844113 5.15651882707607 14.530632068403063
leaf_count=371 432 91 650 159 547 5 35 28 14 24 1283 17 15 39 64 374 28 1 125 24 902 203 585 51 93 60 14 114 160 380
internal_value=-0.000723978 0.000311335 -0.000678299 -0.00850679 -0.0577149 -0.00944324 -0.0470107 -0.00176324 0.00301578 -0.00199068 -0.0055721 -0.00130188 -0.00485443 0.0307732 -0.0145475 0.000444672 0.0717815 -0.0830144 0.0113659 0.0899651 0.0106203 0.0224825 0.00545993 -0.0113369 0.00584962 0.0455056 0.115347 -0.0213797 -0.00142587 -0.0497541
internal_weight=182.585 180.719 178.951 105.709 12.7405 6.07519 5.45019 92.9682 85.7509 79.9316 77.0746 73.0468 70.31 15.0377 55.2723 38.7649 5.81937 4.02785 12.6327 2.73681 73.2428 47.5528 30.1572 25.69 18.9693 7.72248 3.57725 11.2468 9.28818 16.5074
internal_count=6888 6456 6085 3253 746 199 194 2507 2416 2360 2336 1052 1011 179 832 438 56 1284 164 41 2832 1438 788 1394 492 125 74 367 253 394
is_linear=0
shrinkage=0.1


Tree=53
num_leaves=31
num_cat=0
split_feature=3 43 8 1 8 13 2 2 12 3 9 13 11 2 2 18 17 6 10 9 5 9 8 11 27 9 35 21 21 21
split_gain=1.7519 1.70162 1.65295 2.16026 2.04705 2.1527 2.43115 3.71088 2.55651 2.20846 2.1369 3.43639 2.14197 1.86873 4.02296 2.18366 1.72021 1.6803 2.8197 2.52786 3.29973 2.52842 2.28913 2.14762 2.42747 2.11084 2.76226 2.20081 2.34997 2.94557
threshold=235.50000000000003 31.500000000000004 1.0000015000000002 472.76000000000005 0.35497350000000005 0.41493900000000006 2255.1850000000004 10741.445000000002 0.99308350000000012 2.5000000000000004 1.0612300000000003 0.99864800000000009 0.57269850000000011 414.49000000000007 940.96000000000015 1.8374685620000004 1.0000000180025095e-35 3.5000000000000004 0.25348950000000009 0.49996300000000005 1.0000000180025095e-35 0.025186000000000004 0.095000500000000015 0.28303950000000005 4.5000000000000009 1.0000000180025095e-35 15033.329895000001 0.0039622740000000009 0.0097015000000000018 0.020852228500000004
decision_type=2 2 2 2 2 2 2 2 2 2 2 2 2 2 2 2 2 2 2 2 2 2 2 2 2 2 2 2 2 2
left_child=1 2 4 13 16 -6 10 -8 -9 -10 11 12 -7 -4 -15 -16 -1 18 19 20 25 -22 -20 -19 -25 -18 27 -27 -29 -30
right_child=-2 -3 3 -5 5 6 7 8 9 -11 -12 -13 -14 14 15 -17 17 23 22 -21 21 -23 -24 24 -26 26 -28 28 29 -31
leaf_value=0.10045425109716642 -0.10200555324384744 0.11404212322559576 -0.042792050523229395 -0.091078499358989887 0.076753494767646147 0.019745001622771239 0.098962702295341543 -0.10639958992512931 0.067178900763785354 -0.03675359992795308 -0.12542892009704806 0.11805320939924838 -0.11136715080222036 0.11149948673415522 -0.11268612117296935 0.0068619186765794468 -0.10196077803161366 0.00018952692224091439 -0.074742826402120974 0.10360595291393977 0.0252800675608012 0.17372181598665393 -0.012546498865405929 0.084799226882167983 -0.033423912863577668 0.0021269791872526723 0.13622124082663306 -0.14000760143663835 0.062413128547603586 -0.075226174590218228
leaf_weight=1.6001061662100244 1.6912313863867883 1.3046103722881515 10.322335870354442 4.0253577035618937 6.643989953678104 2.4794463589787501 5.8606851054355529 1.8737950390204776 4.7921456466428918 3.5658012363128364 1.8555399057222528 1.7125124786980448 2.5047948760911822 3.190098456805571 1.9564611166715602 6.9754774605389684 2.6728588475380084 41.048748987843283 11.23887134913821 2.2722579360706723 4.3959944392554453 1.5527709155576301 12.498025696957482 6.680173233849926 2.3470017380313948 21.520085375988863 1.2507258348632593 2.4578575193881971 2.4254719747696072 4.3315448770299554
leaf_count=371 344 27 1475 277 84 42 92 28 94 225 31 32 65 48 23 101 22 1545 582 97 76 53 291 351 44 292 9 36 49 82
internal_value=-0.000709587 0.000256354 -0.000586846 -0.0236211 0.00348927 0.0262356 0.0126164 0.0355132 -0.000830355 0.0228376 -0.0304674 -0.00415539 -0.0461445 -0.0115227 0.0151042 -0.019324 -0.00252719 -0.00393929 -0.0143432 0.000964075 -0.00477944 0.0640269 -0.041995 0.00990111 0.054062 -0.0165893 -0.00945532 -0.0153835 -0.0562767 -0.0258197
internal_weight=179.047 177.356 176.051 26.4697 149.581 31.2887 24.6447 16.0924 10.2317 8.35795 8.55229 6.69675 4.98424 22.4444 12.122 8.93194 118.292 116.692 66.6165 42.8796 40.6073 5.94877 23.7369 50.0759 9.02717 34.6585 31.9857 30.735 9.21487 6.75702
internal_count=6888 6544 6517 1924 4593 693 609 439 347 319 170 139 107 1647 172 124 3900 3529 1589 716 619 129 873 1940 395 490 468 459 167 131
is_linear=0
shrinkage=0.1


Tree=54
num_leaves=31
num_cat=0
split_feature=2 17 17 22 6 4 6 29 35 11 37 24 9 9 18 0 13 1 2 12 19 11 11 19 19 19 21 0 11 13
split_gain=1.67422 1.46477 1.41931 2.04797 1.68261 3.69223 2.52972 2.18165 2.44715 3.91414 2.33758 2.70252 2.12491 4.8518 4.04505 3.72413 2.68436 2.15901 2.41925 2.04901 3.25724 2.18591 4.09764 4.76234 2.01185 3.19404 2.41909 1.98248 1.97265 2.45202
threshold=942131.07500000007 1.0000000180025095e-35 3234.5000000000005 56.500000000000007 71.000000000000014 57.500000000000007 22.500000000000004 5.5000000000000009 0.98830850000000015 0.0024970000000000005 99.995000000000019 1.0000000180025095e-35 0.52899900000000011 0.47342750000000006 0.19749050000000004 237.99500000000003 0.34827850000000005 3395.1250000000005 33.125000000000007 19.055000000000003 14.721169225000001 0.99826950000000014 0.99916150000000015 1.0158004 1.2391591450000001 2.1696167400000008 -0.051499653999999992 7.705000000000001 4.499270000000001 2.4977485000000006
decision_type=2 2 2 2 2 2 2 2 2 2 2 2 2 2 2 2 2 2 2 2 2 2 2 2 2 2 2 2 2 2
left_child=1 -1 3 4 5 6 7 8 10 -10 11 12 13 14 -3 17 -16 18 -14 20 21 -20 -23 -24 -17 -26 -27 -15 29 -25
right_child=-2 2 -4 -5 -6 -7 -8 -9 9 -11 -12 -13 15 27 16 24 -18 -19 19 -21 -22 22 23 28 25 26 -28 -29 -30 -31
leaf_value=0.1004108709611292 -0.10087819804169661 0.019404159536265977 -0.07198917422859738 0.067897634598155662 0.067127791806593951 -0.079943181879487804 0.095535378593366652 -0.05156126240001311 -0.009298827735341934 0.056192842476425447 0.13636142899460232 -0.10144989898598381 -0.092402732669994436 0.046966074055574014 -0.076172986890208932 -0.076874367970431678 0.054138889419401565 -0.078049127498303283 -0.049158661459059866 -0.08311509950675787 0.10525579809624229 0.1590452009304498 -0.16886395062818943 -0.0018199976000412479 0.12450422531327175 -0.1008717551184487 0.029922769321384757 0.16059297159041619 -0.05290316433762543 0.10505065420592828
leaf_weight=1.44842965947464 1.6520242198603217 26.160107690142468 2.7386750028235829 4.4020594600588074 3.5266861156560472 5.9599196099443352 2.7375056049786499 8.2223011952592042 18.058955847751349 18.447798199718818 1.1395623036660243 2.9845440615899852 4.2493376951897508 3.8404061009641728 8.953596080769783 1.7789289336651588 1.9197158326860506 8.2504128131549788 10.46798321511597 3.6179472923977292 2.5232867698650798 1.6466455422341812 1.6221720073372115 5.9434070056304318 3.1791267283260813 1.6473861306440092 9.9846432039048487 2.5583933892194182 3.3301318231970063 3.3609104212373495
leaf_count=371 432 301 133 167 43 750 103 441 417 550 11 47 430 51 152 20 30 604 120 1080 46 13 20 75 27 31 270 18 89 46
internal_value=-0.000681317 0.000266174 -0.000571057 0.000576011 -0.00120805 -0.00269035 0.000249287 -0.00144576 0.00138309 0.0237958 -0.00611256 -0.00761561 -0.00494932 0.01199 -0.00190304 -0.0168923 -0.053166 -0.0318193 -0.021444 -0.0121697 -0.00328652 -0.0136722 0.009686 -0.00756505 0.0236077 0.0356764 0.011399 0.0923968 0.0131446 0.0367839
internal_weight=176.353 174.701 173.253 170.514 166.112 162.585 156.625 153.888 145.665 36.5068 109.159 108.019 105.035 43.4322 37.0334 61.6023 10.8733 45.0122 36.7618 32.5125 28.8945 26.3713 15.9033 14.2566 16.5901 14.8112 11.632 6.3988 12.6344 9.30432
internal_count=6888 6456 6085 5952 5785 5742 4992 4889 4448 967 3481 3470 3423 552 483 2871 182 2523 1919 1489 409 363 243 230 348 328 301 69 210 121
is_linear=0
shrinkage=0.1


Tree=55
num_leaves=31
num_cat=0
split_feature=3 29 21 21 38 2 9 24 6 21 0 21 21 21 2 2 3 7 0 8 11 12 0 21 21 2 19 2 0 10
split_gain=1.52511 1.59173 1.70553 1.69574 1.97346 1.94316 2.65598 2.04022 1.58462 1.58099 3.91205 3.05636 3.51411 2.56847 2.46128 2.67842 2.18189 3.78746 2.91886 2.81271 2.6169 3.35462 2.20913 2.72434 2.69171 2.28461 2.28766 2.1813 2.3886 2.17547
threshold=139.50000000000003 44.500000000000007 -1.3587183549999997 0.00041293500000000007 236250.00000000003 531.18500000000006 1.9900195000000001 3.4450000000000001e-08 2.5000000000000004 0.00062500000000000012 7.705000000000001 0.00087149999999995011 0.00094397750000000009 0.0005724520000000001 131.42500000000004 940.96000000000015 2.5000000000000004 1.5000000000000002 9.0400000000000009 0.00044750000000000004 0.017249500000000004 82.863792500000002 1.0000000180025095e-35 0.0020791200000000007 0.0030542705000000006 51428.575000000004 3.4842659950000003 4.3050000000000006 2.3250000000000006 0.063721000000000014
decision_type=2 2 2 2 2 2 2 2 2 2 2 2 2 2 2 2 2 2 2 2 2 2 2 2 2 2 2 2 2 2
left_child=1 2 -1 5 9 7 8 -4 -7 10 13 27 -13 14 -5 -16 18 -18 22 -19 -20 -22 23 -14 -25 26 29 -11 -29 -26
right_child=-2 -3 3 4 -6 6 -8 -9 -10 11 -12 12 16 -15 15 -17 17 19 20 -21 21 -23 -24 24 25 -27 -28 28 -30 -31
leaf_value=-0.05145646786696037 -0.077093213442899766 0.098921340163068028 0.12084783552575856 -0.095876215253111949 0.10332182772362408 -0.030913352182120397 0.076677145732555352 -0.12266077423971947 0.053817620700397008 -0.1084833076336521 0.13369529891472356 -0.08974456581937007 0.062352117781686145 -0.10605471388707398 0.12642865996586669 -0.017236769751214864 -0.077453304560948247 0.07065588953870186 -0.0081917536308793743 -0.012651295954139906 0.10165434303427141 -0.081418472456748811 -0.10813149065137835 -0.096254735313373613 0.049315812217590245 -0.042174199284414494 0.072556437794592088 0.094999500383045887 -0.022404427216796266 -0.029483777711594439
leaf_weight=6.315077436505816 2.5727146592689669 1.6268373572966073 3.2281841966323586 3.3133148839697304 1.7443530585151155 9.2860603865701723 4.8579285464948034 0.38511770963668812 2.8954117032699278 0.77199551067314942 1.3691997081041325 4.6003406086238092 6.706901012454181 4.6318232500925651 1.50415489822626 9.4545089052990061 8.2937094302615133 4.5645063492702311 4.9697107097599647 36.155366554390639 8.7650193673325685 1.1299434108659614 1.8286103205755342 3.1011011479422441 5.4765836577862563 8.4681680800858867 5.8365543407853684 7.1079534422606212 2.2916108863428235 9.7246498246677202
leaf_count=307 501 61 400 171 37 107 124 3 97 19 10 70 126 161 19 112 536 92 93 1908 193 417 49 68 31 754 117 184 31 90
internal_value=-0.000674344 0.000479403 -0.000469471 0.00151244 -0.00238642 0.0282836 0.0141585 0.0948939 -0.0107737 -0.00370289 -0.0295287 0.000667723 -0.00419785 -0.041351 -0.0203521 0.00248234 -0.000450551 -0.0158584 0.0130333 -0.00331295 0.0510131 0.0807486 -0.00068864 0.00430885 -0.00762999 0.00168455 0.0193386 0.053105 0.0663765 -0.00109447
internal_weight=172.977 170.405 168.778 162.463 141.81 20.6527 17.0394 3.6133 12.1815 140.066 20.273 119.793 109.621 18.9038 14.272 10.9587 105.021 49.0136 56.0072 40.7199 14.8647 9.89496 41.1426 39.314 32.6071 29.506 21.0378 10.1716 9.39956 15.2012
internal_count=6888 6387 6326 6019 5288 731 328 403 204 5251 473 4778 4544 463 302 131 4474 2536 1938 2000 703 610 1235 1186 1060 992 238 234 215 121
is_linear=0
shrinkage=0.1


Tree=56
num_leaves=31
num_cat=0
split_feature=2 8 4 11 13 2 1 11 10 8 21 11 2 2 2 11 34 34 18 3 34 34 34 13 37 7 1 21 21 0
split_gain=1.47942 1.30412 1.92473 1.57163 2.48179 2.68557 2.61389 2.12132 1.47087 1.60992 2.09239 1.51954 1.60444 1.46984 2.72076 1.36226 1.32647 1.5198 1.75723 1.31645 1.50905 3.7143 3.03818 2.29907 2.03294 1.59714 2.67426 1.5036 2.15769 1.80038
threshold=942131.07500000007 1.0000015000000002 2.5000000000000004 1.0122040000000003 1.9311315000000002 1659.7650000000001 3015.4000000000005 1.0000500000000001 1.8663215000000002 3.5041790000000006 0.004441945000000001 3.0968305000000007 9987.8600000000024 940.96000000000015 373.03500000000008 6.0722995000000006 19950.000000000004 516.15000000000009 2.0595605500000005 111.50000000000001 1.0507255000000002 1.0000000180025095e-35 1.3474375000000001 59.671879000000011 1.2646130000000002 8.5000000000000018 4579.8950000000013 0.00041293500000000007 0.00047164750000000007 3384.7850000000003
decision_type=2 2 2 2 2 2 2 2 2 2 2 2 2 2 2 2 2 2 2 2 2 2 2 2 2 2 2 2 2 2
left_child=1 3 8 7 -5 -6 -7 16 13 11 -11 12 -10 14 -3 -8 17 19 -19 20 21 27 -22 -23 25 26 -24 29 -29 -1
right_child=-2 2 -4 4 5 6 15 -9 9 10 -12 -13 -14 -15 -16 -17 -18 18 -20 -21 22 23 24 -25 -26 -27 -28 28 -30 -31
leaf_value=0.05083077678655467 -0.1007992600439422 -0.094979020267718151 -0.099798519800856966 0.12320610770221262 -0.095800329899372164 0.070708865470738694 -0.095169318825820914 -0.17150612716647706 0.042549778113172676 -0.049583291901085375 0.063309172952349987 0.14845227594345592 -0.083943343676200932 -0.1125034301666438 0.11298917817002803 0.042618740147125023 0.11053029065812187 -0.14531994639405774 0.0098495219929035718 -0.069711389192162729 0.10731923390498065 -0.088970781623837925 0.054138369378881446 0.19684903767817624 -0.043101180792586277 0.13409075011226379 -0.095604827425581643 -0.067588441677039701 0.0022529940983605527 -0.022435355084505188
leaf_weight=12.363105472875761 1.462411286891437 1.4539498165249889 2.7475474898237726 2.6264887554571024 1.8250418507959683 6.7902220832183939 1.8326054645003753 0.71371047210413863 5.4240264481632066 7.4279943456640449 2.107605742290616 1.0529219338204709 1.2301648037973789 2.5247542685829103 1.1087977373972533 1.1792384926229713 1.1036990396678437 1.5203754045069211 1.4035734175704417 2.5010098571656263 4.0123174826148924 5.9749185119289896 4.9035618408815917 0.29533909470774222 4.8896935308584943 1.4417601088061927 1.5759397811489178 4.6934559894725671 76.896036393125542 4.6025694365380323
leaf_count=403 432 42 274 49 33 322 40 17 106 1382 43 20 25 33 7 18 7 15 32 328 229 567 230 5 69 16 58 84 1821 181
internal_value=-0.000653771 0.000216825 -0.0208191 0.00390214 0.0354113 0.015579 0.0363167 0.000417652 -0.0111013 0.00283958 -0.0246312 0.0368277 0.0191649 -0.0583501 -0.00499955 -0.0412206 0.00137495 0.000426879 -0.0708345 0.00210521 0.00358171 -0.000880197 0.0313837 -0.0755082 0.00760119 0.0388991 0.0177179 0.00386777 -0.00176465 0.0309546
internal_weight=169.685 168.222 25.0778 143.145 14.2536 11.6271 9.80207 128.891 22.3302 17.2427 9.5356 7.70711 6.65419 5.0875 2.56275 3.01184 128.177 127.074 2.92395 124.15 121.649 104.825 16.8233 6.27026 12.811 7.92126 6.4795 98.5552 81.5895 16.9657
internal_count=6888 6456 1932 4524 462 413 380 4062 1658 1576 1425 151 131 82 49 58 4045 4038 47 3991 3663 3061 602 572 373 304 288 2489 1905 584
is_linear=0
shrinkage=0.1


Tree=57
num_leaves=31
num_cat=0
split_feature=2 0 17 44 10 13 0 2 10 12 6 17 6 4 6 29 35 34 23 34 34 6 3 7 7 3 8 27 6 34
split_gain=1.33757 1.20997 1.18221 1.60533 1.56165 1.66697 1.48318 1.41653 1.29896 1.59023 1.81659 1.54408 1.32305 2.76397 1.67874 1.75522 2.11144 3.51887 2.52415 1.93905 3.42798 1.77356 1.95939 1.7472 4.2087 2.51807 2.46575 1.65433 1.60496 1.59023
threshold=942131.07500000007 199708.88000000003 3234.5000000000005 33.500000000000007 46.603889000000002 683.49976400000014 1287.4300000000003 435877.23500000004 16.552560500000002 19.055000000000003 3.5000000000000004 34.500000000000007 71.000000000000014 44.500000000000007 22.500000000000004 4.5000000000000009 0.98830850000000015 13.821500000000002 5.6400000000000009e-08 12.883440000000002 1.3474375000000001 7.5000000000000009 8.5000000000000018 8.5000000000000018 5.5000000000000009 4.5000000000000009 0.026735000000000005 15.500000000000002 7.5000000000000009 1.3343860000000001
decision_type=2 2 2 2 2 2 2 2 2 2 2 2 2 2 2 2 2 2 2 2 2 2 2 2 2 2 2 2 2 2
left_child=1 2 3 4 8 -6 -5 -8 12 -10 -11 -12 13 14 15 16 18 19 23 20 29 -17 -23 24 25 -1 -26 -24 -19 -18
right_child=-2 -3 -4 6 5 -7 7 -9 9 10 11 -13 -14 -15 -16 21 17 28 -20 -21 -22 22 27 -25 26 -27 -28 -29 -30 -31
leaf_value=0.0018271726454292495 -0.1007238760434051 0.13541687805664179 -0.068387177425602783 0.13865048370083607 -0.1009031431269089 0.099715786784377633 0.097329473950090103 -0.10357878126484227 0.13244428994092133 -0.1024354305179091 0.12424509455404052 -0.082684203781839286 0.060547382310485537 -0.067783164550853758 0.097977458836865872 -0.088875823744338209 0.034573318512111539 -0.045832878626487328 -0.079887852117591043 0.11347918896920668 -0.055814104235661091 0.10424540408192573 -0.090232856203965373 -0.093698051801345036 0.22173247019604694 -0.057851101839129476 0.038707504625964673 0.051399705375520369 0.061341893975379536 0.10807583013399509
leaf_weight=82.700822495855391 1.3241844511358056 0.6589654665440311 2.5155914330389342 1.6066280636005097 2.6916785844368856 0.48949604714289296 0.70947313448414184 0.6944357983302325 1.6357171080308024 0.96772099635563824 1.3108780188485978 0.49743830796796817 3.4343649507500222 6.1655191403115159 1.7488955748267461 4.3801110653439519 10.887132996111186 7.6741043413057906 4.2797943297773591 3.6412403259892008 3.4767235654871902 1.2943619545549152 2.2938441751757641 2.0072964326245701 1.2860463541001075 7.7312108179321504 1.7212814914528278 1.2876423068810252 1.7083097998984156 4.0341041230130932
leaf_count=1504 432 14 133 33 1381 9 18 57 49 138 33 59 41 818 78 309 293 101 173 219 71 31 69 62 15 371 33 37 22 285
internal_value=-0.000619335 0.000181463 -0.00035905 0.000694996 -0.000671789 -0.0700334 0.073038 -0.00204868 0.000741152 0.0542307 0.00814505 0.0673222 -0.000813894 -0.00223474 0.00060826 -0.000604587 0.00236575 0.0249705 -0.0047565 0.0468052 0.0336093 -0.0426915 -0.00120274 -0.00138764 0.000595406 -0.00327484 0.116976 -0.0393121 -0.026319 0.0544454
internal_weight=166.855 165.531 164.872 162.356 159.346 3.18117 3.01054 1.40391 156.165 4.41175 2.77604 1.80832 151.753 148.318 142.153 140.404 131.148 31.4216 99.7265 22.0392 18.398 9.25596 4.87585 95.4467 93.4394 90.432 3.00733 3.58149 9.38241 14.9212
internal_count=6888 6456 6442 6309 6201 1390 108 75 4811 279 230 92 4532 4491 3673 3595 3149 991 2158 868 649 446 137 1985 1923 1875 48 106 123 578
is_linear=0
shrinkage=0.1


Tree=58
num_leaves=31
num_cat=0
split_feature=17 22 29 35 35 11 37 34 1 7 10 2 24 22 23 12 10 35 24 9 1 18 10 0 6 36 7 7 3 8
split_gain=1.23105 1.46129 1.68276 1.90962 3.05178 2.01626 1.98171 1.92023 1.76108 1.71812 1.53479 1.96115 1.44167 3.52954 2.06159 1.96127 1.66938 1.44026 1.96021 1.41245 1.68198 1.73399 1.47403 1.38241 1.32884 1.32846 1.28167 3.89565 2.76488 1.78103
threshold=287.50000000000006 56.500000000000007 5.5000000000000009 1.3360605000000001 1.3394440000000001 1.0000000180025095e-35 99.995000000000019 0.022503500000000006 2955.8150000000005 8.5000000000000018 1.1358945000000003 319336.35000000003 1.0000000180025095e-35 1.0000000180025095e-35 1.5125000000000005e-08 19.055000000000003 15.5672975 10068.500000000002 50614.384450000005 0.49996300000000005 23725.650000000005 16.305869080000004 0.15474150000000003 1171.3150000000003 73.500000000000014 227.72572600000004 8.5000000000000018 5.5000000000000009 4.5000000000000009 0.026735000000000005
decision_type=2 2 2 2 2 2 2 2 2 2 2 2 2 2 2 2 2 2 2 2 2 2 2 2 2 2 2 2 2 2
left_child=1 2 3 6 -5 17 7 12 25 19 -3 -12 13 15 -15 16 26 -6 -19 22 21 -21 -7 -17 -2 -4 27 28 -1 -29
right_child=24 10 8 4 5 9 -8 -9 -10 -11 11 -13 -14 14 -16 23 -18 18 -20 20 -22 -23 -24 -25 -26 -27 -28 29 -30 -31
leaf_value=0.00054536545121765788 -0.10949811284165481 0.12864792294071001 -0.070501241835876083 0.10833200678398339 -0.029378074443899716 0.017728488856252441 0.12652846361121983 -0.075851432220080783 -0.084704686454499731 0.094595469277635458 0.1020547125486701 -0.10178132909334232 -0.071700255872223631 0.13616811268581139 -0.025170914204015807 -0.083469272188357924 0.12304347352746442 0.1100943653335905 -0.045757575084392377 0.076807360992577373 -0.10989441665489326 -0.011863496942229485 -0.13360505229213929 0.049635222683017212 -0.010743192702967936 0.043691163660980338 -0.08590184195381452 0.20058461872138628 -0.064321911190295275 0.037494543912898068
leaf_weight=78.272561016259715 2.0854402268305412 1.8207915192469948 1.5804471108131091 3.6868833713233462 12.296692353324032 1.5140875929500937 1.1439723065122951 3.7742878681747234 4.6950512855546549 3.8827080409973851 0.9424666268751023 0.94557178858667612 2.9871141253970555 2.8559693082934241 1.0959073152625931 4.7889929548837236 1.0650236329529423 1.9286193627631285 1.3876527943648396 6.4116631136275792 0.74167807726189572 3.361704743350856 1.1195443451870231 0.93216148857027281 3.9308210115414113 2.8665796974673867 1.8224098528735329 1.3152901129797094 7.1730876786168656 1.3639991712989283
leaf_count=1424 514 30 68 331 579 36 14 393 408 51 23 149 48 53 31 1548 39 25 26 204 21 131 23 66 115 76 63 18 354 27
internal_value=-0.000578576 0.00111437 -0.000378841 0.00224608 0.0220916 0.0123516 -0.00439365 -0.00578756 -0.0419896 0.0361466 0.0631419 -3.09277e-05 -0.00323683 -0.00120567 0.0914267 -0.00499 -0.00141996 -0.0136053 0.0448801 0.0188871 0.0352899 0.0463076 -0.0466027 -0.0617822 -0.044975 0.00310786 -0.00289368 -0.00117708 -0.00490019 0.117557
internal_weight=163.789 157.773 154.064 144.922 36.3312 32.6444 108.591 107.447 9.14208 17.0314 3.70883 1.88804 103.673 100.685 3.95188 96.7335 91.0124 15.613 3.31627 13.1487 10.515 9.77337 2.63363 5.72115 6.01626 4.44703 89.9473 88.1249 85.4456 2.67929
internal_count=6888 6259 6057 5505 1427 1096 4078 4064 552 466 202 172 3671 3623 84 3539 1925 630 51 415 356 335 59 1614 629 144 1886 1823 1778 45
is_linear=0
shrinkage=0.1


Tree=59
num_leaves=31
num_cat=0
split_feature=2 10 9 19 5 12 1 13 13 3 1 1 2 12 21 9 21 13 1 2 10 6 2 35 34 9 9 6 9 0
split_gain=1.15253 1.08343 3.06966 2.13778 1.83942 3.27021 2.08848 2.61886 3.22987 1.86157 1.67147 1.67076 1.76932 1.62763 2.44945 2.11552 2.74948 3.61268 2.04208 3.07292 2.3877 2.03293 2.37347 2.02513 2.22395 2.02155 3.7633 2.01218 1.93415 1.79104
threshold=942131.07500000007 1.2008055000000002 2.9961865000000008 7.105064317000001 1.0000000180025095e-35 1.0881755000000002 38766.665000000001 2.0618065000000003 1.3882515000000002 9.5000000000000018 10513.635000000002 2955.8150000000005 414.49000000000007 1.1090665000000002 0.006247355500000001 0.64200000000000013 0.00084000250000000013 0.99864800000000009 5039.0350000000008 83088.130000000019 0.057610500000000009 3.5000000000000004 55.775000000000013 15033.329895000001 24.292828500000002 0.36312750000000005 0.20006500000000002 2.5000000000000004 0.17913050000000003 1287.4300000000003
decision_type=2 2 2 2 2 2 2 2 2 2 2 2 2 2 2 2 2 2 2 2 2 2 2 2 2 2 2 2 2 2
left_child=1 2 3 13 5 -3 11 8 -8 -9 -4 12 -7 15 29 18 -17 21 23 -20 27 22 -18 24 25 26 28 -21 -1 -15
right_child=-2 4 10 -5 -6 6 7 9 -10 -11 -12 -13 -14 14 -16 16 17 -19 19 20 -22 -23 -24 -25 -26 -27 -28 -29 -30 -31
leaf_value=-0.0036594975752664025 -0.10067888597453181 0.10275585388473987 0.076500970280736727 -0.069849490499465719 -0.065634188748416575 -0.047473421258439265 0.05498237192545509 -0.10291916758577511 0.44858716400577747 0.12610384907898564 -0.060552441013677377 -0.051795171254423622 0.0067783481966944828 0.029404827140934422 -0.049951598922741647 -0.12289064647878539 0.069098753731798898 0.089535353975733326 0.1173010890081375 -0.037928758563826923 -0.054210033555340133 0.032003783005290588 -0.087661067192194853 0.096824773580864706 -0.12211713888219983 0.0340225301067279 -0.082289928678931229 0.11558421164459463 0.12244265741012908 0.11731954797322869
leaf_weight=27.603617731016133 1.1410893223364826 2.6623764737742013 8.1391627729753928 4.0934773311601012 5.5762551263906053 7.7675495998701072 0.496103764045983 0.79452402039896675 0.35959342517890036 0.6414439647924155 0.99908380664419461 10.076015596394425 26.589611166506074 7.1172315706498903 2.6228828503517425 2.8363425317220416 1.1218459336087088 2.6740042616147539 3.9066476803272945 1.3143970363307746 3.3668034536531195 2.8801227279473087 6.9463512236252427 2.0145590275060377 1.5819141436368216 11.926571837160735 6.5061960471794 2.436813956592232 1.2723805140703905 3.4360483116470277
leaf_count=681 432 63 350 644 345 1476 28 82 19 29 38 751 741 193 68 90 19 32 42 28 83 57 134 18 20 179 91 69 19 67
internal_value=-0.00053568 0.000179595 0.00614348 0.000853645 -0.0111915 -0.00504442 -0.0111869 0.0819067 0.220389 -0.000615054 0.0615169 -0.0159882 -0.00548702 0.00401449 0.0365341 -0.00145167 -0.0333182 -0.0146681 0.00701728 0.0460371 0.00692458 -0.0401186 -0.0658643 -0.00143332 -0.00548208 -0.00158203 -0.0135836 0.0617944 0.00189702 0.058029
internal_weight=160.901 159.76 104.796 95.6582 54.9635 49.3872 46.7248 2.29167 0.855697 1.43597 9.13825 44.4332 34.3572 91.5647 13.1762 78.3886 16.4587 13.6223 61.9299 11.0247 7.11801 10.9483 8.0682 50.9052 48.8907 47.3088 35.3822 3.75121 28.876 10.5533
internal_count=6888 6456 2922 2534 3534 3189 3126 158 47 111 388 2968 2217 1890 328 1562 332 242 1230 222 180 210 153 1008 990 970 791 97 700 260
is_linear=0
shrinkage=0.1


Tree=60
num_leaves=31
num_cat=0
split_feature=17 17 2 21 0 7 38 21 2 6 21 5 24 8 10 2 21 11 22 21 17 9 22 6 10 0 12 7 11 18
split_gain=1.16969 1.50504 1.40877 1.23415 1.61477 1.82366 1.53417 1.52175 1.64107 2.2104 2.08819 1.97047 1.62759 1.37656 1.33005 1.65617 5.15344 1.94978 1.88969 3.85365 2.49264 2.49314 2.35334 2.29589 2.26316 1.9362 2.21555 2.46522 1.83017 1.70118
threshold=213.50000000000003 198.50000000000003 20180.535000000003 -1.3587183549999997 2604.6400000000003 3.5000000000000004 236250.00000000003 0.00041293500000000007 531.18500000000006 2.5000000000000004 8.4100000000000025e-05 1.0000000180025095e-35 3.4450000000000001e-08 0.0016165000000000001 0.021036500000000003 33.125000000000007 0.12852820150000002 0.0010040000000000003 1.0000000180025095e-35 0.077241717000000015 4.5000000000000009 0.22889450000000003 5.5000000000000009 2.5000000000000004 1.0206700000000002 7.705000000000001 0.49919750000000013 2.5000000000000004 0.49961650000000007 19.921422800000002
decision_type=2 2 2 2 2 2 2 2 2 2 2 2 2 2 2 2 2 2 2 2 2 2 2 2 2 2 2 2 2 2
left_child=1 3 -2 4 5 -1 7 8 12 10 11 13 -5 -10 -9 16 -16 -17 19 20 29 -22 23 -20 25 -23 -27 28 -28 -19
right_child=2 -3 -4 6 -6 -7 -8 14 9 -11 -12 -13 -14 -15 15 17 -18 18 22 -21 21 24 -24 -25 -26 26 27 -29 -30 -31
leaf_value=-0.10409492261437102 0.072112367931426169 0.16728141232455765 -0.059099539225113421 0.11962506049630116 -0.10326441151211929 0.054090157851323956 0.097900507789261682 0.033577821162671433 -0.14182451610867286 0.070049227998142893 0.04496384209807066 0.036632809707573315 -0.11962795541427518 -0.029850184565957213 -0.087930533780185893 -0.025647921532075638 0.067178084283989803 0.012622485397906301 -0.0010162846559795518 0.20911895707135206 -0.13001199822939144 -0.079148812740026109 -0.057959976439706767 0.070441629947044074 -0.062069636230396234 -0.065474508826057987 -0.10028608004923312 0.11149167717440689 0.096214947823711872 -0.10208492877224207
leaf_weight=1.0849176776828238 0.94972569309174915 0.54417603428009798 5.9114253515726887 2.7565571884624691 2.5917177707888186 2.2203566276002675 1.6662371633574355 9.424465886782853 2.1327615438494814 4.923659420805051 4.0314473859034479 1.9483585031703112 0.31703748181462277 2.2626148001290858 7.4648212629836035 25.741180971264839 3.0040378579869866 36.244812368415296 7.243229328771128 0.84078606916591425 2.4417777894996133 1.9013964784098805 2.6062069816980502 11.855682827183044 7.7329881951445705 1.7281919778324661 1.2484938449924814 3.7531825704500079 0.76404700300190587 1.3407338944962237
leaf_count=31 16 30 732 400 231 60 41 86 18 186 39 26 3 38 536 1277 32 452 218 19 51 100 131 441 748 29 54 48 33 782
internal_value=-0.000550387 0.00127485 -0.0409371 0.000677663 -0.0441695 0.00216775 0.00249685 0.00139068 0.028268 0.014872 -0.011313 -0.0470769 0.0949464 -0.0841833 -0.00254913 -0.00548652 -0.0434221 -0.00172009 0.00600787 -0.00341193 -0.00653836 -0.0354794 0.0311777 0.0433413 -0.022003 0.0109745 0.0338411 0.0636095 -0.0256858 0.0085307
internal_weight=158.677 151.816 6.86115 151.272 5.89699 3.30527 145.375 143.708 18.3724 15.2988 10.3752 6.34373 3.07359 4.39538 125.336 115.912 10.4689 105.443 79.7015 57.9964 57.1556 19.5701 21.7051 19.0989 17.1283 9.39531 7.49392 5.76572 2.01254 37.5855
internal_count=6888 6140 748 6110 322 91 5788 5747 710 307 121 82 403 56 5037 4951 568 4383 3106 2316 2297 1063 790 659 1012 264 164 135 87 1234
is_linear=0
shrinkage=0.1


Tree=61
num_leaves=31
num_cat=0
split_feature=3 6 4 21 17 3 10 21 21 13 1 4 4 19 3 10 17 10 19 1 10 2 2 10 10 9 29 21 19 11
split_gain=1.07293 1.01234 2.17557 1.7994 1.73039 1.67577 1.36275 2.1932 1.75288 1.28332 1.2606 1.0522 1.30687 2.18889 1.15836 1.72567 1.65921 1.65997 1.47541 1.304 2.3383 1.08328 1.52061 1.11487 1.74114 1.75649 1.7327 1.04195 1.03365 1.85589
threshold=235.50000000000003 7.5000000000000009 28.500000000000004 -2.1647324329999997 32.500000000000007 5.5000000000000009 1.0837335000000001 -4.9872140394999986 8.0905000000000022 3.3436470000000007 1838.8300000000002 23.500000000000004 9.5000000000000018 0.15809514999999999 9.5000000000000018 2.0708335000000004 16.500000000000004 3.9506685000000004 2.3887085950000002 48280.030000000006 0.063721000000000014 498834.59500000003 379012.61000000004 1018.8172375000001 32.551058500000011 49.999446500000012 4.5000000000000009 0.0079361255000000019 4.2385644550000015 0.026492500000000006
decision_type=2 2 2 2 2 2 2 2 2 2 2 2 2 2 2 2 2 2 2 2 2 2 2 2 2 2 2 2 2 2
left_child=1 2 3 -1 5 -3 7 -6 -9 -8 -11 12 14 -14 19 18 -17 -18 27 21 -21 22 23 24 25 26 28 -16 -5 -30
right_child=-2 4 -4 11 6 -7 9 8 -10 10 -12 -13 13 -15 15 16 17 -19 -20 20 -22 -23 -24 -25 -26 -27 -28 -29 29 -31
leaf_value=-0.096321535154369933 -0.10159908406586884 0.092917499925061278 -0.087814999035586871 0.0058855483725470392 0.18820074844565435 0.0097840065861456021 -0.060836772246203763 -0.024146519574766316 0.079603587128192668 0.051979400858201331 -0.070554036068312953 0.096867474094040187 0.10644167573825428 -0.099615832471151355 0.092519638421219214 0.19317908113809676 0.11611158836707997 -0.058760332979463939 -0.088347565405457185 0.076551661985192018 -0.10602087429554621 -0.10789711356484562 0.11216392528089972 0.12503355956736451 -0.1010078309468103 0.11808790259854443 -0.096421379465050763 -0.03460298490805902 -0.084434616913408714 -0.0044509258514200045
leaf_weight=1.9715497208526347 1.0435668802820135 4.8732731279451418 2.9929124775226219 81.834895845036954 0.77911757619585831 4.8258685928303748 5.1281274154316616 4.7275547735625905 2.4841368950437754 2.7716162536526103 1.2044544985983519 1.1106611097929988 0.63170673325657789 2.8029366454575211 1.532707002712413 1.0981251692865046 1.2988686852622779 0.93256434751674522 1.3851474195253102 0.93845855165272896 2.7782979486510158 0.91705310181714494 1.2220312214922149 0.70800142944790323 1.7082333066500712 1.2608819429296989 1.8553767525590945 1.1129428071435539 3.6327012978727025 14.402943452587349
leaf_count=146 344 266 889 1593 12 119 186 130 39 91 175 71 7 335 18 14 20 65 53 17 144 47 27 11 1299 38 76 29 151 476
internal_value=-0.000541905 0.000138819 -0.00355778 -0.00154257 0.0178158 0.0515539 -0.00132601 0.0288109 0.0115912 -0.0277774 0.0148609 -2.54045e-05 -0.000907107 -0.0617173 0.000853665 0.039274 0.09255 0.0430288 -0.00473357 -0.00168804 -0.0599224 0.000324593 0.00125538 -3.04832e-05 -0.00087623 0.000784644 -0.000669317 0.0390431 0.00110955 -0.0205611
internal_weight=155.967 154.923 128.129 125.136 26.7941 9.69914 17.095 7.99081 7.21169 9.1042 3.97607 123.165 122.054 3.43464 118.619 7.36036 3.32956 2.23143 4.0308 111.259 3.71676 107.542 106.625 105.403 104.695 102.987 101.726 2.64565 99.8705 18.0356
internal_count=6888 6544 5526 4637 1018 385 633 181 169 452 266 4491 4420 342 4078 199 99 85 100 3879 161 3718 3671 3644 3633 2334 2296 47 2220 627
is_linear=0
shrinkage=0.1


Tree=62
num_leaves=31
num_cat=0
split_feature=17 6 17 19 21 6 21 1 9 4 4 21 36 43 22 29 13 7 10 10 19 18 1 7 1 6 1 8 0 10
split_gain=1.01254 1.33653 1.34521 1.57846 2.28673 1.23461 1.76752 1.48582 2.21574 1.20741 1.52859 1.08315 1.29112 1.03617 1.01598 1.25354 0.970593 1.49607 1.47483 1.38965 1.54655 2.26961 1.95008 1.41968 1.05311 1.21377 4.58723 1.57397 1.86081 1.81899
threshold=781.50000000000011 71.000000000000014 96.500000000000014 110.48048500000002 -4.9872140394999986 11.500000000000002 -2.1647324329999997 4579.8950000000013 0.27438550000000006 25.500000000000004 23.500000000000004 148.97072010000002 104.02107650000001 42.500000000000007 26.500000000000004 6.5000000000000009 50.524094000000005 2.5000000000000004 24.843840500000002 16.552560500000002 16.049854535000005 14.523566000000001 147.27000000000001 8.5000000000000018 123380.90500000001 1.5000000000000002 5.7100000000000009 0.26762300000000006 106.21000000000002 0.25995800000000008
decision_type=2 2 2 2 2 2 2 2 2 2 2 2 2 2 2 2 2 2 2 2 2 2 2 2 2 2 2 2 2 2
left_child=1 2 5 4 -4 6 -1 8 -7 10 14 -2 -13 -5 15 16 18 -18 19 20 21 24 -22 -24 25 26 -8 29 -29 -27
right_child=11 -3 3 13 -6 7 9 -9 -10 -11 -12 12 -14 -15 -16 -17 17 -19 -20 -21 22 -23 23 -25 -26 27 -28 28 -30 -31
leaf_value=-0.094231458325788137 -0.10689200886437999 0.06717255013573202 0.14469957507645015 -0.11493686711980958 -0.049327938967648151 -0.11101576724915059 0.0023626923411908924 -0.02029864420966571 0.085182326690896093 -0.070223550057913059 0.1410478787119088 0.12035181553570938 -0.069215978992468688 0.095819212121394215 0.069198282824257051 -0.070744614285041987 0.12557400509958191 -0.10097189621184438 -0.10062722486218117 0.083876159521262317 0.071999461815151794 0.13348248516294225 -0.088477488532805043 0.035461772053231568 -0.10619506290326529 0.030503124587187402 -0.085900021178005603 0.0069673510473305849 0.086015560131602567 -0.017116576743872198
leaf_weight=2.0091040857369071 1.8233890979900018 2.963013344211503 0.84025368909351561 2.8023216319270436 2.1920570636284529 0.64224813878536036 56.244291733717546 3.0662367095355876 5.5477218960877508 2.3841776614426626 0.78128260932862659 0.60669529810547806 0.8810277619631961 0.25445951765868802 2.1316510314354664 2.4846550270449361 1.330693982890806 0.37326755817048241 1.4407225688919414 1.9969967779470597 1.2136191215831775 1.3122546153608698 5.1901787488604896 1.1244399473071096 0.90584563184529443 14.072210212238131 6.5769450257066628 6.0608657668344659 5.8545520748011768 18.655947012128308
leaf_count=158 277 60 33 443 431 5 1240 84 292 363 39 19 49 16 75 185 53 255 1103 78 27 28 414 37 38 221 153 171 84 457
internal_value=-0.000528589 0.000675249 -0.000660664 -0.0466824 0.00443711 0.00132117 -0.00115189 0.0366271 0.0648255 0.000285133 0.00160102 -0.0552292 0.00809 -0.0973926 0.000742959 -0.000425944 0.00100204 0.0759472 -5.6435e-05 0.00115904 -0.000250261 0.0027591 -0.0440952 -0.0664077 0.00117618 0.00208123 -0.0068778 0.0146881 0.0458071 0.00335859
internal_weight=153.763 150.452 147.489 6.08909 3.03231 141.4 132.144 9.25621 6.18997 130.135 127.75 3.31111 1.48772 3.05678 126.969 124.837 122.353 1.70396 120.649 119.208 117.211 109.683 7.52824 6.31462 108.371 107.465 62.8212 44.6436 11.9154 32.7282
internal_count=6888 6543 6483 923 464 5560 5179 381 297 5021 4658 345 68 459 4619 4544 4359 308 4051 2948 2870 2392 478 451 2364 2326 1393 933 255 678
is_linear=0
shrinkage=0.1


Tree=63
num_leaves=31
num_cat=0
split_feature=17 0 3 43 6 17 2 18 9 12 18 2 13 35 36 38 37 34 10 10 34 4 1 22 1 3 12 2 7 9
split_gain=0.929646 0.897812 0.886136 0.948611 0.852875 1.83079 1.36106 1.29771 2.48249 2.21289 1.78261 1.36966 1.42825 1.30592 2.27521 2.03376 1.78836 1.7942 2.24328 3.50748 1.69659 1.3532 1.58367 1.4006 1.29129 1.75612 1.95111 2.23701 1.62519 1.2804
threshold=1.0000000180025095e-35 199708.88000000003 235.50000000000003 31.500000000000004 4.5000000000000009 32.500000000000007 510934.1750000001 4.2035192490000011 8.0050000000000008 7.9970295000000009 3.9892899910000001 531.18500000000006 8.913473500000002 15033.329895000001 104.02107650000001 98.750000000000014 1.0000000180025095e-35 0.20109100000000002 0.16470100000000001 0.080502000000000004 0.0020460000000000005 4.5000000000000009 37274.235000000008 1.5000000000000002 1.8350000000000002 5.5000000000000009 0.19970800000000002 20180.535000000003 2.5000000000000004 0.52899900000000011
decision_type=2 2 2 2 2 2 2 2 2 2 2 2 2 2 2 2 2 2 2 2 2 2 2 2 2 2 2 2 2 2
left_child=-1 2 3 4 5 6 7 10 -9 -10 13 12 -11 14 15 16 17 20 19 -19 21 22 23 29 -6 26 27 -26 -27 -2
right_child=1 -3 -4 -5 24 -7 -8 8 9 11 -12 -13 -14 -15 -16 -17 -18 18 -20 -21 -22 -23 -24 -25 25 28 -28 -29 -30 -31
leaf_value=0.10026378890641235 0.01510867341217122 0.11979912210689242 -0.10146585950808203 0.10428644004819987 -0.11544705839967102 -0.090926931139243314 -0.10568395422944386 -0.062115852712700731 0.17341056549595679 0.11296860545773196 0.12041264014030253 0.016049503654817759 -0.096065056808045293 0.072233590889443769 -0.091355360842068578 0.12610859835505953 -0.097648764652990383 0.11081521262089096 0.097660600162529296 -0.16293892266147836 -0.10724462345080399 0.057666165430825291 -0.10527009461899578 -0.065593354409259633 0.090688509789897467 -0.083245873264874884 0.078638315627081512 -0.030673920855714007 0.0058848057839384592 -0.01378249059696296
leaf_weight=0.90972496871836384 34.534016594290733 0.61143934074789186 0.88369707122910668 0.85035126062575628 0.77958729874808241 2.4770829997723913 1.3006304548471224 9.7298031974351051 0.74436066136695345 0.38064832892268752 1.2653163485229004 7.8909875374520198 2.3134925759513862 2.4891507881693533 2.7126459447899824 1.2940038074739266 1.842414857354014 0.87959639681503077 3.9877455844543874 1.0002684779465196 1.5081172471400339 3.8409269958501673 1.4911760293180112 3.1971689029596737 2.1533816214650852 2.3056364438380141 7.1231923101004213 5.1537980952416547 18.148616903985385 27.598796189995483
leaf_count=371 373 16 344 27 20 760 128 334 14 8 21 334 1309 29 62 13 17 27 223 13 54 146 44 66 44 206 405 303 759 418
internal_value=-0.000521009 -0.00113027 -0.00162361 -0.00103144 -0.00163597 -0.0059085 -0.00399399 -0.00277725 -0.025067 0.0067507 0.00257874 -0.00496905 -0.0665312 0.000852603 -0.00126546 0.00174512 -0.00026948 0.00202957 0.0552074 -0.0348483 -0.00229391 -5.39853e-05 -0.00337178 -0.00104592 0.0118388 0.0146833 0.0413957 0.00509085 -0.00416215 0.0022755
internal_weight=151.398 150.488 149.877 148.993 148.143 112.478 110.001 108.701 21.0593 11.3295 87.6413 10.5851 2.69414 86.376 83.8869 81.1742 79.8802 78.0378 5.86761 1.87986 72.1702 70.6621 66.8212 65.33 35.6642 34.8846 14.4304 7.30718 20.4543 62.1328
internal_count=6888 6517 6501 6157 6130 4393 3633 3505 1999 1665 1506 1651 1317 1485 1456 1394 1381 1364 263 40 1101 1047 901 857 1737 1717 752 347 965 791
is_linear=0
shrinkage=0.1


Tree=64
num_leaves=31
num_cat=0
split_feature=2 8 8 21 6 21 0 2 4 17 8 8 34 21 5 27 2 18 2 26 6 10 9 9 2 21 1 2 11 13
split_gain=0.87151 0.835407 1.98183 1.63705 2.44936 2.28677 1.50661 1.48981 1.41319 1.26899 1.23741 1.69489 1.15083 1.08553 4.38405 3.71516 2.47181 2.12235 1.97706 2.4314 1.82826 1.32716 1.20066 3.04971 2.7251 1.87771 1.98452 2.35641 1.5196 2.68475
threshold=942131.07500000007 0.00099750000000000034 0.0010015000000000002 0.36439737300000002 5.5000000000000009 0.00094397750000000009 21381.735000000004 22880.280000000002 43.500000000000007 6.5000000000000009 0.0019740000000000005 0.0014769999999999504 564.79161800000008 0.11244889400000001 1.0000000180025095e-35 4.5000000000000009 4.3050000000000006 0.0094314190000000016 64.925000000000026 1.5000000000000002 7.5000000000000009 0.063721000000000014 0.40821550000000006 0.51024150000000013 1492.3900000000001 0.019990009000000003 3635.6600000000003 812844.15000000014 0.096813500000000011 0.073083000000000023
decision_type=2 2 2 2 2 2 2 2 2 2 2 2 2 2 2 2 2 2 2 2 2 2 2 2 2 2 2 2 2 2
left_child=1 3 -3 5 -5 6 12 -6 10 -7 11 -4 -1 16 15 -15 21 -18 -19 22 -17 -12 24 -24 -20 -25 -27 -28 29 -26
right_child=-2 2 8 4 7 9 -8 -9 -10 -11 13 -13 -14 14 -16 20 17 18 19 -21 -22 -23 23 25 28 26 27 -29 -30 -31
leaf_value=0.027858606737419103 -0.10057574517919077 -0.081458398628405551 -0.020588354285834817 -0.10643171186832384 0.11205798619229113 0.18189984370791559 -0.12834455927883048 -0.011250319956472118 -0.059823654014299656 0.063355024433239177 -0.023656696339284355 0.16745739875083487 -0.11158766460755412 0.12596126738155383 -0.075800855255088673 -0.07915867681910449 0.067008101339858531 -0.063310578992846228 -0.10140896639731688 -0.075247336400231568 0.066202353077861209 -0.11415090035780764 0.0743563917647143 -0.0013122481667913214 0.015162879344748359 0.13360542106298395 -0.080210228409241857 0.25294369076276885 0.037804308147455931 -0.090934562697887356
leaf_weight=9.0926967841805872 0.8650648114271452 3.155681120522785 0.89359439047984679 2.3143156353034993 1.2475211629644034 1.1377625884488214 0.74966030847281295 4.5661380814854056 3.9740745125454842 4.3766636982327327 3.7356734853237858 1.0338414777070282 0.63303332915529686 4.6199500745860842 2.915675434167496 1.8430828531854788 4.5508065717294803 5.1245849528932004 3.2239311467856195 4.0322023964254177 1.630883806152269 2.8624024324235506 6.7734479277860364 53.449240122165065 6.3381429124856385 2.1672270476119588 1.1511325771571135 0.26031535142101336 6.2816604365361846 3.8239995631156489
leaf_count=620 432 76 49 534 23 12 14 204 500 116 27 21 9 75 54 126 39 598 54 276 39 135 98 2402 74 36 101 8 73 63
internal_value=-0.000496031 8.90991e-05 -0.00322689 0.0171163 -0.0194258 0.0356914 0.00825328 0.0152097 -0.0011813 0.0878138 0.000815487 0.080276 0.0187823 -0.000518797 0.0293377 0.0672118 -0.00368631 0.000335197 -0.00294051 0.00059511 -0.0109177 -0.0629152 0.00425889 0.0109179 -0.0173427 0.00338303 0.0735093 -0.0187662 -0.000860835 -0.0247614
internal_weight=148.824 147.959 123.842 24.1178 8.12797 15.9898 10.4754 5.81366 120.686 5.51443 116.712 1.92744 9.72573 114.784 11.0096 8.09392 103.775 97.1767 92.6259 87.5013 3.47397 6.59808 83.4691 63.8014 19.6677 57.0279 3.57867 1.41145 16.4438 10.1621
internal_count=6888 6456 4924 1532 761 771 643 227 4848 128 4348 70 629 4278 294 240 3984 3822 3783 3185 165 162 2909 2645 264 2547 145 109 210 137
is_linear=0
shrinkage=0.1


Tree=65
num_leaves=31
num_cat=0
split_feature=17 6 17 1 6 21 9 2 19 11 2 8 7 21 21 21 21 11 21 2 8 9 10 21 8 17 12 2 12 9
split_gain=0.83984 1.0527 1.32234 1.04192 2.10498 2.48726 2.36092 1.69902 2.05232 1.7636 4.06136 2.53491 1.74856 1.80142 1.66554 2.75029 2.51606 2.49926 2.36868 2.17871 1.95483 3.68952 3.37777 1.93622 1.59378 1.42853 1.37721 1.26792 1.21538 2.90492
threshold=3234.5000000000005 71.000000000000014 256.50000000000006 589.95500000000004 3.5000000000000004 -1.0000000180025095e-35 0.49996300000000005 6250.7700000000013 1.9995065000000001 0.094824000000000006 17109.790000000005 0.00030750000000000005 1.5000000000000002 0.00079800400000000005 0.00041293500000000007 0.00062500000000000012 0.00087149999999995011 0.0015875000000000002 0.00061288750000000017 71.200000000000017 0.13922850000000003 0.51024150000000013 2.4464340000000004 0.00088277000000000006 0.00099750000000000034 15.500000000000002 1.7381775000000002 750.07500000000016 1.8072325000000002 0.9566650000000001
decision_type=2 2 2 2 2 2 2 2 2 2 2 2 2 2 2 2 2 2 2 2 2 2 2 2 2 2 2 2 2 2
left_child=1 2 3 4 5 -1 -6 26 9 10 -9 -12 13 -11 28 18 17 -17 19 -16 -21 -22 -23 -18 -25 -13 -5 -8 29 -7
right_child=-2 -3 -4 7 6 14 27 8 -10 12 11 25 -14 -15 15 16 23 -19 -20 20 21 22 -24 24 -26 -27 -28 -29 -30 -31
leaf_value=-0.090912355640137055 -0.062736182987579533 0.055201448436445345 -0.10862014770741069 -0.10285955204643614 -0.10687628006680375 0.051203292569991225 -0.062865116239882085 -0.199618842224702 -0.019446517327598407 0.11239672896533404 0.084035118914571605 -0.038711190032873266 0.14947460116689812 -0.028776438393283844 -0.093195528562616481 -0.090155745195119069 -0.1253905794440576 0.089914897903965729 -0.10588569095851855 -0.065783049197633781 0.15505702661347473 -0.088056719753241502 0.092190733203161124 0.15202299473260905 0.0030350513611184403 0.064292673059191979 0.0037516771015956071 0.07836227814722127 0.12342845067803734 -0.18820527656162572
leaf_weight=2.8072907140012822 2.1360359393875106 3.4258093195385291 1.130487992952111 3.372254373971372 0.85743640456348558 5.1449495651759198 0.6908617651788499 0.92944121360779064 33.813125796499662 1.5476506692357355 3.8403995377011579 5.9577877121046185 1.82384921843186 2.1729578629601747 2.683195646503008 0.88264238089322944 1.1581558026373375 6.0813347809016705 3.7866056174971154 2.440840386785565 1.9188542542979119 2.4617278571240604 1.799751318991184 0.73148614494129915 38.957973746699281 1.7395618556765837 1.8912519067525861 7.962154945009388 1.7240051599219439 0.56220243405550707
leaf_count=56 165 73 470 35 9 428 26 11 2524 12 89 119 23 48 178 8 10 114 149 24 18 32 24 10 1752 47 32 379 18 5
internal_value=-0.000491364 0.000430056 -0.000901924 -3.04888e-05 0.00714588 0.00139123 0.0514026 -0.0104203 -0.00492245 0.0223435 0.00147607 0.0176756 0.0692656 0.029947 0.00507542 -0.000213774 0.0115338 0.067092 -0.0374326 -0.014503 0.00998874 0.0399138 -0.0119328 0.00206182 0.00578093 -0.0154328 -0.0645526 0.0670866 0.0498469 0.0276195
internal_weight=146.432 144.296 140.87 139.74 82.6515 73.141 9.51045 57.0883 51.8248 18.0116 12.4672 11.5377 5.54446 3.72061 70.3337 62.9026 47.8116 6.96398 15.091 11.3044 8.62117 6.18033 4.26148 40.8476 39.6895 7.69735 5.26351 8.65302 7.43116 5.70715
internal_count=6888 6723 6650 6180 3240 2826 414 2940 2873 349 266 255 83 60 2770 2319 1894 122 425 276 98 74 56 1772 1762 166 67 405 451 433
is_linear=0
shrinkage=0.1


Tree=66
num_leaves=31
num_cat=0
split_feature=17 2 6 4 17 4 4 10 10 21 21 3 2 35 19 21 0 4 6 2 23 35 35 23 35 38 22 8 27 22
split_gain=0.775927 0.7578 0.787104 1.5122 1.46218 1.29899 1.25689 1.6204 1.15138 1.56709 1.4803 1.14307 1.11704 0.984631 1.01993 0.982642 0.964196 0.916421 1.17803 1.15277 1.4559 0.910423 1.99527 1.44825 1.6913 1.23376 1.45891 1.44876 0.949347 0.84454
threshold=1.0000000180025095e-35 942131.07500000007 7.5000000000000009 25.500000000000004 32.500000000000007 23.500000000000004 9.5000000000000018 0.041027500000000008 1.0837335000000001 -3.9719032105000003 0.041933180000000007 5.5000000000000009 10741.445000000002 2388.2443425000006 61.426898310000006 -2.1647324329999997 27518.490000000002 252.00000000000003 52.000000000000007 121011.85000000002 1.3328974445000001 12452.218750000002 1662.5706945000004 49945.985685000007 300957.08800000005 895.54018750000012 3.5000000000000004 0.0044605000000000001 2.5000000000000004 1.5000000000000002
decision_type=2 2 2 2 2 2 2 2 2 2 2 2 2 2 2 2 2 2 2 2 2 2 2 2 2 2 2 2 2 2
left_child=-1 2 3 5 11 6 15 -8 9 -6 -11 -4 -5 14 -12 -2 17 18 19 20 -10 22 25 -23 -25 26 28 -28 29 -17
right_child=1 -3 4 12 8 -7 7 -9 16 10 13 -13 -14 -15 -16 21 -18 -19 -20 -21 -22 23 -24 24 -26 -27 27 -29 -30 -31
leaf_value=0.10022050108458505 -0.086045509086131122 -0.10054737440214297 0.088132795022663413 0.12087498333246678 0.16925727178812056 0.13064630466041358 0.083526755075017445 -0.099552990213238185 -0.082325415328852333 -0.047170093710551753 0.018035232105920933 0.01454886932733275 -0.10138577295695386 -0.032469822466868713 0.13634449156226969 0.0024350638347735826 0.097615935577722329 -0.11240272093685791 0.076617523847320235 -0.081464276011171524 0.076107738466370853 0.097342143203135098 -0.11158654400206852 -0.11474501874284256 0.087815477018921756 0.10406032265348962 0.021014288518795759 -0.095561269348708136 0.073758896179998229 -0.034199130669836195
leaf_weight=0.76103584340307762 1.3499141286592919 0.76096479149418783 4.0161968332249689 0.25055000185966436 0.69902395224198688 0.73185632296372105 0.59538010368123595 2.5712535562342964 0.97831227118149255 2.5847310032695523 1.3916409756056971 4.4504205712582916 2.3192469468340278 1.0615971270017324 1.5295700804563237 90.397654878324829 0.57292297366075207 1.3291043633362276 1.0335096977651117 2.9828682104125619 1.4246520604938266 2.3396837154868981 1.6350013882620249 0.92614321305882163 0.74280652904417366 1.1215816162293766 1.6216231857542869 3.111696548643522 1.7712806654162694 6.7636857230681917
leaf_count=371 112 432 265 2 11 33 7 358 21 76 27 111 933 22 25 3163 11 86 31 227 43 36 65 32 16 19 28 152 27 146
internal_value=-0.00048559 -0.0010213 -0.000489086 -0.00384342 0.0160004 -0.00215793 -0.00300348 -0.0651309 -0.00216986 0.0269137 0.0117632 0.0494539 -0.0797158 0.0500092 0.0799829 -0.00124348 -0.0275668 -0.0368229 -0.0211743 -0.03994 0.0116053 -0.000206857 -0.00196906 0.0465768 -0.0245906 -0.000258701 -0.00138735 -0.0556228 0.00120748 -0.00011515
internal_weight=143.826 143.065 142.304 118.249 24.0546 115.68 114.948 3.16663 15.5879 7.26656 6.56754 8.46662 2.5698 3.98281 2.92121 111.781 8.32137 7.74845 6.41934 5.38583 2.40296 110.431 106.423 4.00863 1.66895 104.788 103.666 4.73332 98.9326 97.1613
internal_count=6888 6517 6085 5129 956 4194 4161 365 580 161 150 376 935 74 52 3796 419 408 322 291 64 3684 3600 84 48 3535 3516 180 3336 3309
is_linear=0
shrinkage=0.1


Tree=67
num_leaves=31
num_cat=0
split_feature=34 34 34 2 34 34 21 6 35 35 21 22 22 9 22 21 4 2 43 12 10 0 2 10 17 1 7 7 3 9
split_gain=0.725733 2.67059 2.55857 2.14791 1.54466 3.27357 1.46375 1.62599 1.38674 1.18611 1.45935 0.949104 2.48077 1.5911 2.03185 1.44968 1.88281 1.99978 1.60039 1.27169 1.29585 1.11114 1.07016 0.999366 1.13155 1.49273 0.95194 2.20427 1.96506 0.979825
threshold=1.0507255000000002 1.3474375000000001 1.0000000180025095e-35 30136.225000000002 9.9375000000000018 13.821500000000002 0.29488223050000006 9.5000000000000018 1.3360605000000001 15033.329895000001 0.0011311040000000002 1.0000000180025095e-35 1.5000000000000002 4.9992065000000006 6.5000000000000009 0.0097015000000000018 2.5000000000000004 294055.58500000002 8.5000000000000018 19.055000000000003 16.552560500000002 1171.3150000000003 20180.535000000003 2.2308060000000003 694.50000000000011 5676.3050000000012 8.5000000000000018 5.5000000000000009 4.5000000000000009 0.64200000000000013
decision_type=2 2 2 2 2 2 2 2 2 2 2 2 2 2 2 2 2 2 2 2 2 2 2 2 2 2 2 2 2 2
left_child=2 8 11 -4 -3 -6 7 9 -2 10 -7 19 -13 15 -15 16 -14 -18 -17 20 26 -21 -16 24 25 -24 27 28 29 -1
right_child=1 4 3 -5 5 6 -8 -9 -10 -11 -12 12 13 14 22 18 17 -19 -20 21 -22 -23 23 -25 -26 -27 -28 -29 -30 -31
leaf_value=0.010147739499758293 -0.10952672357201072 -0.065695394457831832 0.039379528454597967 -0.09931867583469231 0.093496017147175495 -0.0084893577941424266 0.080419868395058949 0.04881529360662612 0.11070412982360163 0.0065886965427988681 -0.12929829253597083 0.10032024301679501 -0.059945049302994505 0.076898909667238946 0.081098986350285882 -0.086154263747351412 0.093975359732247424 -0.07445874700904917 0.082818914213963854 -0.080086212386088207 0.11451462812926548 0.048220656619709069 0.11573391775696923 -0.052294496172567609 -0.10867200002738629 -0.046344681848307784 -0.081822619718796633 0.089124799977444449 -0.059947920797002986 -0.013191412372826736
leaf_weight=39.200846199411899 0.31145082565490456 2.9683842691010822 1.4662847667932499 4.6810080811847001 3.735470544663257 1.5567049261881019 1.3328447603853408 1.895304291276261 3.4872828432125971 2.0228171553462744 2.795562200830318 3.1084886668249991 2.406912072910929 5.2866069669835261 1.276067974511532 4.1964152765576728 2.893647590419278 0.93189938593422983 0.64692797802854318 3.703547526994952 0.93903966422658314 0.82536061934661109 1.4939227953436791 3.8404452158429194 0.51914581574965257 0.91705198271665711 1.527909363125217 2.5622179817000861 6.0362017310981164 33.240767597802915
leaf_count=673 16 153 10 657 237 40 22 31 308 22 69 78 52 240 27 351 81 79 12 1601 36 66 59 579 44 55 72 48 409 761
internal_value=-0.000463965 0.0171366 -0.0033717 -0.0662356 -0.000453768 0.0140651 -0.016832 -0.032505 0.0926478 -0.0566815 -0.0860877 -2.74167e-05 0.0161829 0.00546798 0.0287378 -0.0225447 0.009348 0.052945 -0.0635844 -0.00509429 -0.00229534 -0.0567032 -0.00290381 -0.0187361 0.0252483 0.0540848 -0.00362381 -0.00214947 -0.00512948 -0.000561731
internal_weight=141.807 20.1058 121.701 6.14729 16.3071 13.3387 9.60323 8.27039 3.79873 6.37508 4.35227 115.553 27.5175 24.409 13.3332 11.0758 6.23246 3.82555 4.84334 88.0359 83.507 4.52891 8.04663 6.77057 2.93012 2.41097 82.5679 81.04 78.4778 72.4416
internal_count=6888 898 5990 667 574 421 184 162 324 131 109 5323 1657 1579 1004 575 212 160 363 3666 1999 1667 764 737 158 114 1963 1891 1843 1434
is_linear=0
shrinkage=0.1


Tree=68
num_leaves=31
num_cat=0
split_feature=0 17 6 1 1 2 1 1 0 0 0 36 21 22 24 24 36 19 22 9 9 19 6 2 2 19 5 0 18 8
split_gain=0.712441 0.679329 0.691145 2.75949 1.71397 2.20735 1.66417 1.4314 1.62755 1.89747 1.88343 1.64921 1.67561 1.42704 1.91327 1.38554 1.3061 2.01448 1.26443 1.23264 5.78585 1.19801 1.35154 1.17625 1.64112 1.26236 2.07217 1.94919 1.73343 1.07484
threshold=199708.88000000003 1.0000000180025095e-35 1.5000000000000002 1.4000000000000001 0.075000000000000025 187115.36500000002 0.84500000000000008 589.95500000000004 1287.4300000000003 1.0000000180025095e-35 92.355000000000004 165.33441550000001 0.00050401000000000016 2.5000000000000004 1.0000000180025095e-35 7.8509463479999999 21.537837000000007 18.812612970000004 26.500000000000004 1.0000000180025095e-35 0.0059999999999999507 105.90023605000002 29.500000000000004 6250.7700000000013 8642.6150000000016 0.40821573500000002 1.0000000180025095e-35 1.1050000000000002 0.4315500000000001 0.012417000000000003
decision_type=2 2 2 2 2 2 2 2 2 2 2 2 2 2 2 2 2 2 2 2 2 2 2 2 2 2 2 2 2 2
left_child=1 -1 3 4 5 13 -4 8 9 11 -11 12 -8 14 29 -15 -10 -18 -5 -9 -21 22 23 -22 -25 27 28 -26 -27 -3
right_child=-2 2 6 18 -6 -7 7 19 16 10 -12 -13 -14 15 -16 -17 17 -19 -20 20 21 -23 -24 24 25 26 -28 -29 -30 -31
leaf_value=0.10019667520024225 0.11098417512218162 0.039879331266956586 -0.10291861013496073 -0.069065292798859201 0.14926439819659407 -0.092147708076191812 -0.018621518683607296 0.10523270684215935 0.1026307170523519 -0.079761718903759618 0.020932073420430013 -0.060541860558627696 0.085528365606839518 0.0026109992245601137 -0.095797155251199861 0.12739687365774979 -0.084591104986239604 0.09080121348187109 0.10348066517174895 -0.61059283440850587 -0.053057242588020873 -0.048724680379817135 0.098123987251593436 0.089538300779423596 0.13174184609336548 0.10739404417798948 -0.089274688448941195 -0.0012572633380429747 -0.0051564867116291793 -0.0046243060469131885
leaf_weight=0.66152129089459677 0.57150032906792958 6.3356070211157194 1.4013365449500259 8.5307272696809342 0.75295242795254935 2.6204563699429846 2.0978761535370776 1.0414637005887915 4.2475626314990214 3.5515625510306554 3.8945094910159241 1.3748614622745661 5.8587320094229653 1.8387123013380908 2.1061958856880656 1.7241393903968854 1.1743004383752125 1.480389241245575 0.44695469317957837 0.15710565913468499 3.8967052064836016 5.0869941351993466 1.4308350677601982 2.1476728878915301 1.7460741766262788 1.4394039522740083 2.8267328648944376 2.98705172422342 27.739082059211796 37.837162765325047
leaf_count=371 16 54 683 397 11 56 63 66 107 172 176 44 245 36 18 13 26 51 20 4 44 945 29 31 14 32 496 36 1368 1264
internal_value=-0.000437976 -0.00089796 -0.00138337 -0.0091913 -0.000539463 -0.00268949 0.00504156 0.00708107 0.0273669 0.0105514 -0.027096 0.0405923 0.0580677 0.00201382 -0.0026811 0.0629975 0.0682409 0.0132165 -0.0604751 -0.00243127 -0.00469842 -0.00276762 0.00251997 -0.000677433 0.00457146 -0.00039558 -0.00752404 0.0478068 0.000395744 0.00175876
internal_weight=139.006 138.435 137.773 62.1929 53.2152 52.4623 75.5803 74.1789 23.6798 16.7775 7.44607 9.33147 7.95661 49.8418 46.279 3.56285 6.90225 2.65469 8.97768 50.4991 49.4577 49.3006 44.2136 42.7827 38.886 36.7383 32.0052 4.73313 29.1785 44.1728
internal_count=6888 6872 6501 1869 1452 1441 4632 3949 884 700 348 352 308 1385 1336 49 184 77 417 3065 2999 2995 2050 2021 1977 1946 1896 50 1400 1318
is_linear=0
shrinkage=0.1


Tree=69
num_leaves=31
num_cat=0
split_feature=17 6 17 27 4 6 29 35 34 34 34 6 34 34 7 7 8 37 3 24 0 17 8 8 21 18 12 21 21 21
split_gain=0.692097 1.17735 0.756681 0.863394 0.956349 1.10858 1.05407 1.378 1.89089 1.57462 2.36457 1.244 1.22529 2.7547 1.16624 1.36807 1.34972 1.17976 1.13198 1.91931 1.11684 1.2064 1.04188 1.28404 4.10303 1.25793 2.76037 1.26887 1.12326 2.06057
threshold=514.50000000000011 71.000000000000014 256.50000000000006 34.500000000000007 61.500000000000007 23.500000000000004 4.5000000000000009 0.98830850000000015 13.821500000000002 12.883440000000002 1.3474375000000001 7.5000000000000009 1.3343860000000001 1.0000000180025095e-35 8.5000000000000018 5.5000000000000009 0.04522650000000001 99.995000000000019 4.5000000000000009 1.0000000180025095e-35 2287.9000000000001 8.5000000000000018 3.5041790000000006 2.4975000000000005 0.00061288750000000017 10.998467000000003 6.1668280000000015 0.037602459000000005 0.00062500000000000012 0.00041293500000000007
decision_type=2 2 2 2 2 2 2 2 2 2 2 2 2 2 2 2 2 2 2 2 2 2 2 2 2 2 2 2 2 2
left_child=1 2 3 4 5 6 7 14 9 10 12 -10 13 -9 15 17 -17 18 19 22 21 -8 23 28 -25 -24 -27 -28 29 -1
right_child=-2 -3 -4 -5 -6 -7 20 8 11 -11 -12 -13 -14 -15 -16 16 -18 -19 -20 -21 -22 -23 25 24 -26 26 27 -29 -30 -31
leaf_value=0.018174543513070022 -0.046170787761065701 0.078554969471641409 -0.11110494774173002 0.07975948941355282 -0.057741428797128395 0.078768278625737861 -0.07553564515689494 0.06443383653017036 -0.037935111625477851 0.10891015974678438 -0.051520199469393901 0.062006412316141846 0.10622383862843297 -0.055883714098824137 -0.084657225075342887 0.12170932173700209 -0.016792232596506095 0.11940279363673008 -0.04428219180168904 -0.11754826805709472 -0.071163832907863309 0.046145307593423335 -0.10533921228165251 0.21445453802844755 -0.04632471198104874 0.23886770744503535 -0.06169146399774586 0.17656833268059072 0.0089138334639793076 -0.044334983061804605
leaf_weight=8.9968312295386585 3.225907567277317 1.9147299352334801 0.61484695877879758 1.3463325761258591 2.8776484963018438 1.7867919593700197 1.2372890710830682 6.6537185079651007 6.3831357628805554 2.8130644876509896 3.0320429608109398 1.547371939755976 2.7280117664486161 2.665088192326948 1.756092597497626 1.7203557880129658 1.1905384730780495 0.76010406413115461 6.9963851879583663 1.4194054820109148 4.2033047893783078 2.3861094249878079 2.0137744147796175 1.1233960520476096 1.3032804677495731 0.40703770518302951 2.4864560369169344 0.24559728801250447 48.228349049109966 12.742279756348578
leaf_count=334 436 50 222 88 553 97 62 220 117 221 108 25 288 120 114 31 36 11 523 24 460 98 102 17 44 2 1298 1 880 306
internal_value=-0.000401327 0.000703994 -0.000428152 9.11107e-05 -0.000735854 0.00055759 -0.000560031 0.00181252 0.0222106 0.0402265 0.0274131 -0.0184349 0.0472797 0.0300242 -0.00395101 -0.00236982 0.065063 -0.00463324 -0.00572999 -0.00231429 -0.0360912 0.00459467 -0.000205067 0.00288735 0.0743994 -0.0436514 -0.00407769 -0.0402732 0.000407104 -0.0184651
internal_weight=136.805 133.579 131.665 131.05 129.703 126.826 125.039 117.212 25.8224 17.8919 15.0789 7.93051 12.0468 9.31881 91.3899 89.6338 2.91089 86.7229 85.9628 78.9664 7.8267 3.6234 77.547 72.3941 2.42668 5.15287 3.13909 2.73205 69.9675 21.7391
internal_count=6888 6452 6402 6180 6092 5539 5442 4822 1099 957 736 142 628 340 3723 3609 67 3542 3531 3008 620 160 2984 1581 61 1403 1301 1299 1520 640
is_linear=0
shrinkage=0.1


Tree=70
num_leaves=31
num_cat=0
split_feature=2 0 2 1 1 10 21 8 1 43 26 9 6 4 1 13 10 11 11 9 2 9 9 27 22 2 35 35 21 6
split_gain=0.663988 1.10705 1.0126 1.23796 1.40311 1.69344 1.24538 0.981925 1.35155 0.803382 0.977455 1.07647 0.870496 1.78266 1.18042 1.37472 2.13016 1.76968 1.55437 1.26513 1.28442 1.18024 1.08254 1.07123 1.00552 0.992753 1.18717 1.48207 1.03796 2.00583
threshold=622854.8600000001 199708.88000000003 601359.07500000007 48280.030000000006 38766.665000000001 2.0003760000000006 0.0005724520000000001 1.1000000000000001e-05 133506.70500000005 24.500000000000004 2.5000000000000004 0.27438550000000006 2.5000000000000004 3.5000000000000004 1.8350000000000002 10.796291000000002 1.7307910000000002 0.39754450000000002 0.061643500000000011 4.9998530000000008 18457.035000000003 16.447500000000002 1.0000000180025095e-35 3.5000000000000004 1.0000000180025095e-35 1659.7650000000001 999.50000000000011 2388.2443425000006 0.0019320495000000003 6.5000000000000009
decision_type=2 2 2 2 2 2 2 2 2 2 2 2 2 2 2 2 2 2 2 2 2 2 2 2 2 2 2 2 2 2
left_child=1 2 3 4 9 -6 -5 -2 -9 10 12 -12 13 -1 -14 16 17 18 25 -18 21 -21 -15 -19 -20 -16 28 -28 -27 -30
right_child=7 -3 -4 6 5 -7 -8 8 -10 -11 11 -13 14 22 15 -17 19 23 24 20 -22 -23 -24 -25 -26 26 27 -29 29 -31
leaf_value=-0.0014512727192836834 0.05593402687768137 0.15726999783639173 0.13354531749657905 0.031311113568321829 -0.021882536057312257 0.20678307088880757 -0.10903222505241919 -0.10276366198048124 0.085169633522283031 0.096829693565062089 0.051949423454538957 -0.074542180248237597 -0.10390091153656318 0.03441812498739362 0.1300723591195965 0.065740081758000099 -0.1325606940113204 0.099579611582687785 -0.066963253949105378 -0.03167200751186456 -0.047740313974725612 0.10618645929519149 -0.09324896816865258 -0.051642412800785145 0.041797997170494983 0.064585817952472271 0.15421055596840216 0.007470093057063646 -0.058290123443187659 0.030808114998030468
leaf_weight=76.584216667048167 0.77828905751812216 0.45044313650578161 0.56725569447735225 0.92450253409333472 0.58773910230956861 0.7213739431463182 2.0004563111579046 2.2866868668643296 0.45958042074926186 0.85201683174818654 0.84705380804370989 3.2702106706565246 0.84374826424755056 0.82599165011197229 0.86166308959947002 4.8047623497550367 1.1314736551139484 3.8418287206150117 3.4595602568297172 1.1985712731257083 5.1544806909514591 1.288762289797887 3.3904571158636827 0.53348642197670404 1.1269410781678741 2.5219953001942477 1.3500797189772122 1.4041272121248765 4.3858593892073241 5.9606900355429389
leaf_count=2918 107 7 24 30 37 32 115 753 33 27 14 224 66 12 11 336 36 259 81 32 400 24 466 16 58 93 18 41 476 142
internal_value=-0.000383889 0.000769449 0.000229009 -0.00035329 0.00112869 0.104121 -0.0646734 -0.0432149 -0.0713135 5.55385e-05 -0.000605219 -0.0485188 0.00102961 -0.0049365 0.0131211 0.0156513 0.00861832 0.0232684 0.0112513 -0.033873 -0.0192609 0.0397566 -0.0682393 0.081141 -0.0402397 0.0255778 0.0198144 0.0794005 0.00706144 -0.00696026
internal_weight=134.414 130.89 130.439 129.872 126.947 1.30911 2.92496 3.52456 2.74627 125.638 124.786 4.11726 120.669 80.8007 39.868 39.0243 34.2195 25.4462 21.0709 8.77329 7.64181 2.48733 4.21645 4.37532 4.5865 16.4844 15.6228 2.75421 12.8685 10.3465
internal_count=6888 5995 5988 5964 5819 69 145 893 786 5750 5723 238 5485 3396 2089 2023 1687 1195 920 492 456 56 478 275 139 781 770 59 711 618
is_linear=0
shrinkage=0.1


Tree=71
num_leaves=31
num_cat=0
split_feature=17 2 6 21 4 2 1 4 17 4 8 1 10 38 4 19 35 35 23 23 34 34 8 13 21 5 23 21 34 2
split_gain=0.63236 0.865637 0.827377 1.20405 0.949795 0.938321 1.1699 1.11211 1.09456 0.831967 0.829185 0.754541 0.702773 0.711249 0.685263 1.76298 0.648927 1.61511 1.07537 1.09398 0.751249 1.66661 1.79115 1.17106 0.975109 2.21521 2.5919 2.15452 0.972063 1.64458
threshold=213.50000000000003 20180.535000000003 8.5000000000000018 -2.1647324329999997 25.500000000000004 940.96000000000015 2472.3050000000007 112.50000000000001 32.500000000000007 23.500000000000004 0.019766500000000003 112.46000000000002 0.14652800000000002 236250.00000000003 9.5000000000000018 0.5990381050000001 12452.218750000002 1662.5706945000004 49945.985685000007 416439.48975000007 1.0507255000000002 13.821500000000002 0.38876000000000005 14.596291000000003 0.41162843150000006 1.0000000180025095e-35 114.44079630000002 0.066977420500000009 1.0000000180025095e-35 30136.225000000002
decision_type=2 2 2 2 2 2 2 2 2 2 2 2 2 2 2 2 2 2 2 2 2 2 2 2 2 2 2 2 2 2
left_child=2 -2 3 -1 9 -4 -7 8 10 14 -8 -6 -10 -14 16 -16 17 20 -18 -20 24 23 -23 -22 27 26 -26 28 -5 -30
right_child=1 -3 5 4 11 6 7 -9 12 -11 -12 -13 13 -15 15 -17 18 -19 19 -21 21 22 -24 -25 25 -27 -28 -29 29 -31
leaf_value=-0.090651962837612052 0.056945424105677295 -0.055417928196283654 -0.10442880639049322 -0.00049277720153353478 0.1040400031595321 0.058486301003926704 -0.030426289919977575 0.15473758907749752 0.06249113774670683 0.10788058055748313 0.073824716537863155 -0.10134586799780861 -0.077679654472039408 0.050812655181495338 0.082393725476403695 -0.093330162092595523 0.088662274731040089 -0.10749004100515547 -0.11306081408263938 0.061545801522158529 0.067351441630007156 -0.075988865843480982 0.08383559271081667 -0.11959230624524297 0.12787868904502483 -0.099020236506316486 -0.10973692921532084 0.071951873191695173 0.046779588433690032 -0.09780771923098272
leaf_weight=1.5103450270835299 0.82880193926393886 3.9688342282897793 0.5563408836023872 78.345589104690589 0.20406059268861909 6.7114982415805553 1.2129039738792928 0.44621035666204978 0.54931466584093858 0.71515130146872152 2.056555267656222 1.4490833338350055 2.9922963677090597 0.50324218830792222 0.77115775132551734 2.1989313389640301 2.1024005665094587 1.3907036602031428 0.70034193771425612 0.7358543190639466 6.1007209831150231 2.4079470066353683 0.9892924316227435 0.35456080344738428 1.2124188113957632 2.9947965914616361 0.73878512950614084 4.0399360356386742 1.1391401197761291 2.5424610286718234
leaf_count=169 16 732 16 3083 3 388 36 7 8 38 41 702 204 38 12 358 39 66 27 18 483 45 21 8 13 120 53 43 8 93
internal_value=-0.000365236 -0.0360069 0.000974101 -0.0019663 -0.000761025 0.0230136 0.0279128 0.00147204 -0.00787794 0.00037498 0.0351497 -0.0759935 -0.0426572 -0.059181 -0.00033189 -0.047705 0.000998063 -0.000458858 0.0430993 -0.0235988 0.00101685 0.0272469 -0.0294472 0.0570834 -0.00182265 -0.045001 0.0379102 0.000658675 -0.0028526 -0.0530703
internal_weight=132.47 4.79764 127.672 112.644 111.133 15.0284 14.472 7.76052 7.31431 109.48 3.26946 1.65314 4.04485 3.49554 108.765 2.97009 105.795 102.256 3.5386 1.4362 100.866 9.85252 3.39724 6.45528 91.0131 4.946 1.9512 86.0671 82.0272 3.6816
internal_count=6888 748 6140 5402 5233 738 722 334 327 4528 77 705 250 242 4490 370 4120 4036 84 45 3970 557 66 491 3413 186 66 3227 3184 101
is_linear=0
shrinkage=0.1


Tree=72
num_leaves=31
num_cat=0
split_feature=6 6 17 38 2 6 17 1 24 27 29 35 35 11 7 34 2 7 21 7 3 6 4 22 23 11 7 21 21 11
split_gain=0.60175 0.676633 0.891106 0.635111 0.696658 0.655653 1.1079 0.818162 0.710851 0.786523 1.1209 0.85035 1.87225 1.2793 1.36447 1.0334 0.995595 0.852333 1.28204 1.20685 2.03612 1.79959 1.26166 1.65737 1.28726 1.22545 1.19469 1.06133 1.06615 1.62101
threshold=2314.5000000000005 1795.0000000000002 781.50000000000011 236250.00000000003 242740.60000000001 71.000000000000014 213.50000000000003 361.07000000000005 108719.24520000002 28.500000000000004 6.5000000000000009 1.3360605000000001 1.3394440000000001 1.0000000180025095e-35 8.5000000000000018 0.022503500000000006 2829.9250000000006 8.5000000000000018 -0.38728987600000003 3.5000000000000004 5.5000000000000009 1.5000000000000002 7.5000000000000009 1.5000000000000002 1.0000000180025095e-35 0.061643500000000011 4.5000000000000009 -1.0000000180025095e-35 0.00041293500000000007 1.0000500000000001
decision_type=2 2 2 2 2 2 2 2 2 2 2 2 2 2 2 2 2 2 2 2 2 2 2 2 2 2 2 2 2 2
left_child=1 2 3 5 -5 6 8 -7 9 10 11 15 -13 -14 -15 17 -17 19 -19 20 22 -21 23 24 27 -23 -27 -1 29 -29
right_child=-2 -3 -4 4 -6 7 -8 -9 -10 -11 -12 12 13 14 -16 16 -18 18 -20 21 -22 25 -24 -25 -26 26 -28 28 -30 -31
leaf_value=-0.072323107966090164 -0.10464637906703921 0.11344865753714328 -0.080433028110410712 0.10522068461778185 -0.014409059864323573 -0.015717945315520201 -0.11551123464051838 0.10895058858512104 -0.097090902306666269 0.080930609507994758 -0.052700234073556923 0.10598754154165442 -0.015739597032223857 0.014983333337543299 0.099777808051622438 0.14248647281493093 -0.085225022043696919 0.11218075664632231 -0.11202555894927564 -0.11015934299742636 -0.092361441513973852 0.0840045439008969 0.060921978333455279 -0.11164076438155018 0.091467913058206285 0.060796301578306025 -0.083223442564096597 0.06641532791587916 -0.0053221758415808139 -0.052444792153706489
leaf_weight=2.1750066996319068 0.5509782648878162 0.52434584754519065 1.3756714028131671 1.1882141270907589 0.82462193994433608 0.93494616169482414 0.84439303944236499 1.2047125997487453 0.758363514469237 1.1899083526805032 4.0184293692873316 2.1688446283806142 11.121650298184251 10.067984787223393 2.3384924822021267 0.20926828682422582 2.3275263420073316 0.31143555173184734 1.4083504894515486 0.74223620031261717 2.5234689372591665 4.534719122981187 3.1482587172067715 1.3960690198000509 1.4551063547842193 1.2538851542631166 1.0653782256995326 4.7785333403153478 62.490093282947782 1.5099648255854843
leaf_count=31 28 9 308 25 136 21 317 24 74 51 412 331 636 434 43 1 385 7 110 49 400 127 177 27 18 31 37 285 2343 11
internal_value=-0.000361398 8.09675e-05 -0.000378536 0.000481913 0.0562106 -0.000408509 -0.00135679 0.0544754 -0.000573078 2.57343e-05 -0.000769587 0.0010136 0.0170838 0.00888857 0.0309662 -0.00350801 -0.0664404 -0.00171004 -0.0714241 -0.000333104 -0.0039728 0.0377477 -0.00107433 -0.00371888 -0.0016381 0.053765 -0.00536069 -0.00354751 -0.0013726 0.0378752
internal_weight=130.441 129.89 129.366 127.99 2.01284 125.977 123.837 2.13966 122.993 122.235 121.045 117.026 25.697 23.5281 12.4065 91.3293 2.53679 88.7925 1.71979 87.0727 79.4765 7.59622 76.953 73.8048 72.4087 6.85398 2.31926 70.9536 68.7786 6.2885
internal_count=6888 6860 6851 6543 161 6382 6337 45 6020 5946 5895 5483 1444 1113 477 4039 386 3653 117 3536 3292 244 2892 2715 2688 195 68 2670 2639 296
is_linear=0
shrinkage=0.1


Tree=73
num_leaves=31
num_cat=0
split_feature=1 2 19 0 2 10 5 2 19 12 13 9 10 10 1 9 9 12 9 19 2 11 2 11 38 23 17 9 18 13
split_gain=0.582591 3.57683 1.93254 1.89931 1.47147 1.31937 1.09524 1.08823 1.02954 2.31859 2.69115 2.63894 2.30608 1.5423 1.47804 1.32011 1.79587 1.40593 1.2146 1.47516 1.39731 1.18275 2.44613 1.63767 1.1337 1.11434 1.07853 1.66093 2.60328 2.54397
threshold=3015.4000000000005 13894.055000000002 0.63984033500000004 17.360000000000003 30136.225000000002 0.063721000000000014 1.0000000180025095e-35 571628.11500000011 1.0158004 0.99914500000000006 0.99864800000000009 0.61093750000000002 1.1358945000000003 0.15474150000000003 2591.7200000000007 0.36312750000000005 0.20006500000000002 0.19970800000000002 1.9998635000000002 2.0003325100000002 64.925000000000026 0.048192000000000006 10741.445000000002 0.0067860000000000012 136.55134350000003 1.3328974445000001 113.50000000000001 7.9349605000000016 3.8559836745000005 2.4977485000000006
decision_type=2 2 2 2 2 2 2 2 2 2 2 2 2 2 2 2 2 2 2 2 2 2 2 2 2 2 2 2 2 2
left_child=7 -2 3 4 -3 -5 -4 8 9 10 11 15 13 -10 18 16 17 21 -14 -20 -21 23 -23 -1 -15 -18 27 28 29 -22
right_child=1 2 6 5 -6 -7 -8 -9 12 -11 -12 -13 14 24 -16 -17 25 -19 19 20 26 22 -24 -25 -26 -27 -28 -29 -30 -31
leaf_value=-0.00064056589124672362 -0.15025006860336867 0.15328226972659789 -0.011502295574301689 0.033148483427006964 0.034188315094539082 -0.10671115516600166 -0.091380457242491803 -0.10429885473062328 -0.040656971299850485 -0.11279042018639598 0.14611431802462732 -0.084391929325966744 -0.067652064287211738 0.064020851220639524 0.11931292353271679 0.037204785557829884 -0.084842708023754487 0.13075067664435933 0.11384543006637265 -0.078047015697883748 -0.015409562444633963 -0.084487086403471287 0.052944464420673298 0.081026196173529089 -0.054405804534116059 0.020017213616413503 -0.054274638256339804 0.038856988167929429 -0.056666220948794768 0.1411375180498069
leaf_weight=16.823632440296947 1.7687883720500419 1.7785726841539169 21.242727286182348 1.71453965571709 2.4897558982484043 1.1119343136670066 1.8674322567530897 0.92673317820299317 1.8293257504119562 1.9445441965945054 1.2058006534352887 3.8516441616229704 2.7733103032223942 13.398354807111897 0.99500981980236147 8.5201533120125514 4.1414793408475807 0.84321517101488908 1.1262197289615894 2.2702924217446734 2.7962800344685146 3.9796514902263871 1.9199139112606642 2.8751136753708115 0.86024926271056834 1.3417782280594108 2.820874859346076 10.993829056329558 6.4743329231860116 1.6509292942937461
leaf_count=529 30 17 1690 28 87 29 364 330 87 41 15 98 59 787 38 139 69 8 15 535 44 101 23 33 29 20 202 1224 200 17
internal_value=-0.000338916 -0.0120356 -0.00394187 0.0417098 0.0838137 -0.0218723 -0.0179569 0.00354213 0.00458933 -0.00585624 -0.00128641 -0.00529881 0.0149169 0.0457857 -0.000650431 0.00223336 -0.00709988 0.00370075 -0.00451261 0.00171164 -0.00296453 -0.000484308 -0.0397623 0.011279 0.0568759 -0.059183 0.00392654 0.011418 -0.0162026 0.0427051
internal_weight=128.336 31.9738 30.205 7.0948 4.26833 2.82647 23.1102 96.3627 95.4359 47.4469 45.5024 44.2966 47.989 16.0879 31.9011 40.4449 31.9248 26.4415 30.9061 28.1328 27.0065 25.5983 5.89957 19.6987 14.2586 5.48326 24.7362 21.9154 10.9215 4.44721
internal_count=6888 2245 2215 161 104 57 2054 4643 4313 1076 1035 1020 3237 903 2334 922 783 694 2296 2237 2222 686 124 562 816 89 1687 1485 261 61
is_linear=0
shrinkage=0.1


Tree=74
num_leaves=31
num_cat=0
split_feature=2 0 6 2 1 21 1 0 6 8 0 0 1 3 18 7 1 2 39 37 1 12 18 17 23 21 19 10 8 21
split_gain=0.557683 0.566619 0.564118 1.16461 0.917619 0.895351 1.56799 1.33753 1.03093 0.902534 0.876543 1.42184 0.833139 0.824675 1.31526 1.22812 1.04806 0.900196 0.764335 1.83379 1.09199 0.827251 1.27654 2.09299 1.3698 2.79275 1.53287 1.58252 2.63063 2.35506
threshold=942131.07500000007 199708.88000000003 4.5000000000000009 149403.96500000003 110309.58000000002 0.00074401599999995014 0.075000000000000025 64831.630000000012 2.5000000000000004 3069.0623470000005 36594.215000000004 27518.490000000002 1.8350000000000002 4.5000000000000009 0.70179600500000017 2.5000000000000004 2.7300000000000004 18457.035000000003 99.495000000000019 1.0000000180025095e-35 269.30000000000007 7.4742234999999999 9.2913026240000018 4.5000000000000009 0.96439894350000011 0.0060365075000000006 4.2385644550000015 1.9979975000000001 2.0010000000000003 0.00048522000000000002
decision_type=2 2 2 2 2 2 2 2 2 2 2 2 2 2 2 2 2 2 2 2 2 2 2 2 2 2 2 2 2 2
left_child=1 2 3 10 12 6 -5 8 -8 -7 11 18 -4 14 16 -15 -14 -18 19 21 -20 22 24 -24 26 -26 27 -1 -29 -30
right_child=-2 -3 4 5 -6 9 7 -9 -10 -11 -12 -13 13 15 -16 -17 17 -19 20 -21 -22 -23 23 -25 25 -27 -28 28 29 -31
leaf_value=-0.0030229000324090184 -0.10049010352176915 0.10460556953792531 -0.1117894436721453 -0.080075544624977485 0.12476277786237472 -0.056178640858843623 -0.084581260198347108 0.14475713288551359 0.055363368111415234 0.14883218660247829 0.082273842451417556 -0.11440964408846224 0.18681499977117422 -0.07458868612146205 0.07925758219346582 0.0086140696982443879 0.079626467848010252 -0.027164180663600875 0.08910228676410939 -0.10766610452926184 -0.027858592153280307 -0.029171611978647788 0.2137483548504937 -0.050753442076201166 0.10286708509204756 -0.029197696460313075 -0.059820121231185457 0.16991468125550224 0.10972463436455947 -0.052817508128993808
leaf_weight=51.921118403668515 0.55371091482811508 0.51657116576097806 0.55601494648727268 1.5122425530571479 0.70699258451349933 8.286551329743812 0.85294659744249735 0.92644735204521556 1.3749689754040444 0.22045120596885759 1.2878301972523321 1.0883912295103062 0.29528119601309466 2.0152869817393393 3.9832110517309047 14.819795490213435 0.97398737212643016 4.1639818902767729 2.2011756090796548 1.5904473727568973 1.2524419906549153 8.2247610790072923 0.7282471740618337 0.50774856808129698 3.7235644693719214 2.8093453752808273 4.2788212610175824 1.4377062269486476 1.464242762885988 2.2784705515950918
leaf_count=924 432 14 21 32 18 1078 65 10 127 1 13 17 3 231 352 715 39 295 25 26 32 1583 5 58 361 104 215 17 22 53
internal_value=-0.000351889 8.81744e-05 -0.00034209 -0.0038954 0.0123098 -0.0315571 0.00364201 0.0437773 0.00178625 -0.050866 0.000402117 -0.000860502 0.00934405 0.0119097 0.0356086 -0.00134593 0.0036087 -0.00692024 0.000638998 -0.00137497 0.0466868 0.000809881 0.00437594 0.105091 0.00254297 0.0460753 -0.00209031 0.00223559 0.0549391 0.010773
internal_weight=126.553 125.999 125.482 97.9679 27.5146 13.1736 4.66661 3.15436 2.22792 8.507 84.7943 83.5065 26.8076 26.2515 9.41646 16.8351 5.43325 5.13797 82.4181 78.9645 3.45362 77.374 69.1493 1.236 67.9133 6.53291 61.3804 57.1015 5.18042 3.74271
internal_count=6888 6456 6442 4768 1674 1313 234 202 192 1079 3455 3442 1656 1635 689 946 337 334 3425 3368 57 3342 1759 63 1696 465 1231 1016 92 75
is_linear=0
shrinkage=0.1


Tree=75
num_leaves=31
num_cat=0
split_feature=17 6 6 4 21 21 8 11 10 13 13 9 2 12 9 22 2 1 21 10 13 0 9 8 9 2 21 22 0 1
split_gain=0.520765 0.505076 0.529524 1.68897 1.07095 0.899124 2.29687 0.858967 1.10458 1.14146 1.2182 1.82533 2.06344 1.1813 1.06617 1.06277 1.03404 1.05355 1.01737 1.31256 1.11096 1.01293 0.984371 0.962691 0.912934 1.44355 0.844738 0.844664 0.980769 0.796025
threshold=1.0000000180025095e-35 2314.5000000000005 2.5000000000000004 3.5000000000000004 1.0000000180025095e-35 0.00041293500000000007 0.049811500000000009 6.0722995000000006 1.2008055000000002 1.0295050000000001 0.073083000000000023 0.49996300000000005 304060.15500000009 0.50991150000000007 4.7757020000000017 1.0000000180025095e-35 18457.035000000003 15.370000000000001 95.52812627500002 2.7098810000000007 3.2093230000000004 7.3900000000000015 13.988900000000003 0.04522650000000001 1.0864925000000001 83088.130000000019 4.9782535500000007 1.5000000000000002 21.375000000000004 48280.030000000006
decision_type=2 2 2 2 2 2 2 2 2 2 2 2 2 2 2 2 2 2 2 2 2 2 2 2 2 2 2 2 2 2
left_child=-1 2 3 4 27 6 -6 8 9 10 23 15 13 -13 -10 -12 17 -16 19 22 -21 -15 -18 -4 -23 -26 -14 28 -2 -7
right_child=1 -3 7 -5 5 29 -8 -9 14 -11 11 12 26 21 16 -17 18 -19 -20 20 -22 24 -24 -25 25 -27 -28 -29 -30 -31
leaf_value=0.10016444619581324 0.034082647441768893 -0.10400009961688572 0.052961114430556414 -0.068664462448842209 -0.053404178866476651 -0.00067566235043070057 0.090472011258989071 0.066809954985275727 -0.089105025464884385 0.061049348948543025 -0.1195588869039628 0.13810290550957513 -0.085260263777626868 -0.075763895417148286 -0.11670521861207783 -0.00054148954737352198 0.0029850219743794066 0.064026830870223136 -0.10298837921925297 -0.10753173540139754 -0.01349955276630819 0.085699355210442821 0.10771361302893592 -0.10076265552297535 -0.064335075773542014 0.06402319272486473 0.12808578530874218 -0.10984029157903551 -0.07084482782497746 -0.10729392243191743
leaf_weight=0.51347940589766849 1.7275644261389964 0.47198294335976143 6.1958385210309705 3.9905626597173969 1.6689190717879672 64.52655860275263 3.3106853060889989 2.3791030326974569 1.7219105165859243 5.0262125672597895 2.0172135765315029 0.99765981710515728 2.294111752591562 0.92375738878035907 0.36296850669896175 1.1945819869579279 3.2217236967117042 2.8958482394227758 1.303804597002453 1.7074155994923783 4.7570242328656605 2.3163018521736376 1.2440447476692496 0.4360562462825327 1.6245974332559856 1.90185524726985 0.20192457683151577 1.4821316679008303 1.839195108565036 0.70794978702906419
leaf_count=371 29 28 521 646 15 2441 44 217 97 362 35 13 244 30 49 40 189 95 158 258 625 53 86 17 39 46 5 51 38 46
internal_value=-0.000335417 -0.00075008 -0.000357007 -0.00526645 -0.00190499 0.00129376 0.0422518 0.00834282 0.00505791 0.0184255 0.00776898 -0.00950219 0.0110923 0.0365193 -0.0144561 -0.075292 -0.00615941 0.0438968 -0.0194931 -0.00953336 -0.0383357 0.0215417 0.0321596 0.0428536 0.036926 0.00488997 -0.068001 -0.0463894 -0.0200231 -0.00183272
internal_weight=124.963 124.45 123.978 79.2536 75.263 70.2141 4.9796 44.724 42.3449 25.1301 20.1039 13.472 10.2602 7.76417 17.2147 3.2118 15.4928 3.25882 12.234 10.9302 6.46444 6.76651 4.46577 6.63189 5.84275 3.52645 2.49604 5.04889 3.56676 65.2345
internal_count=6888 6517 6489 3310 2664 2546 59 3179 2962 1405 1043 505 430 181 1557 75 1460 144 1316 1158 883 168 275 538 138 85 249 118 67 2487
is_linear=0
shrinkage=0.1


Tree=76
num_leaves=31
num_cat=0
split_feature=5 2 43 3 34 29 21 6 6 4 6 2 29 27 2 21 1 21 1 0 22 35 27 8 23 1 17 23 34 1
split_gain=0.493912 0.477531 0.533113 0.692071 0.712855 0.585289 1.09832 0.608215 0.988948 0.681372 0.644195 1.05352 0.667613 1.14129 0.824036 1.28624 1.20262 0.829946 0.823943 1.2934 0.664241 1.32981 0.811348 0.724932 1.22814 1.41905 0.973641 0.973156 0.771969 0.906663
threshold=2.5000000000000004 942131.07500000007 31.500000000000004 84.500000000000014 1000.5000000000001 44.500000000000007 -2.1647324329999997 1922.0000000000002 988.00000000000011 782.50000000000011 4.5000000000000009 510934.1750000001 4.5000000000000009 28.500000000000004 360944.63500000007 0.0012226295000000002 51521.250000000007 54.627876035000007 38766.665000000001 10.265000000000002 8.5000000000000018 1152.4021305000003 19.500000000000004 0.035003500000000014 0.99996715500000011 438.50500000000005 16.500000000000004 498.48208580000005 2.0879470000000007 12098.730000000001
decision_type=2 2 2 2 2 2 2 2 2 2 2 2 2 2 2 2 2 2 2 2 2 2 2 2 2 2 2 2 2 2
left_child=1 2 3 5 -5 6 -1 8 9 10 11 12 14 -14 16 -16 18 -17 -8 -20 21 23 -22 26 25 -25 -12 28 29 -28
right_child=-2 -3 -4 4 -6 -7 7 -9 -10 -11 20 -13 13 -15 15 17 -18 -19 19 -21 22 -23 -24 24 -26 -27 27 -29 -30 -31
leaf_value=-0.078889157558834189 0.09810795490934876 -0.10042655427562851 0.093391566712601959 -0.088443622517804257 0.12341870300288749 0.099698470575262266 -0.00092125638789311852 -0.10712359837610078 0.14899922885117337 -0.10259443218850506 0.081097157269350392 -0.10399172199406002 -0.094842549825471217 0.10845677257283544 0.13546916421635685 -0.095775937489215049 -0.10934858686593543 0.1365779408095755 -0.016063527784604882 0.27947404648207619 -0.048158107629193071 0.10828631583050008 0.054129884540767663 0.043164929745106363 0.046287922699508516 -0.1033864236467385 0.021928182923232054 -0.099237004273275531 0.10196519081007185 -0.11353705195986652
leaf_weight=1.757393375824903 0.50762648397358034 0.47862405599153035 0.60373468708712508 1.4591639558493614 0.17821241996716697 0.58679055504035105 88.041060195682803 0.52030532248318095 0.45118625729810347 0.63557730161119153 2.8218137443182112 1.0082707053225011 1.5894850954064157 0.33419444691389788 1.0953987119719375 0.5664491127245127 1.0197009597904969 0.21098567204899155 0.32934956182725628 0.26906030683312565 2.8503473450546148 1.736521987710147 1.0652717569610102 0.98000038589816485 1.9474161099642513 2.0280129647580907 5.6432826104282867 0.7072135837515815 1.0726423708838408 0.54147859715158109
leaf_count=188 26 429 30 399 3 20 3917 19 6 38 156 174 171 6 14 79 55 8 34 11 166 60 41 43 141 157 371 38 40 48
internal_value=-0.000328265 -0.000736077 -0.000345138 -0.000811122 -0.0653845 7.13723e-05 -0.000418974 0.000755018 0.00123499 0.000662687 0.00122914 -0.00231948 -0.00122256 -0.059524 2.73293e-06 0.0656527 -0.00136859 -0.0327181 -0.000126394 0.116818 0.0168978 0.0252378 -0.0203299 0.0160766 -0.015584 -0.0556405 0.0306219 0.0127388 0.0236505 0.0100681
internal_weight=123.037 122.529 122.05 121.447 1.63738 119.809 119.222 117.465 116.945 116.494 115.858 94.464 93.4557 1.92368 91.532 1.87283 89.6592 0.777435 88.6395 0.59841 21.394 17.4784 3.91562 15.7419 4.95543 3.00801 10.7864 7.96462 7.2574 6.18476
internal_count=6888 6862 6433 6403 402 6001 5981 5793 5774 5768 5730 4469 4295 177 4118 101 4017 87 3962 45 1261 1054 207 994 341 200 653 497 459 419
is_linear=0
shrinkage=0.1


Tree=77
num_leaves=31
num_cat=0
split_feature=17 2 43 3 34 29 21 21 0 7 34 34 2 34 37 35 10 9 34 9 0 0 0 2 0 1 21 21 21 21
split_gain=0.471305 0.439481 0.465761 0.561978 0.59452 0.507359 0.631224 0.806943 0.654353 0.84704 0.551162 1.53094 1.61774 1.48468 1.14446 0.918462 0.819406 2.22236 1.08687 0.77562 0.723568 1.44624 2.77442 1.90066 2.3246 1.46288 1.43735 3.61059 2.51626 2.1125
threshold=1.0000000180025095e-35 942131.07500000007 34.500000000000007 84.500000000000014 1000.5000000000001 44.500000000000007 -1.3587183549999997 -0.99241502199999998 2604.6400000000003 3.5000000000000004 1.0507255000000002 1.0000000180025095e-35 30136.225000000002 1.3474375000000001 1.2646130000000002 1.3360605000000001 0.074183999999999958 0.49996300000000005 9.9375000000000018 5.6083595000000006 237.99500000000003 1.0000000180025095e-35 6.7350000000000012 305.56500000000005 10.265000000000002 45491.255000000005 0.00079800400000000005 0.0015889180000000001 0.0005724520000000001 0.010000000500000002
decision_type=2 2 2 2 2 2 2 2 2 2 2 2 2 2 2 2 2 2 2 2 2 2 2 2 2 2 2 2 2 2
left_child=-1 2 3 5 -5 6 8 -8 9 -2 11 20 -13 15 16 -12 -15 -18 19 -19 21 26 -23 -24 -25 -26 28 -28 -9 -29
right_child=1 -3 -4 4 -6 -7 7 10 -10 -11 13 12 -14 14 -16 -17 17 18 -20 -21 -22 22 23 24 25 -27 27 29 -30 -31
leaf_value=0.10014892266127236 -0.098276360412642205 -0.10038877883538846 0.09265958449059325 -0.08039154280598157 0.11902197362804326 0.09219179572238978 0.11182979975176438 -0.00048150210205123484 -0.10173457430994558 0.045117359871351001 -0.10831770940888458 0.034333390073489893 -0.098356623472554291 0.10265287341792476 -0.033771242202099573 0.10772751018967626 -0.090788297050791791 0.084824549607622146 0.077033795396394447 -0.10689857549249702 0.013804248933156744 -0.09769947642081428 0.072641131004370016 0.073312604135822523 -0.069030688238241211 0.12578866094656568 0.06743857677335742 -0.052200481731713912 -0.08658637615879955 0.014650032749642002
leaf_weight=0.46511135349282895 0.6464657958131278 0.44068903480365307 0.53608352469745923 1.4343025778071012 0.16690287459641684 0.5944121255306517 0.65036134119145472 16.987178954179402 1.229656880663242 1.1355727582122197 0.21555162814911399 1.2952252812683571 3.1617586343782023 1.2557422029785792 4.8254192385647912 2.2590451203868724 1.5104078082367776 0.31439721991773684 3.3495222249766812 0.64166037726681679 27.633877825835953 4.5742890372348475 2.4542532100458621 1.7731626477907392 5.8931024874909781 0.41240117192501191 9.5157382219331357 6.8852750465157468 4.2412741647567591 15.080196493538095
leaf_count=371 26 432 27 417 3 21 20 414 164 41 15 10 571 30 99 217 23 31 167 64 897 558 457 71 851 33 177 119 177 385
internal_value=-0.000321964 -0.000707801 -0.000343774 -0.000758779 -0.0596055 3.61336e-05 -0.000428321 0.00075594 -0.0456211 -0.00690123 0.000123822 -0.00251015 -0.0597961 0.0184343 0.00377571 0.0889087 0.029396 0.013579 0.0501912 -0.0438509 0.000164768 -0.00539302 -0.0326705 -0.00442941 -0.027843 -0.0562888 0.00242503 0.0159854 -0.0176846 -0.00630486
internal_weight=121.579 121.114 120.673 120.137 1.60121 118.536 117.942 114.93 3.0117 1.78204 114.279 99.9077 4.45698 14.3717 11.8971 2.4746 7.07173 5.81599 4.30558 0.956058 95.4507 67.8169 15.1072 10.5329 8.07867 6.3055 52.7097 31.4812 21.2285 21.9655
internal_count=6888 6517 6085 6058 420 5638 5617 5386 231 67 5366 4720 581 646 414 232 315 285 262 95 4139 3242 1970 1412 955 884 1272 681 591 504
is_linear=0
shrinkage=0.1


Tree=78
num_leaves=31
num_cat=0
split_feature=2 7 0 0 10 2 1 37 1 10 1 43 26 18 6 1 1 1 2 13 10 8 13 0 2 2 23 2 11 2
split_gain=0.429984 0.784737 1.00505 0.768459 0.684339 0.616525 0.919969 0.919629 0.917454 0.976247 0.669718 0.560797 0.671208 0.849274 0.698889 1.85126 2.0277 1.31793 1.19787 0.980019 1.75368 2.0018 1.09004 1.99187 0.947731 2.86144 1.76964 1.68807 1.80116 1.60651
threshold=622854.8600000001 7.5000000000000009 2470.2350000000001 199708.88000000003 2.7098810000000007 601359.07500000007 48280.030000000006 19.203868000000003 38766.665000000001 2.0003760000000006 29262.160000000003 24.500000000000004 2.5000000000000004 0.88156871500000011 1.5000000000000002 42.645000000000003 9857.2850000000017 0.84500000000000008 31995.010000000006 3.8110345000000003 1.0206700000000002 0.31256000000000006 1.7885285000000002 489.34500000000008 17109.790000000005 15023.825000000003 1.3328974445000001 88333.510000000024 0.0067860000000000012 10741.445000000002
decision_type=2 2 2 2 2 2 2 2 2 2 2 2 2 2 2 2 2 2 2 2 2 2 2 2 2 2 2 2 2 2
left_child=3 -2 4 5 -3 6 8 -8 10 -10 11 12 14 -14 15 24 -17 -16 -18 20 21 -19 23 -22 25 29 27 -26 -29 -1
right_child=1 2 -4 -5 -6 -7 7 -9 9 -11 -12 -13 13 -15 17 16 18 19 -20 -21 22 -23 -24 -25 26 -27 -28 28 -30 -31
leaf_value=0.0068297129267798923 -0.10255655259385593 0.12528753233136866 -0.078794605831179046 0.13646858987926511 -0.10138280540393901 0.10660438323278701 -0.093886314543983079 0.067775272025442465 -0.02123251374056798 0.16195045252215834 -0.066201320828035842 0.093409072860299203 0.057406135850501666 -0.0699024233052154 -0.10120813967756732 -0.092408200554508546 0.25746233122989381 0.01042122746021449 -0.0064186917267811186 0.040816564401001107 -0.043402305175277531 0.096945724653185045 -0.060187546930608786 0.059101401565079793 -0.1081004088306744 0.16422429596844612 0.034528537166253752 -0.085592122874275936 0.050393529593917297 -0.081992473557648854
leaf_weight=37.477440564252902 1.1468877701117883 0.67756746678787727 0.74279421180835925 0.41471204906701942 0.16578181169461459 0.54100263144937244 1.8529559175949537 0.43437245962559234 0.48965416359715053 0.71685304655693471 1.5104276535566885 0.65059148380532761 0.65554121386958231 2.6114100366539788 1.040779642848064 4.1313681867904952 0.26407185522839416 23.872293491716849 0.49353107850765809 9.80615101684816 4.5880135681072698 3.0111589324078514 5.1824765272322111 3.2306434541242197 3.2599781790049729 1.1180324875749637 3.1972055967780761 1.7709155313204976 2.1645258343778551 2.1532913292758158
leaf_count=1651 452 75 280 7 86 24 128 17 37 32 112 27 20 215 683 229 4 1015 47 798 394 95 169 86 43 9 83 29 24 17
internal_value=-0.000332613 -0.0395406 0.00602414 0.000586087 0.0807297 0.000101232 -0.000396837 -0.0631862 0.000869692 0.0876067 -6.3091e-05 0.000839489 0.000292132 -0.0443569 0.00165841 -0.00604039 -0.0648299 0.0101613 0.0855603 0.012494 0.00553051 0.0201127 -0.0246221 -0.00104811 -0.000420284 0.00645454 -0.027376 -0.0548826 -0.0107989 0.00200366
internal_weight=119.372 2.73303 1.58614 116.639 0.843349 116.225 115.684 2.28733 113.396 1.20651 112.19 110.679 110.029 3.26695 106.762 56.0304 4.88897 50.7315 0.757603 49.6907 39.8846 26.8835 13.0011 7.81866 51.1414 40.7488 10.3926 7.19542 3.93544 39.6307
internal_count=6888 893 441 5995 161 5988 5964 145 5819 69 5750 5638 5611 235 5376 2136 280 3240 51 2557 1759 1110 649 480 1856 1677 179 96 53 1668
is_linear=0
shrinkage=0.1


Tree=79
num_leaves=31
num_cat=0
split_feature=1 2 19 0 4 5 12 3 2 12 10 29 4 21 2 0 12 36 8 6 0 21 3 21 21 17 1 0 21 21
split_gain=0.43253 3.08911 1.77709 1.29324 0.894581 0.870377 1.01454 1.43725 0.844925 0.788177 1.097 0.823389 1.01787 1.01028 1.3488 1.07942 0.869964 1.36822 0.937196 1.38559 0.762716 1.40466 3.12841 1.96 2.32653 1.72496 1.4702 1.36641 1.4885 3.22206
threshold=3015.4000000000005 13894.055000000002 0.5990381050000001 28.205000000000002 3.5000000000000004 1.0000000180025095e-35 0.50991150000000007 5.5000000000000009 30136.225000000002 1.0881755000000002 0.14652800000000002 4.5000000000000009 128.50000000000003 0.077241717000000015 410804.40000000008 7.3900000000000015 6.4630150000000013 13.083503000000002 0.94219150000000018 3.5000000000000004 92.355000000000004 0.0016462400000000002 2.5000000000000004 0.00074401599999995014 1.0000000180025095e-35 5.5000000000000009 817.65000000000009 1.0000000180025095e-35 0.00079800400000000005 0.0020363060000000003
decision_type=2 2 2 2 2 2 2 2 2 2 2 2 2 2 2 2 2 2 2 2 2 2 2 2 2 2 2 2 2 2
left_child=20 -2 3 8 -5 6 7 -4 -3 10 -8 13 -13 14 15 -11 18 -18 19 -17 27 23 -23 24 25 -22 -25 28 -1 -30
right_child=1 2 5 4 -6 -7 9 -9 -10 11 -12 12 -14 -15 -16 16 17 -19 -20 -21 21 22 -24 26 -26 -27 -28 -29 29 -31
leaf_value=-0.018255416531318732 -0.14867413739147459 0.13743087482975058 0.10516539217806589 -0.081429647430041927 0.044469878643660483 -0.087599966955827294 0.064453415427300473 -0.041143120484586015 0.041266060615857907 -0.064755188901377519 -0.10286697791312682 -0.074682011042654498 0.13786899267432459 0.10983719799091118 -0.10135750254789791 -0.06744459795507933 -0.10349598438114492 0.038534288382634702 0.15096175856768462 0.070743461869930857 -0.11430339725009214 0.11074415574609893 0.0099092642621791682 -0.060138649980912284 0.11240761642158872 0.02882263373659736 0.090014335085098596 -0.042379394383378122 0.06283807358089015 -0.0057656794175999114
leaf_weight=20.856738273665542 1.5432309256866599 1.5354951140470832 1.6291053975583119 1.0747151992982256 1.1885270158527417 1.6125724242592685 0.48249235478579366 1.1421433072973739 2.2561100341845304 1.6853991885436643 2.0855628483695909 2.770190246548736 0.24525012311642047 0.79973871045513156 1.3155717765475863 1.0248186277167408 1.1396664367348424 1.6752662489889187 0.78981336555443693 2.4851050401339307 1.1920914032962189 4.1747474037110797 11.699210619452058 6.213085305003915 2.3155148650985211 2.8677557214832632 0.72855459351558227 7.8107910611433899 10.069478208257353 21.385703221516451
leaf_count=980 30 16 37 28 23 365 28 72 87 178 128 502 30 88 273 74 154 54 18 60 16 101 487 648 24 222 24 1156 288 697
internal_value=-0.000347871 -0.0110786 -0.00319584 0.044504 -0.0153143 -0.0170262 -0.0111204 0.0448658 0.0802101 -0.0205242 -0.0714304 -0.01114 -0.0573949 0.00163824 -0.00691593 0.00720267 0.0242488 -0.0189687 0.0525423 0.0303957 0.00307399 0.0163363 0.0364282 -0.00761346 0.0324182 -0.0132034 -0.0443795 -0.00336514 0.00246015 0.0161959
internal_weight=117.794 28.4808 26.9375 6.05485 2.26324 20.8827 19.2701 2.77125 3.79161 16.4989 2.56806 13.9308 3.01544 10.9154 10.1156 8.80007 7.11467 2.81493 4.29974 3.50992 89.3137 29.191 15.874 13.317 6.37536 4.05985 6.94164 60.1227 52.3119 31.4552
internal_count=6888 2245 2215 154 51 2061 1696 109 103 1587 156 1431 532 899 811 538 360 208 152 134 4643 1522 588 934 262 238 672 3121 1965 985
is_linear=0
shrinkage=0.1


Tree=80
num_leaves=31
num_cat=0
split_feature=17 2 21 10 21 8 4 1 2 19 11 2 8 11 21 18 1 13 12 9 9 17 0 8 1 19 6 22 12 21
split_gain=0.431437 0.428633 2.39992 2.42738 1.4486 1.13425 0.628969 0.679608 1.22129 1.1549 1.62705 2.71723 1.55823 1.08542 1.1521 1.07731 1.10511 1.0126 0.912246 0.903781 2.0781 1.02662 1.52586 0.956918 0.854575 1.14007 0.932575 0.923344 0.853063 0.806267
threshold=1.0000000180025095e-35 24.040000000000003 0.12852820150000002 0.063721000000000014 0.00041293500000000007 0.0099995000000000014 1.0000000180025095e-35 589.95500000000004 6250.7700000000013 1.9995065000000001 0.094824000000000006 17109.790000000005 0.00030750000000000005 0.12555300000000003 0.00079800400000000005 0.25759231000000005 6368.1600000000008 0.11438250000000001 0.97210700000000017 3.0001820000000001 3.2556635000000003 4.5000000000000009 519.00500000000011 0.60756250000000012 1994.4050000000002 8.0220873600000022 2.5000000000000004 3.5000000000000004 1.7381775000000002 1.0000000180025095e-35
decision_type=2 2 2 2 2 2 2 2 2 2 2 2 2 2 2 2 2 2 2 2 2 2 2 2 2 2 2 2 2 2
left_child=-1 2 3 5 -5 -2 -3 29 28 10 11 -10 -13 -12 -15 -14 -17 -18 -16 24 -21 22 -22 -23 25 -11 -26 -28 -9 -8
right_child=1 6 -4 4 -6 -7 7 8 9 19 13 12 15 14 18 16 17 -19 -20 20 21 23 -24 -25 26 -27 27 -29 -30 -31
leaf_value=0.10013628759359722 -0.030953344833587013 -0.11560795314706439 0.07355710396282171 0.14752168279020711 -0.10549248956136076 0.053810427541278662 -0.03790344307326015 -0.092805128974593976 -0.18180101089590539 0.070138017208696307 0.13417273542504957 0.071276384875300317 -0.07374124151988401 0.10460291015831834 -0.08706033540152959 0.074798242234775617 0.041817618218677917 -0.098786194647506514 0.061216257916567568 0.1365887014501117 -0.0066776373670831271 -0.0097474322631005347 0.20286988391189342 -0.093246589393336118 -0.11720117432552912 -0.094941195193815969 -0.0037407267302395682 -0.10222692181538387 -0.00049899641583260211 0.012121041672605602
leaf_weight=0.42573029396589745 4.0595282791182381 0.4564552721567442 2.3943608205299816 0.23862682003527869 4.3757468060357496 2.583206670358777 3.4250038057216434 2.6685570855624965 0.77757486049085756 1.2959007947356456 1.6641627115895961 3.0383110537077282 2.1288826919626445 1.2833638638257983 0.93445547320879974 1.7056747983442622 0.94973962509539012 1.1118195947492493 0.7462974872905761 1.0240488107665466 0.9792235898785282 12.563830556522587 0.53864207398146391 1.5408154165779695 1.9397910704574313 0.61780197884945653 3.0835458608780755 1.3770749081013489 1.6023863987647926 54.335539823659929
leaf_count=371 34 8 31 2 502 24 175 35 11 70 21 93 53 13 28 33 30 52 21 27 63 1525 5 318 248 214 335 158 32 2356
internal_value=-0.000346617 -0.000717186 -0.0173561 -0.0366931 -0.0924082 0.00200933 0.00151435 0.00204193 -0.0073871 -0.00186802 0.0207482 -0.0025047 0.0130997 0.0695421 0.0332562 -0.0168792 0.0152539 -0.0340114 -0.0212217 -0.0148614 -0.00141363 -0.0104596 0.0676841 -0.018869 -0.0417865 0.0168454 -0.0593172 -0.0341452 -0.0581734 0.00915476
internal_weight=115.866 115.44 13.6515 11.2571 4.61437 6.64273 101.789 101.332 43.5719 39.301 14.3403 9.712 8.93443 4.62828 2.96412 5.89612 3.76723 2.06156 1.68075 24.9607 16.6466 15.6225 1.51787 14.1046 8.31411 1.9137 6.40041 4.46062 4.27094 57.7605
internal_count=6888 6517 593 562 504 58 5924 5916 3385 3318 355 272 261 83 62 168 115 82 49 2963 1938 1911 68 1843 1025 284 741 493 67 2531
is_linear=0
shrinkage=0.1


Tree=81
num_leaves=31
num_cat=0
split_feature=38 2 24 38 38 26 13 34 34 18 34 34 2 34 34 8 8 1 17 2 21 9 5 13 18 9 21 11 9 2
split_gain=0.4153 0.601448 0.517407 0.49253 0.645159 0.783689 0.515898 0.510748 0.777635 0.720582 0.682655 1.59067 1.10947 0.997792 1.14822 1.4096 1.13582 0.866205 0.766857 0.751265 1.62227 1.05738 2.3039 1.00758 2.09874 1.25567 1.15713 1.26376 1.26138 1.94276
threshold=236250.00000000003 242740.60000000001 536462.9365500001 49995.000000000007 45139.931005000006 3.5000000000000004 0.014053000000000001 19950.000000000004 516.15000000000009 13.088060455000001 1.0507255000000002 1.0000000180025095e-35 30136.225000000002 1.3474375000000001 9.9375000000000018 0.19062400000000004 0.058001500000000004 2528.2000000000003 20.500000000000004 2255.1850000000004 0.010000000500000002 0.12341950000000002 1.0000000180025095e-35 11.453084000000002 10.385745825000003 3.5175710000000007 0.0020363060000000003 1.1693310000000003 0.010615500000000002 635.26500000000021
decision_type=2 2 2 2 2 2 2 2 2 2 2 2 2 2 2 2 2 2 2 2 2 2 2 2 2 2 2 2 2 2
left_child=3 -2 -3 4 5 7 -7 8 10 -10 11 19 -13 -12 -15 16 17 -16 -19 20 23 -22 -23 24 25 26 27 28 29 -1
right_child=1 2 -4 -5 -6 6 -8 -9 9 -11 13 12 -14 14 15 -17 -18 18 -20 -21 21 22 -24 -25 -26 -27 -28 -29 -30 -31
leaf_value=0.056537619539087314 0.098323079202628463 0.097444350281656988 -0.08009156592451 -0.075277914827245385 0.12232330847870364 0.054055109856319054 -0.086766070300487289 0.10176751153664754 -0.12054352095790571 0.0042371134317513342 0.086691993469423537 0.020075459532813606 -0.096710127184338371 -0.056096945423116745 0.059408158079279016 0.098298995241933237 -0.10091528993220716 -0.098724545558421931 0.041261258344157864 0.0077571223982676341 -0.012343894374615647 0.10837318088025981 -0.047615545608624694 -0.098220811743209596 0.10845241011065197 -0.10545103874619857 -0.059722811260330591 0.04765512648887326 -0.037866615124019759 -0.20216054655076188
leaf_weight=3.1261217012070293 1.0065322378650297 0.24691560037899751 0.489775457084761 0.88841044045693607 0.42586400546133418 0.30990760482381929 1.6204009422945089 0.4920984220225354 1.0264440095052112 0.84278305454063218 2.0776741213630876 1.1349651459604491 2.8716537751315627 2.044655351637628 2.4950105701573193 2.0732912252424285 0.90870714143966314 0.86285770381800808 0.71611220882914495 57.339859959116438 3.5323183760046941 3.1085700246621855 1.3615591078996656 1.6613624075544056 1.2507489665877063 1.7711668843403447 5.0778896352276197 3.5587224052287629 9.7531846584752184 0.3200063183903693
leaf_count=216 30 9 155 118 6 20 209 9 18 39 321 9 637 145 170 99 26 21 23 2641 18 54 16 1312 32 91 78 94 268 4
internal_value=-0.000364896 0.0480713 -0.0205871 -0.00111442 -0.00052489 -0.00099478 -0.0641575 0.000119615 -0.000339646 -0.0642834 0.000776928 -0.00194995 -0.063628 0.0241633 0.00988805 0.0290089 0.000177413 0.0227263 -0.0352366 0.000740193 -0.0109148 0.0285477 0.0608605 -0.022823 -0.0177839 -0.0244721 -0.0179037 -0.00523199 -0.0194911 0.032515
internal_weight=114.396 1.74322 0.736691 112.652 111.764 111.338 1.93031 109.408 108.916 1.86923 107.046 95.8681 4.00662 11.1783 9.10063 7.05598 4.98269 4.07398 1.57897 91.8615 34.5217 8.00245 4.47013 26.5192 24.8578 23.6071 21.8359 16.758 13.1993 3.44613
internal_count=6888 194 164 6694 6576 6570 229 6341 6332 57 6275 5470 646 805 484 339 240 214 44 4824 2183 88 70 2095 783 751 660 582 488 220
is_linear=0
shrinkage=0.1


Tree=82
num_leaves=31
num_cat=0
split_feature=6 6 4 21 17 8 39 13 10 2 2 22 21 2 24 2 9 9 2 6 21 21 2 8 9 8 8 21 21 2
split_gain=0.4053 0.494573 1.05877 0.816858 0.801778 0.688006 0.761061 0.715144 0.780545 0.587064 0.524804 0.611485 0.515598 1.12868 1.13423 1.08371 1.15738 1.25268 0.675602 1.03038 0.662042 2.39262 1.9946 1.77986 2.36108 2.2014 1.7001 1.39593 2.05041 1.77154
threshold=2314.5000000000005 8.5000000000000018 25.500000000000004 -2.1647324329999997 32.500000000000007 0.0025685000000000005 5156.9930000000013 3.9853620000000003 12.025862000000002 10741.445000000002 940.96000000000015 6.5000000000000009 0.00041293500000000007 531.18500000000006 3.4450000000000001e-08 2255.1850000000004 1.9900195000000001 0.99507950000000012 9290.5500000000011 2.5000000000000004 0.00062500000000000012 0.00061288750000000017 71.200000000000017 0.13922850000000003 0.51024150000000013 2.4975000000000005 0.054976000000000004 0.00087149999999995011 0.00094397750000000009 3.7650000000000001
decision_type=2 2 2 2 2 2 2 2 2 2 2 2 2 2 2 2 2 2 2 2 2 2 2 2 2 2 2 2 2 2
left_child=1 2 3 -1 10 -6 7 -7 -9 -4 -3 -12 13 14 -5 -15 17 18 -17 -20 21 22 -14 26 -25 -26 -24 29 -29 -22
right_child=-2 4 9 12 5 6 -8 8 -10 -11 11 -13 20 15 -16 16 -18 -19 19 -21 27 -23 23 24 25 -27 -28 28 -30 -31
leaf_value=-0.089108899146268919 -0.1030129486375409 -0.088484264626865719 0.09793619777579804 0.11910055404968317 0.022108509795214837 -0.093358886955025505 0.048443206784055212 0.073209132636642305 -0.10552215277402098 -0.10135645293789186 0.079001889396949146 -0.0136340233889369 -0.091606303428337643 -0.072630782955266149 -0.11009410793513059 0.086041034530485672 0.078583637883502089 -0.083461040462962918 -0.027261472533425292 0.091500028876847841 -0.12324354809408644 -0.10489629752370302 0.025979478259038232 0.14379258720751517 -0.03292844350804499 0.11384183754784905 -0.11316013670575738 -0.082207498749765462 0.00064448292155350336 0.059722262329800907
leaf_weight=1.0453097801946558 0.38322997775685408 0.25230675539933045 0.16399084590375324 1.664902695280033 6.1178373663278744 1.8880641711002688 0.90410004739533167 0.68215711643279042 0.38070608394627925 1.4980150910560039 3.4492753802915104 0.89810396940447379 2.1061086914851321 1.5066940037067968 0.24809429980814446 1.2130040212068687 2.3968781477306038 1.4838460023747755 3.0774945423472673 0.95793700881768007 0.57844376808497955 2.8299456360982722 1.7849318446824312 1.7885184697806833 3.5140629715751857 1.4409931162372229 1.7286010137759147 3.1506872152967835 57.490983041469008 6.2147189833922312
leaf_count=179 28 9 3 400 333 110 123 55 67 1118 283 30 178 22 4 16 72 35 49 66 18 149 21 18 51 19 21 68 3174 169
internal_value=-0.000348617 1.24225e-06 -0.00255754 -0.00119068 0.0171887 0.00125876 -0.0318293 -0.0564231 0.00918952 -0.0816922 0.0517273 0.0598647 -0.000225094 0.0186614 0.0893766 0.00594236 0.0189102 -0.00233516 0.0206009 0.000930317 -0.00309342 -0.0219515 -0.00296538 0.0152354 0.0453036 0.00975421 -0.0424749 0.00115533 -0.00366016 0.0441426
internal_weight=112.84 112.457 97.8842 96.2222 14.5726 9.97286 3.85503 2.95093 1.06286 1.66201 4.59969 4.34738 95.1768 12.5489 1.913 10.6359 9.12916 6.73228 5.24844 4.03543 82.628 15.1932 12.3632 10.2571 6.74357 4.95506 3.51353 67.4348 60.6417 6.79316
internal_count=6888 6860 5850 4729 1010 688 355 232 122 1121 322 313 4550 664 404 260 238 166 131 115 3886 457 308 130 88 70 42 3429 3242 187
is_linear=0
shrinkage=0.1


Tree=83
num_leaves=31
num_cat=0
split_feature=5 6 6 4 17 21 8 35 3 2 43 10 11 17 10 9 4 21 2 24 13 11 8 4 21 5 4 19 21 21
split_gain=0.38517 0.362901 0.370378 0.950576 0.730528 0.707668 0.674255 0.761928 0.571038 0.528393 0.494025 0.493898 0.582775 0.783965 0.515897 0.523097 0.487967 0.469209 1.00257 1.01004 0.91901 0.769672 0.96047 1.9547 1.28754 1.14249 0.663996 0.734982 0.602661 2.18434
threshold=2.5000000000000004 2314.5000000000005 8.5000000000000018 25.500000000000004 32.500000000000007 -2.1647324329999997 0.0025685000000000005 10068.500000000002 46.500000000000007 10741.445000000002 25.500000000000004 1.2008055000000002 0.0037280000000000004 64.500000000000014 0.10390150000000002 6.2169520000000009 23.500000000000004 0.00041293500000000007 531.18500000000006 3.4450000000000001e-08 2.9991645000000005 0.94975500000000002 0.00011150000000000001 2.5000000000000004 8.4100000000000025e-05 1.0000000180025095e-35 9.5000000000000018 0.5990381050000001 0.00062500000000000012 0.00061288750000000017
decision_type=2 2 2 2 2 2 2 2 2 2 2 2 2 2 2 2 2 2 2 2 2 2 2 2 2 2 2 2 2 2
left_child=1 2 3 5 -4 -1 11 -8 -9 -5 -10 14 13 -13 -6 -16 17 18 19 -7 21 22 23 -20 -24 -25 28 -28 29 -19
right_child=-2 -3 4 9 6 16 7 8 10 -11 -12 12 -14 -15 15 -17 -18 26 20 -21 -22 -23 24 25 -26 -27 27 -29 -30 -31
leaf_value=-0.086116668754229742 0.093947299769596537 -0.1027239337129376 0.048293551885658322 0.094630222199807337 -0.012954439348619269 0.11746286351915383 -0.073752751579795814 0.086499870799093881 -0.10384937326135922 -0.1012329865326867 0.0647443318097259 0.079077818399899649 0.071591883537495626 -0.082300747185333201 0.013637538210707525 0.10493123181623905 0.09163953057830633 -0.002965426870248374 -0.1054520540073481 -0.10908231879899642 0.079654397651310438 -0.076579111273217926 -0.007840769215765259 -0.073869708130510386 0.10227888440299451 0.11272523215623319 0.09138549003730044 -0.091407083623999588 0.0017121197830600972 -0.10444155921168879
leaf_weight=0.97486835626477741 0.43146129898377594 0.34768676134990428 4.4443968583364031 0.15330760646611352 1.1813674923032507 1.502681404352187 2.1033471810369524 0.68773445917759068 0.45968692074529827 1.3561637644525033 0.27947581680200528 0.38859565195161883 0.55859214496740595 1.3358334164804544 1.0771659653983081 1.5038872295990584 0.57158685114700247 12.121314140735192 1.7909578611142918 0.22646070085465897 1.4441065525752481 1.3277287089731542 2.652832911000587 0.49389168806374051 1.7703351390082387 0.97772271768189967 0.25778695801272888 1.4993805814592631 64.666720182460267 2.5712222513975567
leaf_count=176 26 28 322 3 25 399 156 32 126 1117 38 21 36 147 49 47 39 307 31 4 36 18 75 10 25 62 8 342 3034 149
internal_value=-0.000352466 -0.000719917 -0.000398611 -0.00260818 0.0147876 -0.00135521 -0.000763587 -0.0354883 0.0209162 -0.0813404 -0.0401045 0.019514 -0.017179 -0.0459345 0.0417791 0.0668311 -0.000474982 -0.00103929 0.0172563 0.0877929 0.00559317 -0.00627266 0.00587293 -0.035288 0.0362337 0.0501017 -0.00378797 -0.0645903 -0.00244168 -0.0207239
internal_weight=111.158 110.727 110.379 96.3591 14.0201 94.8496 9.57569 3.53024 1.4269 1.50947 0.739163 6.04544 2.28302 1.72443 3.76242 2.58105 93.8747 93.3031 12.1867 1.72914 10.4576 9.01347 7.68574 3.26257 4.42317 1.47161 81.1164 1.75717 79.3593 14.6925
internal_count=6888 6862 6834 5835 999 4715 677 352 196 1120 164 325 204 168 121 96 4539 4500 660 403 257 221 203 103 100 72 3840 350 3490 456
is_linear=0
shrinkage=0.1


Tree=84
num_leaves=31
num_cat=0
split_feature=1 2 9 1 21 8 13 12 11 2 6 1 2 21 21 11 1 21 8 8 0 17 2 1 19 11 6 17 2 2
split_gain=0.395504 2.39947 1.42438 1.03737 1.0689 1.06986 1.70736 0.99023 0.761694 0.751419 0.771227 1.71497 1.47018 1.5544 1.3152 1.44312 1.31323 0.954121 0.946888 0.936217 1.01192 0.907403 0.862399 0.847012 0.781787 1.07577 0.958455 1.02215 0.744479 1.21713
threshold=3015.4000000000005 13894.055000000002 0.99021000000000015 30476.090000000004 0.0013230850000000001 0.0050020000000000004 0.20334700000000003 0.50025300000000017 0.094824000000000006 571628.11500000011 1.5000000000000002 42.645000000000003 6250.7700000000013 0.0030542705000000006 0.0079361255000000019 0.20012200000000005 15.370000000000001 0.00042001000000000007 0.0030125000000000004 1.2095270000000002 133.87000000000003 4.5000000000000009 1659.7650000000001 1889.7550000000003 5.7937083000000014 0.090688500000000019 9.5000000000000018 107.50000000000001 379012.61000000004 187115.36500000002
decision_type=2 2 2 2 2 2 2 2 2 2 2 2 2 2 2 2 2 2 2 2 2 2 2 2 2 2 2 2 2 2
left_child=9 -2 3 4 8 -6 -7 -8 -3 10 11 28 14 16 15 17 -14 -12 -16 20 22 -18 -17 -23 25 -15 -26 -28 29 -1
right_child=1 2 -4 -5 5 6 7 -9 -10 -11 12 -13 13 24 18 19 21 -19 -20 -21 -22 23 -24 -25 26 -27 27 -29 -30 -31
leaf_value=0.0023649504706950708 -0.13972143189531344 0.055831813546312253 -0.022990389287472393 -0.034428810049066248 0.079265216907112204 -0.097023565916948828 0.13230564341668138 -0.051544761992622971 0.16407838688386414 -0.10344849076711958 0.012122230746168248 -0.080061680582899183 -0.06652967085571064 0.0043041321832297426 -0.045196800314319274 -0.039852856246039181 0.1244939159740002 -0.10483232596541424 0.083706090601485719 -0.083207440955338441 0.11335390567560454 0.071336590955583173 0.069489827834933335 -0.026982761083014034 -0.055489266569021728 0.12077303830166111 0.078768158110708697 -0.017316105218644823 0.11394837718453853 -0.082930361499109762
leaf_weight=46.262962652152055 1.3742722172173696 2.016121367516464 15.053175981745879 2.1465006361249834 1.5416668158140963 1.4911770442122363 0.76402387004054595 0.47515242807276081 0.95939581468701352 0.65790338203805632 0.91589251998812171 2.7846837706747456 0.71403461723821493 2.1380696305131992 0.7911542525980616 2.1161839938140479 2.5439676827518252 2.9258727846900001 2.0374042943294626 0.99692731702816662 0.98346550500718866 4.6117971757776104 1.0943371269386259 1.0817421651736365 2.8982019261020469 1.2606371119036337 1.7315922430134376 3.0702144891256467 0.57295744027942319 1.7357245179009613
leaf_count=1807 30 62 1849 98 54 81 12 50 9 330 16 138 27 55 22 52 55 288 56 489 43 327 55 56 534 33 103 100 9 48
internal_value=-0.000326972 -0.0111497 -0.00392215 0.0266331 0.0447178 0.0126671 -0.0249368 0.0618096 0.0907337 0.00300285 0.00384393 -0.00374235 0.0160528 0.0325617 -0.0118538 -0.0304878 0.0635651 -0.0769499 0.0476517 0.00389858 0.024604 0.0748418 -0.00258235 0.0526564 0.00755624 0.0475044 -0.0100765 0.0173331 0.000633146 -0.000719491
internal_weight=109.747 25.8215 24.4472 9.39404 7.24754 4.27202 2.73035 1.23918 2.97552 83.9257 83.2678 51.3563 31.9115 20.0503 11.8612 9.03268 8.95154 3.84177 2.82856 5.19091 4.19399 8.23751 3.21052 5.69354 11.0987 3.39871 7.70001 4.80181 48.5716 47.9987
internal_count=6888 2245 2215 366 268 197 143 62 71 4643 4313 2002 2311 1290 1021 943 465 304 78 639 150 438 107 383 825 88 737 203 1864 1855
is_linear=0
shrinkage=0.1


Tree=85
num_leaves=31
num_cat=0
split_feature=11 2 11 11 21 8 11 11 8 11 10 1 8 23 2 11 19 7 2 21 10 21 11 10 2 11 2 11 11 9
split_gain=0.363344 1.11167 1.06022 1.49881 1.26085 0.768144 1.7751 1.065 0.840549 1.28736 0.983064 1.23769 0.908933 1.38619 1.37301 1.28266 1.82481 1.27926 0.908351 1.14152 0.845084 0.821804 1.0251 1.04971 1.60189 0.889794 0.865803 0.820918 0.905207 1.29051
threshold=2.4547950000000003 64.925000000000026 1.9991580000000002 1.9966520000000003 0.00041293500000000007 1.0000015000000002 1.0122040000000003 1.0000500000000001 0.35497350000000005 0.40995000000000004 0.67114800000000019 15.370000000000001 0.14558600000000002 931.06073215000015 1.0000000180025095e-35 0.1389135 0.20006477800000003 2.5000000000000004 131.42500000000004 0.0083080650000000016 2.9829625000000006 0.00074401599999995014 0.99826950000000014 0.68062900000000004 3550.1000000000008 0.98367750000000009 2445.6250000000005 1.2186445000000001 0.0095170000000000012 712.78698900000006
decision_type=2 2 2 2 2 2 2 2 2 2 2 2 2 2 2 2 2 2 2 2 2 2 2 2 2 2 2 2 2 2
left_child=2 -2 3 5 -4 6 7 8 12 10 -10 -12 15 14 -14 20 -17 -16 -11 21 -1 -20 23 -23 -25 -26 -24 28 29 -7
right_child=1 -3 4 -5 -6 27 -8 -9 9 18 11 -13 13 -15 17 16 -18 -19 19 -21 -22 22 26 24 25 -27 -28 -29 -30 -31
leaf_value=-0.0012679664849786327 -0.082080846727051848 0.025860164979437817 0.10513713659400177 0.20025228735086303 -0.10659901903315135 -0.091393403065752041 0.094091186041477676 -0.13587504875567682 0.098814982513952779 -0.073131197901787501 -0.069571589686887758 0.056547994892573075 0.10505647650545186 0.098152352049979741 -0.081288761220629058 0.19304139570332607 0.02290007414326907 0.010921961644365165 -0.021325179242886318 -0.083830710885338819 -0.047995561762613631 0.092499184741543602 0.20412788159625836 -0.13086650690366242 -0.027444622703074569 0.14048061803847461 0.04489991310569235 -0.098271792552385162 0.011778669524541787 0.098078741327146723
leaf_weight=47.616039511100098 1.0471487211179908 10.73961634072475 0.33479269227245767 0.36946078769687929 1.7580769904016049 2.2841829047974884 2.0137225867510997 0.58072822976100624 2.8291491070995134 1.5470475850743231 1.0810444372473287 2.7768556390801677 0.560677029192444 0.72460242956003718 5.7097651103977114 0.73714359104633231 4.3520899456634652 2.0427930499135982 2.5209614641789795 1.1167554490384644 4.212801867775851 1.2453440038952979 0.66519623401109107 0.8359777468722317 0.71017692526220322 0.56784313876414672 0.70174802822293714 1.4630200240644624 4.4340582744553103 0.42661656346172083
leaf_count=2379 215 791 10 16 135 190 85 21 40 83 25 152 5 60 233 6 304 74 56 70 810 35 7 16 57 10 35 135 769 64
internal_value=-0.00030118 0.0162706 -0.00233122 -0.000765957 -0.072728 -0.0015581 0.00131983 -0.000927311 2.19826e-05 0.0201365 0.0540415 0.0212073 -0.00503993 -0.0344999 -0.0460622 -0.00036208 0.047544 -0.0569913 -0.00273937 0.0102807 -0.00506612 0.0247826 0.0493761 0.0196682 -0.0232361 0.047167 0.122385 -0.0300264 -0.0160521 -0.0615749
internal_weight=108.005 11.7868 96.2187 94.1258 2.09287 93.7563 85.1485 83.1347 82.554 16.5981 6.68705 3.8579 65.9559 9.03784 8.31324 56.9181 5.08923 7.75256 9.91105 8.364 51.8288 7.24725 4.72629 3.35934 2.114 1.27802 1.36694 8.60788 7.14486 2.7108
internal_count=6888 1006 5882 5737 145 5721 4563 4478 4457 586 217 177 3871 372 312 3499 310 307 369 286 3189 216 160 118 83 67 42 1158 1023 254
is_linear=0
shrinkage=0.1


Tree=86
num_leaves=31
num_cat=0
split_feature=1 2 19 5 12 5 18 29 21 35 22 2 1 1 7 11 37 0 11 11 19 10 12 13 9 9 10 13 2 11
split_gain=0.356325 2.03588 1.16648 1.08521 1.39302 0.700431 0.746116 0.73577 0.956665 0.977817 0.888188 0.665957 0.654462 0.97614 0.719735 1.0065 0.93888 0.933983 0.710732 0.718419 0.641559 1.40077 1.31111 1.74732 2.02668 1.10922 1.10032 1.09952 1.1917 1.83284
threshold=3015.4000000000005 13894.055000000002 0.5990381050000001 1.0000000180025095e-35 0.17929200000000003 1.0000000180025095e-35 0.49947622700000005 4.5000000000000009 0.077241717000000015 1152.4021305000003 63.500000000000007 571628.11500000011 48280.030000000006 45491.255000000005 2.5000000000000004 3.0968305000000007 89.270203500000022 1886.1300000000003 0.0037280000000000004 0.13080150000000004 1.0595886880000001 1.0695955000000001 0.99914500000000006 0.99864800000000009 0.61093750000000002 0.49996300000000005 0.15474150000000003 0.059540500000000003 1492.3900000000001 0.096813500000000011
decision_type=2 2 2 2 2 2 2 2 2 2 2 2 2 2 2 2 2 2 2 2 2 2 2 2 2 2 2 2 2 2
left_child=11 -2 3 4 -3 6 -4 8 9 12 -9 20 13 14 15 16 -8 18 -16 -20 22 26 23 24 25 27 -22 -1 -29 -30
right_child=1 2 5 -5 -6 -7 7 10 -10 -11 -12 -13 -14 -15 17 -17 -18 -19 19 -21 21 -23 -24 -25 -26 -27 -28 28 29 -31
leaf_value=0.010501389931119209 -0.13525641920970716 -0.042659976905042946 0.088477589801786244 0.11287131714581587 0.075810126714841455 -0.084403093649275965 -0.086478183514581961 -0.092714278208056625 0.10424388305673081 0.062603428436980649 0.0331477919708262 -0.10308627803659282 -0.096954202062403003 0.1568281105326057 -0.064480946702606554 0.060940334055910941 0.10796036258410698 -0.038448549761065737 0.093713585773928132 -0.046496051189342295 -0.038231526822039529 0.00079668931318853321 -0.083429643126102626 0.12636710934947046 -0.08028409973601501 0.046472297975545446 0.054698074318868778 -0.074449367208341485 -0.061827733869135752 0.034007771596115011
leaf_weight=18.868176367075652 1.247203094477302 2.2194630756275755 0.72791804833105445 1.3887845636345444 1.795406616409309 1.3898820247122774 3.3085842235886926 2.1806601688149381 0.75525509395811319 1.5584888784869697 0.75473285724729056 0.58842587251274281 1.0536805145675305 0.32328001694986674 0.50011235763668116 0.67875749204540614 0.26849211571970943 2.6752418287069304 1.9024789516988678 0.45233342082065053 1.4641567404032674 27.53065267544298 2.02223136415705 1.0504709004890163 3.2227755459025493 4.9461378225823855 9.8164397662476386 3.8068360064644358 3.4693618591409159 4.6977382493205369
leaf_count=578 30 56 27 71 27 365 437 434 104 55 138 330 155 12 37 43 5 124 60 65 87 2386 48 15 99 101 754 150 47 48
internal_value=-0.000299888 -0.010697 -0.00420612 0.0366755 0.0103186 -0.0161279 -0.0105915 -0.0149855 -0.00510381 -0.0115956 -0.0603533 0.00291314 -0.0219547 -0.0141376 -0.0197855 -0.0506999 -0.0718838 0.00400522 0.043787 0.0667809 0.00368417 0.0129575 -0.00486806 -0.00090241 -0.00432946 0.00251034 0.0426363 -0.00453982 -0.0282413 -0.00670289
internal_weight=106.664 25.1808 23.9336 5.40365 4.01487 18.5299 17.14 16.4121 13.4767 12.7214 2.93539 81.4834 11.163 10.1093 9.786 4.25583 3.57708 5.53017 2.85492 2.35481 80.895 38.8112 42.0837 40.0615 39.011 35.7883 11.2806 30.8421 11.9739 8.1671
internal_count=6888 2245 2215 154 83 2061 1696 1669 1097 993 572 4643 938 783 771 485 442 286 162 125 4313 3227 1086 1038 1023 924 841 823 245 95
is_linear=0
shrinkage=0.1


Tree=87
num_leaves=31
num_cat=0
split_feature=0 38 2 38 3 34 21 34 34 2 34 37 35 21 19 35 35 7 13 2 12 21 21 8 2 5 8 11 11 8
split_gain=0.343446 0.3488 0.502428 0.4411 0.393021 0.49314 0.747247 0.683333 1.36382 0.973102 0.943991 0.973296 0.686097 0.703019 1.89192 0.744127 0.665818 0.61055 0.58077 0.497448 1.38481 0.971243 0.960265 1.34388 0.607784 1.19794 2.22925 0.641828 1.46738 0.705065
threshold=199708.88000000003 236250.00000000003 310651.24500000005 248750.00000000003 84.500000000000014 516.15000000000009 0.011591974000000001 1.0507255000000002 1.0000000180025095e-35 30136.225000000002 1.3474375000000001 1.2646130000000002 2.0757435000000002 0.0019740155000000001 0.74790726600000013 173.78910400000004 1.3360605000000001 1.5000000000000002 0.8822755000000001 20.700000000000003 0.50025300000000017 0.00041293500000000007 0.12852820150000002 0.065976500000000007 42.845000000000006 1.0000000180025095e-35 1.8939185000000001 2.3230380000000004 1.7575230000000002 3.5041790000000006
decision_type=2 2 2 2 2 2 2 2 2 2 2 2 2 2 2 2 2 2 2 2 2 2 2 2 2 2 2 2 2 2
left_child=1 4 -3 -4 5 7 -7 8 19 -10 16 12 -12 -14 -15 -16 -9 -13 -19 20 21 -1 23 -23 25 26 -21 28 -26 -29
right_child=-2 2 3 -5 -6 6 -8 10 9 -11 11 17 13 14 15 -17 -18 18 -20 24 -22 22 -24 -25 27 -27 -28 29 -30 -31
leaf_value=0.093559893985601106 0.087507350673261278 0.08777990834222113 0.11820535317877262 -0.090875131005973483 -0.058064031958754259 -0.09359783440192887 0.026909837551611235 -0.10601423262684376 0.017364026594598164 -0.096198392683195133 -0.099434094207214857 0.042553889620553176 0.090531472970807367 -0.10703059614099758 0.095457814256987211 -0.067083619841490458 0.10454684973886251 -0.10840971777663538 -0.008843603276493528 -0.098820251037942342 -0.10328679342405496 -0.0085900126510414943 0.048960053354756783 -0.11349331153920045 0.0012891947822197697 0.18160572045591195 0.23199516543337506 0.043116587608837464 -0.073480956382415294 -0.015785585627749336
leaf_weight=0.90795228583738108 0.44348314241506059 1.0088921178539738 0.13858403044287104 0.37112196798261721 1.208903003243903 1.3518849876709276 0.83076840743888158 0.16382995113963161 1.0715248212218278 2.5507571666821605 0.3486805827706102 0.77720422763377461 2.0489004827104509 0.89335728413425419 1.6646183005359492 0.33901839650934551 1.8018710280593948 1.1979904799954968 1.1465114710881605 0.69257400900823884 1.67687649198342 5.5349281243979913 1.8611329346895216 1.5668960250914095 60.159062180682668 0.56173056736588478 0.28857252115267329 6.8421000609523599 2.7444755770993643 2.8908128334151115
leaf_count=200 16 42 2 150 565 45 16 15 9 610 27 9 222 13 102 32 307 24 42 37 401 36 26 74 2971 4 33 278 140 440
internal_value=-0.000308413 -0.000680586 0.0468959 -0.0340282 -0.0013812 -0.000708831 -0.0477298 0.000320238 -0.00250136 -0.0626049 0.0246034 0.0100307 0.0361428 0.0457009 0.0139944 0.0679556 0.0869978 -0.0342569 -0.0597198 3.82381e-05 -0.0192684 -0.00499531 -0.014979 -0.0317351 0.00304378 0.0651514 -0.00152159 0.00172455 -0.00197302 0.0256218
internal_weight=105.085 104.642 1.5186 0.509706 103.123 101.914 2.18265 99.7314 89.3494 3.62228 10.382 8.41628 5.29458 4.94589 2.89699 2.00364 1.9657 3.12171 2.3445 85.7271 11.5478 9.87091 8.96296 7.10182 74.1793 1.54288 0.981147 72.6365 62.9035 9.73291
internal_count=6888 6872 194 152 6678 6113 61 6052 5259 619 793 471 396 369 147 134 322 75 66 4640 737 336 136 110 3903 74 70 3829 3111 718
is_linear=0
shrinkage=0.1


Tree=88
num_leaves=31
num_cat=0
split_feature=17 6 9 19 38 17 34 38 38 26 22 22 6 29 8 5 21 2 8 8 2 13 13 19 19 21 11 13 9 9
split_gain=0.326669 0.758453 0.54015 0.793691 0.461408 0.585683 0.452244 0.450569 0.559931 0.669134 0.447464 0.608218 0.532827 1.00675 0.714682 2.16828 3.47876 1.9265 1.8058 1.38269 1.82675 1.58047 1.73993 1.40617 1.07319 2.32712 1.40048 1.21621 0.891959 1.55119
threshold=514.50000000000011 71.000000000000014 117.51683050000001 5823.8793965000013 236250.00000000003 213.50000000000003 99.495000000000019 49995.000000000007 45139.931005000006 3.5000000000000004 22.500000000000004 11.500000000000002 5.5000000000000009 4.5000000000000009 0.095000500000000015 1.0000000180025095e-35 0.11244889400000001 33.125000000000007 0.065976500000000007 0.11530150000000002 1492.3900000000001 0.13896550000000002 0.14383150000000003 0.27598519000000005 0.51631950000000015 0.062246837500000006 0.14545700000000003 0.10324900000000002 0.52899900000000011 0.49996300000000005
decision_type=2 2 2 2 2 2 2 2 2 2 2 2 2 2 2 2 2 2 2 2 2 2 2 2 2 2 2 2 2 2
left_child=1 4 6 -4 5 7 -2 8 9 10 11 12 13 14 18 16 17 -16 24 20 -19 -21 -23 -24 25 26 27 -1 29 -25
right_child=2 -3 3 -5 -6 -7 -8 -9 -10 -11 -12 -13 -14 -15 15 -17 -18 19 -20 21 -22 22 23 28 -26 -27 -28 -29 -30 -31
leaf_value=-0.00087001670519128941 -0.099432763303750615 0.075510927021793683 0.11194996364981152 -0.070182196909063257 0.059990897593228593 -0.10954599807936005 0.10617404205836517 -0.082708985002376945 0.12557029192331484 -0.067554017302989572 0.059494749042009847 -0.08220513469710039 0.020648288222399832 -0.095534182250303981 -0.078019505168975142 -0.11751996040846442 0.12543027062896306 -0.093241895310449574 -0.088696956209155325 -0.076320942098602407 0.082169840083611806 0.2789181739161794 -0.11296274196861499 -0.00075380760710004266 -0.033532617373317315 0.1648123902557839 0.1016716456134599 -0.11986412697011489 0.0020141880340428047 0.1046647747546887
leaf_weight=17.084418581333026 1.1639507180734647 1.3312784931040358 0.46750369647634205 0.49008703747676918 1.2465220718877379 0.49671346892136981 0.1178064394625834 0.66516383248381217 0.35311505227582429 1.4693316088232666 1.2663133490132157 0.89903481883811664 11.451624605295363 1.1439151071681397 2.7054608480393645 1.3687088061124075 2.480678364285267 0.68761105090379615 2.8446669934055526 2.3884090825449666 4.3467079868423752 0.2350559663027515 0.96705034654587407 3.1800446835404719 9.211501740748643 0.90026723966002364 1.2732864124700416 0.90439618425443669 27.975628977568704 2.4877889273921028
leaf_count=629 288 50 38 102 137 245 8 81 5 185 87 139 861 177 493 32 33 22 88 28 104 2 33 59 938 6 18 14 1931 55
internal_value=-0.000306037 0.000528572 -0.0380848 0.0187362 -0.000469318 -0.00123222 -0.0805354 -0.000684855 -0.000125987 -0.000582288 0.000444863 -0.00034611 0.000439839 -0.00237598 -0.00106104 0.00656752 0.0101465 0.00378766 -0.0126212 0.00902388 0.0582113 0.00237337 0.00776729 0.00592578 -0.00525371 0.00766596 0.000321291 -0.0068525 0.00934312 0.0455177
internal_weight=103.604 101.365 2.23935 0.957591 100.033 98.7869 1.28176 98.2902 97.625 97.2719 95.8026 94.5363 93.6372 82.1856 81.0417 48.8231 47.4544 44.9738 32.2185 42.2683 5.03432 37.234 34.8456 34.6105 29.3739 20.1624 19.2621 17.9888 33.6435 5.66783
internal_count=6888 6452 436 140 6402 6265 296 6020 5939 5934 5749 5662 5523 4662 4485 2792 2760 2727 1693 2234 126 2108 2080 2078 1605 667 661 643 2045 114
is_linear=0
shrinkage=0.1


Tree=89
num_leaves=31
num_cat=0
split_feature=1 2 9 1 21 8 13 12 6 13 2 11 29 11 21 0 2 8 2 22 4 1 8 0 0 2 39 11 21 21
split_gain=0.334809 1.76733 1.02181 0.78827 0.794373 0.799493 1.33465 0.734158 0.667075 0.881427 0.617087 1.18661 0.740404 0.72852 1.48476 0.627441 0.606308 0.733715 0.581274 0.575957 0.548461 0.53616 0.895216 0.531179 1.87285 1.3729 0.993444 0.878237 0.835068 2.44355
threshold=3015.4000000000005 13894.055000000002 0.99021000000000015 30476.090000000004 0.0013230850000000001 0.0050020000000000004 0.20334700000000003 0.50025300000000017 2.5000000000000004 0.099533500000000011 80107.025000000009 3.0968305000000007 4.5000000000000009 0.0010040000000000003 0.0046333785000000011 1230.2750000000003 350070.98500000004 0.0037300000000000002 571628.11500000011 1.0000000180025095e-35 25.500000000000004 2773.2500000000005 0.099846000000000018 28.205000000000002 1.0000000180025095e-35 187.80500000000004 1818.6042045000002 4.9993990000000013 0.00062500000000000012 0.0015889180000000001
decision_type=2 2 2 2 2 2 2 2 2 2 2 2 2 2 2 2 2 2 2 2 2 2 2 2 2 2 2 2 2 2
left_child=18 -2 3 4 -3 -6 -7 -8 -5 -10 11 19 13 16 -15 -14 -12 -18 21 -4 -16 23 -23 24 28 -25 27 -26 -1 -30
right_child=1 2 10 8 5 6 7 -9 9 -11 12 -13 15 14 20 -17 17 -19 -20 -21 -22 22 -24 25 26 -27 -28 -29 29 -31
leaf_value=-0.015093061485617693 -0.13219701512044091 0.080270786329104393 -0.10435009750231834 -0.10557792265257071 0.07072674688500645 -0.091787758975020381 0.11937507980592954 -0.047045449249575419 0.071214200224902977 -0.10768928008673583 -0.083150328794482961 0.071544554374379038 0.013349697334536359 -0.059770557563075657 0.07502927897420654 -0.086861032087970913 0.079807637113818164 -0.10114307870879452 -0.10289522848223925 -0.00047191180852572525 -0.053189047143385897 -0.035324777658028342 0.14640587815653525 0.16021780929423213 -0.098526817878014802 0.010414384214989934 0.093495751014592621 0.063165768557723545 0.054536149635110047 -0.0077305831025897085
leaf_weight=17.231763989257161 1.1401854472060247 2.7486426559044066 2.4124212168098893 0.76767276797909323 1.3825226449989716 1.3379700654040791 0.69626504257030297 0.42804181488463655 0.84357820753939428 0.40886714437510818 1.3160269988147759 0.6069155123841482 0.94868130171380505 1.3688777143033801 3.3229300983221042 1.8301408367551628 0.67595708080625605 0.33520263901300495 0.51644061507977213 0.68540070281596843 0.37084692132339103 0.45822298456914612 0.6636471523961518 0.62648743123282002 3.4296013422281244 26.0609568599466 0.34945549709664181 0.3723910150292794 9.3999950051074865 19.12575499144441
leaf_count=948 30 71 141 33 54 81 12 50 44 21 337 38 83 158 242 498 48 90 330 36 178 44 16 36 756 1416 14 119 298 666
internal_value=-0.000305195 -0.0107377 -0.00457915 0.0224741 0.0392188 0.00987082 -0.0242986 0.0560161 -0.0321789 0.0128103 -0.0213757 -0.0563166 -0.00864566 0.00790118 0.0291889 -0.0526494 -0.038409 0.0198219 0.00284545 -0.0813668 0.0621564 0.0035481 0.0721788 0.0025429 -0.00354659 0.013931 -0.0678589 -0.0826896 0.00228828 0.012788
internal_weight=101.862 23.6271 22.487 8.61356 6.59344 3.8448 2.46228 1.12431 2.02012 1.25245 13.8734 3.70474 10.1687 7.38984 5.06265 2.77882 2.32719 1.01116 78.2347 3.09782 3.69378 77.7183 1.12187 76.5964 49.909 26.6874 4.15145 3.80199 45.7575 28.5257
internal_count=6888 2245 2215 366 268 197 143 62 98 65 1849 215 1634 1053 578 581 475 138 4643 177 420 4313 60 4253 2801 1452 889 875 1912 964
is_linear=0
shrinkage=0.1


Tree=90
num_leaves=31
num_cat=0
split_feature=5 6 6 4 21 17 22 2 10 18 13 2 27 11 18 2 21 2 2 9 3 8 12 18 8 8 21 8 5 2
split_gain=0.303753 0.293005 0.313218 0.710347 0.611548 0.55062 0.51904 0.535824 0.567634 0.783747 0.592312 0.495107 0.435361 0.428303 1.09465 1.43936 1.37727 0.932831 1.50697 1.22024 1.10641 0.923504 1.07598 0.917459 0.774355 3.22801 0.734029 1.35501 0.866253 0.653384
threshold=2.5000000000000004 2314.5000000000005 8.5000000000000018 25.500000000000004 -2.1647324329999997 32.500000000000007 1.0000000180025095e-35 53359.610000000008 1.7307910000000002 14.925742070000002 12.940093500000001 10741.445000000002 1.5000000000000002 0.0080075000000000025 0.0094314190000000016 64.925000000000026 0.00041293500000000007 310.69000000000005 20.700000000000003 0.1102955 1.0000000180025095e-35 0.016273500000000003 0.11226650000000002 0.11805466400000002 1.9997900000000002 2.0010000000000003 0.12852820150000002 0.065976500000000007 1.0000000180025095e-35 15023.825000000003
decision_type=2 2 2 2 2 2 2 2 2 2 2 2 2 2 2 2 2 2 2 2 2 2 2 2 2 2 2 2 2 2
left_child=1 2 3 4 -1 -4 -7 -8 9 12 -10 -5 -9 17 -15 16 -16 18 20 -20 26 29 -23 -24 -18 -26 27 28 -6 -19
right_child=-2 -3 5 11 13 6 7 8 10 -11 -12 -13 -14 14 15 -17 24 21 19 -21 -22 22 23 -25 25 -27 -28 -29 -30 -31
leaf_value=-0.08641955536923708 0.09093330072894644 -0.10216847243021117 0.045457665392252579 0.094831750802405204 -0.0033271053580533347 -0.047397436316849 0.079185240430818454 0.048309165846903791 -0.086434807312648521 0.072531592041565049 0.017790651893923891 -0.10112947068215415 -0.06289254541552837 0.15652126263999555 0.13185660511755329 0.0083100877277758056 -0.10124971702968535 -0.037040974318768495 0.15794770228390176 0.0054756359848546418 -0.13872450146574675 -0.10029915393328122 0.16744778967796101 -0.031793298487985643 0.35734942731518976 -0.077892145132439222 0.056910347310087789 -0.12103302477955413 0.15536366636987928 0.012899143016821697
leaf_weight=0.83752084431762241 0.36346840640180644 0.28349679451639431 3.930199779366375 0.14630629867315192 4.950203625485301 1.8056953121704262 1.0348549170303156 0.53592569532338563 1.1899432652062389 1.7630808366739072 1.0064254812023135 1.0856848811672533 1.0262438218633176 0.47175096906721492 0.3687441386282434 49.260653429184458 2.6077643859898676 3.9648988610133546 1.1672045793384307 0.95380602503428225 0.57380209278198968 2.6434576509636809 0.24055194854736317 5.8913963405357208 0.2048700563609599 1.0128160120511891 2.0431167252827436 0.96612458862364281 0.36967506259679783 7.7223656799469609
leaf_count=176 26 28 322 3 404 103 57 11 231 108 118 1117 49 5 4 2322 219 54 11 39 56 75 1 340 2 444 31 8 5 519
internal_value=-0.000318061 -0.000649536 -0.000361085 -0.00246133 -0.00138437 0.014586 7.63501e-05 0.0131509 0.000774872 0.0268329 -0.0386764 -0.0778579 -0.0247431 -0.000550559 0.00486041 0.00352196 -0.0527144 -0.00981783 0.0136326 0.0893819 -0.00441368 -0.0224514 -0.046968 -0.0239772 -0.0705056 -0.00466476 0.00483913 -0.0120854 0.00770022 -0.00404302
internal_weight=100.422 100.059 99.7751 87.4827 86.2507 12.2924 8.36217 6.55647 5.52162 3.32525 2.19637 1.23199 1.56217 85.4132 53.9266 53.4548 4.19419 31.4866 11.0239 2.12101 8.90292 20.4627 8.77541 6.13195 3.82545 1.21769 8.32912 6.286 5.31988 11.6873
internal_count=6888 6862 6834 5835 4715 999 677 574 517 168 349 1120 60 4539 2996 2991 669 1543 554 50 504 989 416 341 665 446 448 417 409 573
is_linear=0
shrinkage=0.1


Tree=91
num_leaves=31
num_cat=0
split_feature=1 2 2 9 0 10 6 8 10 36 0 2 3 11 18 6 11 0 6 1 8 0 22 6 11 1 21 21 2 13
split_gain=0.318657 1.75929 1.01217 0.748754 0.71454 0.710784 0.614469 0.584761 1.26812 0.713404 0.636603 0.576204 0.563699 0.554548 0.958104 1.0305 0.754149 0.549364 0.524523 1.49537 1.20274 0.960571 0.937569 0.969152 0.904777 1.16963 0.923285 1.77881 1.4698 0.785076
threshold=3732.1750000000006 13143.840000000002 28400.975000000002 0.55465350000000002 253.30500000000004 0.057610500000000009 2.5000000000000004 0.29002950000000005 3.6996390000000003 831.06929350000007 16.860000000000003 571628.11500000011 4.5000000000000009 0.0012775000000000002 0.19749050000000004 4.5000000000000009 0.0086089999999999518 8812.9200000000019 1.5000000000000002 42.645000000000003 1.2095270000000002 1287.4300000000003 1.5000000000000002 2.5000000000000004 0.28303950000000005 66.89500000000001 0.0053491375000000009 0.00042001000000000007 2445.6250000000005 1431.262326
decision_type=2 2 2 2 2 2 2 2 2 2 2 2 2 2 2 2 2 2 2 2 2 2 2 2 2 2 2 2 2 2
left_child=11 -2 3 -3 -5 6 -4 9 10 13 -9 18 -8 -7 -15 -16 -17 -11 19 -1 21 24 -23 -24 26 -26 27 -20 -28 -22
right_child=1 2 5 4 -6 7 12 8 -10 17 -12 -13 -14 14 15 16 -18 -19 20 -21 29 22 23 -25 25 -27 28 -29 -30 -31
leaf_value=0.0010597687350110117 -0.15484050419444495 0.097252744924660933 -0.020932500934877828 -0.082922215830556978 0.07137143705794477 -0.080268294151477237 0.1242495229548071 -0.039204042015627161 -0.09585284246038886 0.044091888983315494 0.090039711340408737 -0.10253817694934574 -0.0045124530416587325 0.13086602826123936 -0.076918558076285504 0.078201751397948008 -0.028020020546922708 -0.10199201192259549 0.034695916028727479 -0.076085576828030105 -0.082919303739500641 0.077818317417888583 -0.092940391055966298 0.034643780383001886 -0.031145654953667341 0.064802676118146926 0.10128938637996113 -0.085656906637628011 -0.0074338323268558302 0.13199696547607381
leaf_weight=45.186339555904851 0.82065875967964785 1.5370136050041794 1.1549891885661083 0.619063639140222 0.58262047404423356 2.9339905636516033 0.92047635934432015 0.50538339783088293 0.72133327791379986 1.6863010575470969 1.5498527939926132 0.51796711634597059 0.53913341602310538 0.35834258317481715 3.2495069271099055 0.94053086952772025 2.3099866662232671 0.30380619288189326 1.9595133097464081 2.6605863703516652 1.7671839072863793 4.5587869551673048 0.72691831451083988 3.2904159213358071 1.764986714493715 4.5347705341991968 1.5325537116732428 3.2898388255271129 6.5903475333179813 0.18805808009346936
leaf_count=1864 15 20 36 41 8 613 63 58 255 206 73 379 15 4 366 38 172 91 76 154 781 152 31 180 119 330 32 84 630 2
internal_value=-0.0003244 -0.0113519 -0.00543822 0.0510195 -0.008115 -0.0144416 0.033565 -0.0230629 0.0182215 -0.0327917 0.0582586 0.00258559 0.0766889 -0.0438846 -0.0283197 -0.0370956 0.00271504 0.021791 0.00328323 -0.00322999 0.0136012 0.0188513 0.0467798 0.011558 0.00667564 0.0379211 -0.0080443 -0.0407308 0.0130791 -0.0622483
internal_weight=99.3013 20.733 19.9123 2.7387 1.20168 17.1736 2.6146 14.559 2.77657 11.7825 2.05524 78.5683 1.45961 9.79236 6.85837 6.50002 3.25052 1.99011 78.0503 47.8469 30.2034 28.2481 8.57612 4.01733 19.672 6.29976 13.3723 5.24935 8.1229 1.95524
internal_count=6888 2074 2059 69 49 1990 114 1876 386 1490 131 4814 78 1193 580 576 210 297 4435 2018 2417 1634 363 211 1271 449 822 160 662 783
is_linear=0
shrinkage=0.1


Tree=92
num_leaves=31
num_cat=0
split_feature=43 3 37 10 10 9 36 17 6 19 6 11 12 9 12 13 12 8 23 8 21 0 22 2 17 34 34 34 34 34
split_gain=0.288197 0.398447 0.357493 0.307014 0.835194 0.510152 0.705442 0.542497 0.538207 0.558495 0.4637 0.446833 0.438356 0.997109 0.945851 0.732515 0.785952 0.638008 0.896114 0.70349 1.81584 0.596107 1.02945 0.894058 1.00145 0.56327 1.09418 0.570009 1.0293 0.888789
threshold=24.500000000000004 84.500000000000014 784.50000000000011 3465.1866975000007 46.603889000000002 99.997500000000016 122.32593150000001 514.50000000000011 71.000000000000014 110.48048500000002 22.500000000000004 0.013975500000000002 19.055000000000003 8.0050000000000008 7.4742234999999999 15.108484500000001 13.863349000000001 3.5041790000000006 1.3328974445000001 2.4975000000000005 0.00061288750000000017 11.970000000000002 1.0000000180025095e-35 5744.5750000000016 12.500000000000002 19950.000000000004 407.10475800000006 0.99914650000000005 13.821500000000002 1.0000000180025095e-35
decision_type=2 2 2 2 2 2 2 2 2 2 2 2 2 2 2 2 2 2 2 2 2 2 2 2 2 2 2 2 2 2
left_child=1 3 -3 4 5 7 -7 8 9 10 12 -8 13 14 17 16 21 19 -19 25 -21 22 -15 -23 -25 26 27 29 -29 -1
right_child=-2 2 -4 -5 -6 6 11 -9 -10 -11 -12 -13 -14 15 -16 -17 -18 18 -20 20 -22 23 -24 24 -26 -27 -28 28 -30 -31
leaf_value=-0.0011796842739247243 0.071247611632262425 -0.084215021954272579 0.094071119885396792 0.092884482161760026 -0.09231314479708902 0.099938028059236059 -0.072953429609943748 -0.080696376385056362 0.078191408642279678 -0.060072884056641185 0.062432171245445846 0.06190019521680018 -0.039772123104435037 -0.060951363297995491 -0.071082099029232848 0.12394225812155382 -0.065894109379512927 -0.10548177557574595 0.064515329740796337 0.13728419178052564 -0.037829725326445962 0.14470026096361518 0.079345141786897333 -0.054578922564905707 0.078216829428321796 0.10246332903923037 -0.11620574875108772 0.061844191965962581 -0.019747824938373425 -0.067361772025562275
leaf_weight=62.34153656433773 0.55951035540056082 0.91304642471368314 0.12826883567322511 0.35406980128027399 0.97864749289874353 1.1974094997422065 0.56106831874058105 0.837678782241709 0.87514640856534143 1.5523756149050303 1.1900126289401658 0.43714927004475612 2.7413366446853606 1.2694563533295871 1.957889613113365 0.84116879757493723 0.83348522582673457 1.2237089175032441 0.41532732499763358 1.248367570806294 1.1265064516337586 0.97996432147920165 0.88947497123444907 0.87072859602631103 1.6327779809580532 0.52143415249884029 0.82702617684844781 3.7298640185908871 2.6408244133926928 2.0974365421498069
leaf_count=1932 88 605 12 10 1379 70 72 65 24 364 101 14 370 113 167 10 96 81 16 18 30 12 111 53 118 6 22 500 60 369
internal_value=-0.000316384 -0.00072827 -0.0622538 -6.20934e-05 -0.000405553 0.000542843 0.0481842 -0.000586244 0.000144718 -0.000606429 0.00042642 -0.013897 -0.000410286 0.000852533 -0.00245331 0.0361516 0.0247483 -0.00068931 -0.062405 0.000667864 0.05422 0.0381378 -0.00314951 0.0637262 0.03203 -0.00109465 -0.00184843 -0.00051279 0.0280221 -0.00333386
internal_weight=97.7727 97.2132 1.04132 96.1719 95.8178 94.8392 2.19563 92.6435 91.8058 90.9307 89.3783 0.998218 88.1883 85.447 78.1299 7.31706 6.47589 76.172 1.63904 74.533 2.37487 5.6424 2.15893 3.48347 2.50351 72.1581 71.6367 70.8097 6.37069 64.439
internal_count=6888 6800 617 6183 6173 4794 156 4638 4573 4549 4185 86 4084 3714 3201 513 503 3034 97 2937 48 407 224 183 171 2889 2883 2861 560 2301
is_linear=0
shrinkage=0.1


Tree=93
num_leaves=31
num_cat=0
split_feature=1 2 2 1 10 9 5 6 3 18 8 8 10 0 6 29 21 35 2 36 21 6 1 2 21 10 13 11 1 1
split_gain=0.274592 1.55974 0.82728 0.663248 0.609367 0.599006 0.545211 0.520824 0.522484 0.515771 0.538387 0.695718 0.957817 0.694269 0.581234 0.604589 0.616574 0.689863 0.504834 0.482783 0.479124 0.466589 1.26421 1.12231 1.17885 1.03991 0.979335 1.13608 0.816205 0.791381
threshold=3732.1750000000006 13143.840000000002 28400.975000000002 9715.5650000000023 0.057610500000000009 0.55465350000000002 1.0000000180025095e-35 2.5000000000000004 4.5000000000000009 0.19749050000000004 1.0000000180025095e-35 0.29002950000000005 3.6996390000000003 16.860000000000003 4.5000000000000009 4.5000000000000009 0.062246837500000006 1152.4021305000003 571628.11500000011 9688.0062825000023 1.8486385055000001 1.5000000000000002 1.4000000000000001 6250.7700000000013 0.0030542705000000006 7.299376500000001 0.0048120000000000012 0.20012200000000005 15.370000000000001 0.075000000000000025
decision_type=2 2 2 2 2 2 2 2 2 2 2 2 2 2 2 2 2 2 2 2 2 2 2 2 2 2 2 2 2 2
left_child=18 -2 3 5 7 -3 9 -4 -9 -6 -11 14 13 -13 19 16 17 -16 21 20 -12 22 29 26 28 -24 -23 -28 -25 -1
right_child=1 2 4 -5 6 -7 -8 8 -10 10 11 12 -14 -15 15 -17 -18 -19 -20 -21 -22 23 25 24 -26 -27 27 -29 -30 -31
leaf_value=0.00048261651869958367 -0.15152137802362339 0.067260097576456887 -0.018373671323570703 0.12563367036105902 0.066754989936004913 -0.046368395959253295 -0.1038882269822613 0.12184316813787284 -0.0043053175601715154 0.045533941048354266 -0.088800174514755525 -0.067705192407078077 -0.092806466184737368 0.08380409855724015 -0.038304813919744038 -0.073159470161260814 0.1065319358349421 0.076663619883154704 -0.10231238917657517 0.069233490886135937 0.074611211456671642 0.052640604672946262 -0.077086601101753929 -0.055710851739635449 0.0048079901013767029 0.050229068309357139 -0.072240906070815389 0.0027628585465048648 0.063700045233971284 0.11403401562112721
leaf_weight=42.295324088903726 0.75753501406871038 1.0054845029953896 1.1408000730152736 0.76022321981145058 0.69627472510910315 0.8613763274042866 0.76419637157232578 0.84635087210335747 0.5364281541260425 1.0867205653485132 3.3581165819196022 0.37829147644515559 0.58732856553979207 1.5085184987838145 2.4277789857005709 1.4686188381529062 0.49582327564712603 0.66485125379404042 0.45758179837866819 0.23066128963546351 0.18955299828667183 1.8196021473268071 3.5888276370460508 0.61721081333235073 10.373455097629629 0.78120084536203638 3.4509618126030528 4.8685874339571455 7.8870201041863766 0.62280056450981547
leaf_count=1807 15 14 36 11 29 44 325 63 15 82 490 49 246 71 216 269 41 23 379 17 18 50 164 27 898 36 310 661 471 11
internal_value=-0.00029592 -0.010807 -0.00519882 0.0468953 -0.0135537 0.0148315 -0.0217848 0.0316423 0.0729058 -0.0169925 -0.0216964 -0.0281565 0.0187135 0.0534276 -0.0412813 -0.0191115 0.00300834 -0.013589 0.00241048 -0.0709544 -0.0800691 0.00303847 -0.003087 0.013021 0.0274342 -0.0543272 -0.0138142 -0.0283488 0.0550336 0.0021304
internal_weight=96.5275 19.7649 19.0074 2.62708 16.3803 1.86686 13.8567 2.52358 1.38278 13.0925 12.3963 11.3095 2.47414 1.88681 8.8354 5.05707 3.58845 3.09263 76.7626 3.77833 3.54767 76.305 47.2882 29.0168 18.8777 4.37003 10.1392 8.31955 8.50423 42.9181
internal_count=6888 2074 2059 69 1990 58 1876 114 78 1551 1522 1440 366 120 1074 549 280 239 4814 525 508 4435 2018 2417 1396 200 1021 971 498 1818
is_linear=0
shrinkage=0.1


Tree=94
num_leaves=31
num_cat=0
split_feature=38 2 36 34 34 34 34 34 34 34 35 23 2 10 26 3 22 22 9 21 4 22 12 10 1 21 10 8 19 2
split_gain=0.27438 0.354864 0.368499 0.313277 0.484573 1.05383 0.914449 0.782432 0.924983 0.831153 0.79409 0.69504 0.685197 0.5881 0.459867 0.364174 0.424221 1.36822 1.14788 1.00824 1.14597 0.718344 0.64357 0.618739 0.526354 0.502783 0.500212 1.91878 1.21763 1.21864
threshold=236250.00000000003 242740.60000000001 19342.768665000007 516.15000000000009 1.3343860000000001 1.3474375000000001 1.0000000180025095e-35 9.9375000000000018 13.821500000000002 98.850000000000009 100.68975750000001 10.205945935000003 2829.9250000000006 30.025000000000002 2.5000000000000004 84.500000000000014 1.0000000180025095e-35 1.5000000000000002 4.9992065000000006 0.0097015000000000018 2.5000000000000004 6.5000000000000009 19.055000000000003 15.5672975 6.7450000000000001 4304.1890095000008 0.62217050000000007 0.35497350000000005 0.99993702000000007 33.125000000000007
decision_type=2 2 2 2 2 2 2 2 2 2 2 2 2 2 2 2 2 2 2 2 2 2 2 2 2 2 2 2 2 2
left_child=3 -2 -3 4 6 -6 15 -7 11 -10 -11 -9 -8 14 -14 16 22 -18 19 20 -19 -20 23 26 -24 -23 27 -1 -28 -30
right_child=1 2 -4 -5 5 7 12 8 9 10 -12 -13 13 -15 -16 -17 17 18 21 -21 -22 25 24 -25 -26 -27 28 -29 29 -31
leaf_value=-0.0044348149076098914 0.089256508198834683 0.073863781070376916 -0.093418761425317728 -0.040426343114962092 0.1032842725057676 -0.054811771147491008 0.1332096182763873 -0.1098550974388663 -0.056591186009999142 0.10693226423733122 -0.016716654188145601 0.097423098633999256 -0.0875972658517849 0.087147415826263869 0.050617799697879953 -0.074928049928738777 0.093726515652526973 -0.055810276508439706 0.067082093844476359 -0.075964228892323543 0.059808926300111101 -0.016049967917269616 -0.1035838769511655 0.095277774168646814 -0.012117344051752191 0.088169638385784288 -0.093396023924190275 0.059282588495664645 -0.1046678002440235 -0.0016492352684765101
leaf_weight=30.433723490772536 0.760992862866259 0.24173685302957892 0.28925323918520007 1.9653340305230802 1.3574413317837732 1.5865916626062242 0.18715122342109625 0.17738036892842535 1.7010088808019648 0.9228756973971034 1.1879520334332481 1.838399045722326 2.7556427575218558 0.23990391757979512 0.26376717044331588 0.64779623545109544 1.9508631714852516 1.5746021191589519 3.1447674218361499 2.5277519298979314 1.8817425032466415 2.8589146640442782 1.1221959926042466 0.65924535261001338 1.4319727782931293 0.55232184141641472 1.7481317310594047 5.5950530216505276 1.2100946892751405 22.475039080927672
leaf_count=831 30 24 140 71 300 151 1 5 43 33 33 231 645 21 21 486 62 49 190 291 135 402 1292 39 307 21 54 83 127 770
internal_value=-0.000291733 0.0454785 -0.0172622 -0.000920838 -7.72054e-05 0.0222785 -0.00243242 0.00744746 0.0243978 -0.00457404 0.0373439 0.0791835 -0.0528652 -0.0635497 -0.0755232 -0.000254674 0.000356357 0.0158212 0.00370152 -0.0279662 0.00713645 0.0326068 -0.00310865 -0.00108595 -0.052304 0.000824489 -0.00211955 0.00546012 -0.0128569 -0.00691255
internal_weight=95.2896 1.29198 0.53099 93.9977 92.0323 8.77165 83.2607 7.41421 5.82762 3.81184 2.11083 2.01578 3.44647 3.25931 3.01941 79.8142 79.1664 14.491 12.5401 5.9841 3.45634 6.556 64.6755 62.1213 2.55417 3.41124 61.462 36.0288 25.4333 23.6851
internal_count=6888 194 164 6694 6623 796 5827 496 345 109 66 236 688 687 666 5139 4653 1150 1088 475 184 613 3503 1904 1599 423 1865 914 951 897
is_linear=0
shrinkage=0.1


Tree=95
num_leaves=31
num_cat=0
split_feature=0 2 17 1 10 6 19 35 34 1 13 10 10 1 1 9 36 34 36 44 35 37 23 35 10 10 17 23 2 22
split_gain=0.280835 0.27675 1.30018 0.709151 0.764676 0.566087 0.657083 0.605083 0.52541 0.630735 0.45778 0.524117 0.61615 0.507049 0.568216 0.449879 0.437814 0.920971 0.418802 0.456715 0.418537 1.07438 0.828647 0.826244 1.03092 0.712266 0.702719 0.654731 0.609056 0.837785
threshold=199708.88000000003 201405.71500000003 4.5000000000000009 589.95500000000004 0.051859000000000009 78.500000000000014 105.90023605000002 1152.4021305000003 2.0879470000000007 110309.58000000002 19.145331000000002 16.552560500000002 12.025862000000002 6.7450000000000001 672.16000000000008 27.058500000000006 10112.177410000002 564.79161800000008 1929.0534320000004 24.500000000000004 0.98830850000000015 1.2646130000000002 5.6400000000000009e-08 13.411758000000001 0.17499850000000003 3.1483135000000004 3.5000000000000004 7.2150000000000009e-16 162092.97500000003 3.5000000000000004
decision_type=2 2 2 2 2 2 2 2 2 2 2 2 2 2 2 2 2 2 2 2 2 2 2 2 2 2 2 2 2 2
left_child=1 10 -3 4 -4 6 7 8 9 15 11 12 16 -12 -15 -5 17 20 -9 -20 22 23 27 25 -25 -22 -23 -1 29 -26
right_child=-2 2 3 5 -6 -7 -8 18 -10 -11 13 -13 -14 14 -16 -17 -18 -19 19 -21 21 26 -24 24 28 -27 -28 -29 -30 -31
leaf_value=-0.00043769973705084093 0.084636692536450786 -0.09236445076546107 -0.10650609563742175 -0.067049868341393898 0.068637120244637126 0.09669680962908081 -0.088544283778967697 0.063079811044692902 0.061350404033782849 0.042471589156907685 -0.0901436838695132 0.062126698799607284 -0.10495871993231781 0.061047316131171148 -0.069961726490969753 0.07295290839010482 0.060810522115264054 -0.11215093966357115 -0.092386553980159505 0.063197425813587768 0.10116949778005778 0.03355009400448869 -0.067681012039184321 -0.061550713503174641 0.098541987684334517 -0.009644679970629684 -0.071470040838879423 0.062904562885781098 -0.048910134301133008 0.0034875935715024614
leaf_weight=58.446796470045228 0.38794501987285812 1.8265352054731909 0.28351988302165354 3.3862886243768995 2.0642629785143072 0.43728565418860021 1.2001625734555998 1.5619478880544195 0.5762616631691343 0.76267210466903623 1.1300689474592212 1.4670676634705149 0.53695996204623853 0.72117989262915194 0.6120120129926363 0.24620913792750787 1.2678647924913082 0.70565443590748955 0.44809956853714528 0.3258965503773652 2.5729444147582385 0.98370807059109155 1.7917412743263401 1.3872195566073058 1.9489047446404586 0.74884784982714325 1.8084961539716458 1.6787035991437722 0.69114437582902599 1.7687517784070221
leaf_count=1656 16 68 19 884 208 19 787 133 30 67 1295 126 55 103 93 31 35 17 100 32 572 10 143 30 79 45 59 34 26 116
internal_value=-0.000269692 -0.000622407 -0.0140878 -0.00142685 0.0474867 -0.0142654 -0.0199688 -0.00870599 -0.028431 -0.0402025 0.0015784 0.00292212 0.00178432 -0.0408645 0.000906606 -0.0575605 0.00254047 0.00154925 0.0332734 -0.0268768 0.00263601 0.0198036 -0.000666226 0.0364244 0.0136351 0.0761881 -0.0344709 0.00133082 0.0372922 0.0533179
internal_weight=93.7752 93.3872 13.1191 11.2926 2.34778 8.94482 8.50754 7.30738 4.97143 4.39517 80.2681 77.8048 76.3377 2.46326 1.33319 3.6325 75.8008 74.5329 2.33594 0.773996 73.8273 11.91 61.9172 9.11781 5.79602 3.32179 2.7922 60.1255 4.4088 3.71766
internal_count=6888 6872 2378 2310 227 2083 2064 1277 1012 982 4494 3003 2877 1491 196 915 2822 2787 265 132 2770 937 1833 868 251 617 69 1690 221 195
is_linear=0
shrinkage=0.1


Tree=96
num_leaves=31
num_cat=0
split_feature=1 2 2 6 19 1 21 21 21 11 21 10 2 0 8 18 9 19 6 11 9 2 21 2 2 2 10 11 21 11
split_gain=0.269994 0.857829 0.718146 0.683723 0.705349 0.542896 0.518243 2.00315 1.33264 1.83637 1.06071 0.707285 1.16742 0.707409 0.699462 1.30504 0.606904 2.93291 1.13238 0.980449 1.29501 1.03541 0.99762 0.837358 1.10499 0.739084 0.786947 0.541025 1.93821 1.62267
threshold=589.95500000000004 6250.7700000000013 6690.4000000000005 52.000000000000007 105.90023605000002 472.76000000000005 0.00062500000000000012 0.00061288750000000017 0.00087149999999995011 0.0015875000000000002 0.00088277000000000006 0.04847400000000001 131.42500000000004 2.3250000000000006 2.4975000000000005 3.5251342910000001 0.61093750000000002 0.5990381050000001 3.5000000000000004 0.52763000000000015 0.40821550000000006 65179.900000000009 0.00048522000000000002 3550.1000000000008 750.07500000000016 35967.490000000013 1.8663215000000002 0.99826950000000014 0.0010257090000000003 0.52763000000000015
decision_type=2 2 2 2 2 2 2 2 2 2 2 2 2 2 2 2 2 2 2 2 2 2 2 2 2 2 2 2 2 2
left_child=5 -2 -3 4 -4 6 7 14 9 -8 -10 -11 -13 -14 16 -16 17 19 25 20 21 22 23 24 -1 26 -18 29 -29 -12
right_child=1 2 3 -5 -6 -7 8 -9 10 11 27 12 13 -15 15 -17 18 -19 -20 -21 -22 -23 -24 -25 -26 -27 -28 28 -30 -31
leaf_value=0.024082477885642026 -0.055813577759812542 0.11126014847167305 -0.002289165837424599 0.085910330572877336 -0.061598954092637159 0.080461542999275326 -0.10308579684611419 -0.10413213040368617 -0.11688065562397905 0.19827849335118275 0.005071600731165157 -0.089549200921067273 0.10645247932225539 -0.022862520813053351 0.14241557622385079 -0.023324588020865684 -0.11924478994516524 0.19185137151889248 0.072772494484639502 -0.12634936473821465 0.091086266491720386 -0.097661592684487999 -0.10231982508682605 0.064447182832539723 -0.12053294375901812 0.047736524150084031 -0.024191584897857447 0.13277553610109141 0.0015480273508839994 -0.090510712894753709
leaf_weight=1.7161277153063585 3.3166636095556887 0.54809359885985287 25.326599179774355 0.81580775808106309 2.1775747324354588 0.90741203905417833 0.61653152666985889 2.0686368644237509 0.73302633594721456 0.4631668513175099 26.966181778945614 0.42125524976290796 2.8325173029588773 0.49730264890240494 0.92543208878487238 0.97624639328569174 1.8529867373872542 0.79120659321779463 0.80121283492189821 0.6605492648668595 1.3168225985718889 1.2962086601182816 0.78779376577585924 2.1868765424005687 0.76339316274970759 0.5754314802616135 1.6435149383032692 1.4465970935561916 5.0708885489148088 1.9013624730578147
leaf_count=438 67 11 2297 55 955 95 8 149 10 5 1130 29 134 8 15 65 65 10 100 8 28 33 29 27 9 37 43 190 680 158
internal_value=-0.000254464 -0.00764837 -0.00211465 -0.00430886 -0.00698487 0.00369731 0.00252289 -0.0114361 0.00878243 0.05811 0.00218489 0.0816925 0.0672969 0.0871395 0.000332454 0.0573311 -0.00719897 0.00749392 -0.0358994 -0.00921881 0.000371918 -0.017324 0.00176849 0.019341 -0.0204416 -0.0572822 -0.0745655 0.00465142 0.0306748 -0.00122393
internal_weight=92.4034 32.1847 28.8681 28.32 27.5042 60.2187 59.3113 18.3624 40.9488 4.83077 36.1181 4.21424 3.75108 3.32982 16.2938 1.90168 14.3921 9.51898 4.87315 8.72777 8.06722 6.7504 5.45419 4.6664 2.47952 4.07193 3.4965 35.385 6.51749 28.8675
internal_count=6888 3385 3318 3307 3252 3503 3408 1056 2352 184 2168 176 171 142 907 80 827 582 245 572 564 536 503 474 447 145 108 2158 870 1288
is_linear=0
shrinkage=0.1


Tree=97
num_leaves=31
num_cat=0
split_feature=5 17 11 18 2 21 10 37 10 13 9 13 1 8 13 12 2 9 10 10 17 21 21 21 8 6 19 9 21 12
split_gain=0.25007 0.24322 0.241613 0.835347 1.22068 0.965091 0.596246 0.574388 0.556312 1.47367 1.09075 0.9914 1.0213 1.07555 1.0401 1.02805 1.35191 1.11983 0.774841 1.51376 1.43576 1.18964 1.10236 0.815431 1.16956 1.06028 1.01445 1.36678 1.00202 1.15089
threshold=2.5000000000000004 1.0000000180025095e-35 0.0033125000000000003 0.0094314190000000016 33.125000000000007 0.00041293500000000007 32.551058500000011 99.995000000000019 0.04847400000000001 0.052398500000000008 0.095100000000000018 0.099143000000000023 48280.030000000006 0.00067900000000000002 0.13896550000000002 0.50991150000000007 1492.3900000000001 0.49996300000000005 1.8039185000000002 1.7307910000000002 4.5000000000000009 0.00094397750000000009 0.00061288750000000017 0.00087149999999995011 0.090002500000000013 2.5000000000000004 0.5990381050000001 0.61093750000000002 0.00084000250000000013 1.5942785000000002
decision_type=2 2 2 2 2 2 2 2 2 2 2 2 2 2 2 2 2 2 2 2 2 2 2 2 2 2 2 2 2 2
left_child=1 -1 -3 -4 5 -5 7 8 -6 -10 -11 -12 13 -13 -15 16 17 -16 19 23 21 22 -20 24 -17 -25 -26 -28 29 -29
right_child=-2 2 3 4 6 -7 -8 -9 9 10 11 12 -14 14 15 18 -18 -19 20 -21 -22 -23 -24 25 26 -27 27 28 -30 -31
leaf_value=0.10008298501385814 0.087115602596027172 -0.0073964277236400963 0.1113237805510619 0.076280898562615995 -0.053048617095376477 -0.090804667067471923 -0.077510065755932861 0.10364641808476778 0.14235349151995752 -0.10468016256342201 0.080017390048420761 0.090546737253328569 -0.097846588171385154 -0.057604084306975847 -0.1058179900667974 -0.068391035382288148 0.062662482465173058 0.051706641014086334 0.042761126730654041 -0.15454415651697975 -0.022895220965309927 0.080100194689693024 -0.055929770508032377 -0.051998042909200994 -0.059373495477073227 0.010175385210744401 0.1724357529654087 -0.086419670587516303 0.1104471343526303 0.053279218488374872
leaf_weight=0.23946726601570745 0.32645026867976312 34.624783875209687 0.70593302603810926 0.40965006314217989 1.5784108754523902 2.2141894530213904 0.85802754550240834 0.60202983425915491 0.79450132583588029 0.88926911522867058 1.7944574007924519 1.4704207156610198 0.95929096735198882 2.6111844178922174 1.0108149232109997 1.215797425560601 6.0609589516097913 0.81528357788920391 3.204547157045452 0.73526336492068267 5.6508036921695739 4.2321792025468312 1.7498005173401905 6.210789191125512 0.85448230826295901 4.9124158951708523 0.86448827711865295 0.99561901716515455 1.1232797056727579 1.4465336953580843
leaf_count=371 26 2421 8 4 22 477 1101 55 14 28 52 118 105 69 45 121 116 17 54 21 545 76 81 310 12 461 22 43 48 45
internal_value=-0.000250513 -0.000564498 -0.000830536 0.0032313 0.00185056 -0.0647182 0.00516863 0.0065386 0.00539634 0.00725614 0.005057 0.0070935 0.00425639 0.00642504 0.00359413 0.00748381 0.0399373 -0.0354892 -0.000226839 -0.0139616 0.0167676 0.0411649 0.007905 -0.00809637 0.0200421 -0.02454 0.0403881 0.0596311 0.03228 -0.00367335
internal_weight=91.1611 90.8347 90.5952 55.9704 55.2645 2.62384 52.6406 51.7826 51.1806 49.6022 48.8077 47.9184 46.124 45.1647 43.6942 41.0831 7.88706 1.8261 33.196 18.3587 14.8373 9.18653 4.95435 17.6234 6.5002 11.1232 5.2844 4.42992 3.56543 2.44215
internal_count=6888 6862 6491 4070 4062 481 3581 2480 2425 2403 2389 2361 2309 2204 2086 2017 178 62 1839 1083 756 211 135 1062 291 771 170 158 136 88
is_linear=0
shrinkage=0.1


Tree=98
num_leaves=31
num_cat=0
split_feature=17 6 38 17 19 36 6 21 24 1 9 35 34 34 34 34 21 2 21 21 5 35 21 8 10 9 8 8 8 2
split_gain=0.241288 0.493009 0.362246 0.418654 0.558788 0.591721 0.436913 0.674789 0.497563 0.464042 0.846041 0.410455 0.917759 0.640612 0.83037 0.863965 0.606073 0.566992 0.475349 0.462836 1.23395 1.80806 0.801593 0.994107 1.09559 0.683069 0.586189 1.37348 1.1804 1.21931
threshold=514.50000000000011 71.000000000000014 236250.00000000003 89.500000000000014 110.48048500000002 299.04243550000018 11.500000000000002 -2.1647324329999997 54062.500000000007 4579.8950000000013 0.27438550000000006 12452.218750000002 102.86737450000001 98.850000000000009 24.292828500000002 12.883440000000002 0.012538591999999951 10741.445000000002 0.0060365075000000006 0.41162843150000006 1.0000000180025095e-35 100.68975750000001 0.055878854500000005 0.065976500000000007 0.29362950000000004 0.10004050000000002 0.00099750000000000034 0.0014769999999999504 0.0019740000000000005 4.3050000000000006
decision_type=2 2 2 2 2 2 2 2 2 2 2 2 2 2 2 2 2 2 2 2 2 2 2 2 2 2 2 2 2 2
left_child=1 2 3 6 5 -5 7 -1 11 10 -8 12 13 14 15 19 -13 -18 -17 22 21 -21 26 25 -25 -24 -9 -28 -29 -30
right_child=-2 -3 -4 4 -6 -7 9 8 -10 -11 -12 16 -14 -15 -16 18 17 -19 -20 20 -22 -23 23 24 -26 -27 27 28 29 -31
leaf_value=-0.10271225944579113 -0.036298848378333075 0.069174929514507377 0.059297731821629555 -0.056429440395586644 -0.0992904994688628 0.085143986558415 -0.095015747988022231 0.029055016097381189 -0.093190795950259961 -0.017331487884246873 0.08050668861263309 0.091004313012947119 -0.089238973369949293 0.10607488163417389 -0.11238121181687584 0.10173195288901563 0.1057368663571977 -0.094112079306768556 -0.016833289225521315 0.10268695572977422 -0.083059181145295813 -0.10296356587437461 0.19023192538797243 -0.051841882271296873 0.081609278708074343 0.052497431364904992 -0.087699635156842551 0.14775637652192627 -0.05696524760796149 0.0006300883969909746
leaf_weight=0.65242484831105585 1.8186023291855224 1.0330880449619133 1.0075482848114905 0.72115409277466758 1.0000046861714507 0.49985495483269915 0.31425625924020995 5.5979760155241811 0.57611963237286445 1.1998312019859438 2.177090421304456 1.1479730359278608 1.1615153037419066 0.56858786597149347 0.65722898958483611 1.2741971145733249 0.2093075222801416 0.44121732610801701 0.460291564289946 1.1636832947842766 2.2706025059087551 0.67578934218181519 0.61071053415071153 1.4231613175361419 1.0835762058413818 0.87730797499534674 1.9332913200196333 0.52152723248582233 3.9506093821983077 52.822740438474284
leaf_count=139 436 50 137 427 329 49 5 465 36 74 280 29 51 22 17 198 7 58 29 32 384 97 5 16 32 40 54 10 149 3231
internal_value=-0.000244408 0.000500414 -0.00031507 -0.00101354 -0.0438654 0.00152769 0.000122588 -0.00142791 -0.000595951 0.0337605 0.0583664 8.05847e-05 -0.00102169 0.000328477 -0.000469771 0.000515309 0.0473051 -0.0298103 0.0702676 -0.00114358 -0.0337417 0.0271346 0.000803222 0.0442789 0.00584445 0.109026 -0.00187587 -0.00479931 -0.00200202 -0.00337772
internal_weight=89.8513 88.0327 86.9996 85.992 2.22101 1.22101 83.771 80.0798 79.4274 3.69118 2.49135 78.8513 77.0528 75.8913 75.3227 74.6655 1.7985 0.650525 1.73449 72.931 4.11008 1.83947 68.8209 3.99476 2.50674 1.48802 64.8261 59.2282 57.2949 56.7733
internal_count=6888 6452 6402 6265 805 476 5460 5101 4962 359 285 4926 4832 4781 4759 4742 94 65 227 4515 513 129 4002 93 48 45 3909 3444 3390 3380
is_linear=0
shrinkage=0.1


Tree=99
num_leaves=31
num_cat=0
split_feature=1 8 1 8 6 6 21 3 8 19 12 18 1 7 19 6 2 8 1 18 18 6 2 6 22 35 17 21 6 21
split_gain=0.25777 0.750468 0.66763 0.668517 0.69357 0.606079 0.548469 0.544036 0.742472 0.501021 0.551875 0.782958 0.737774 0.780124 0.664802 0.613156 0.602125 0.532313 0.630208 0.723893 0.682548 0.712342 0.627677 0.879864 0.518748 0.614916 0.538898 0.460759 0.858052 0.464457
threshold=589.95500000000004 1.0000015000000002 704.97500000000014 0.35497350000000005 1.5000000000000002 52.000000000000007 0.00062500000000000012 2.5000000000000004 0.60756250000000012 298.01249560000002 0.099706000000000017 0.4315500000000001 5039.0350000000008 1.5000000000000002 0.55544578500000019 9.5000000000000018 3124.9400000000005 1.0000000180025095e-35 3635.6600000000003 1.0921366000000001 5.8014509825000014 14.500000000000002 24352.840000000004 4.5000000000000009 7.5000000000000009 1152.4021305000003 21.500000000000004 -1.0000000180025095e-35 2.5000000000000004 0.00041293500000000007
decision_type=2 2 2 2 2 2 2 2 2 2 2 2 2 2 2 2 2 2 2 2 2 2 2 2 2 2 2 2 2 2
left_child=27 2 -2 5 -5 9 -3 -6 -9 10 12 -12 15 14 -14 16 -4 -13 19 -19 -21 -22 -20 -24 25 26 -25 28 -1 -29
right_child=1 6 3 4 7 -7 -8 8 -10 -11 11 17 13 -15 -16 -17 -18 18 22 20 21 -23 23 24 -26 -27 -28 29 -30 -31
leaf_value=-0.083778254986276182 -0.067486481608148338 0.036906306670277174 0.029450407570767924 -0.098386787508459569 0.089858096019229838 0.084606035733580442 -0.10125340070154312 0.057473448593341706 -0.0962036298190527 -0.094918863660396036 0.058787557862222728 0.055645300060289143 0.066707268362769953 -0.08398235880570698 -0.06209950041171719 0.090053575497747437 -0.11483348277187817 -0.074693635098946581 0.037130850772869234 0.072438559621316109 -0.039079374314970244 0.080868415261058341 -0.081242223972380012 0.027842364443721658 -0.071030813126453637 0.09820789882338915 -0.060858752889022483 0.034559293437340127 0.05857852849603417 0.0025791679935066075
leaf_weight=1.4667471241846208 1.5588854407069508 0.36496912636357492 0.34388444758953074 0.32937349192070486 1.8392453826672865 0.71251852456043607 1.3508172195179211 0.97107705069720374 0.46489376984391129 0.65982227860513276 2.1319794049486545 1.2875427502440278 1.4930812119273476 0.80745015485445026 0.5476750365924089 0.20252866228111077 1.8200209666174485 0.76042830827645858 1.2625929279020036 2.1059364260872826 1.7547583230716557 0.68972011519508658 2.9779890422578319 1.5265448527497945 1.0927214404873664 0.62016618517372979 1.2423576034416326 4.9906057711050371 0.59523222784628149 50.448646225340781
leaf_count=62 72 23 4 52 58 53 256 95 104 419 36 76 81 29 234 10 387 17 25 77 270 45 513 92 205 16 136 473 93 2875
internal_value=-0.000227631 -0.00759083 -0.0038145 -0.000223986 0.0399357 -0.00624565 -0.0718651 0.0538461 0.00772069 -0.00902067 -0.00652027 0.00200876 -0.0350659 -0.000780332 0.0321396 -0.0763315 -0.0919041 -0.00589236 -0.0115384 0.0156197 0.0307121 -0.00523559 -0.0280743 -0.0391105 -0.0111155 0.0082027 -0.0119563 0.00373164 -0.0426841 0.005458
internal_weight=88.4202 30.919 29.2032 27.6443 3.60459 24.0397 1.71579 3.27522 1.43597 23.3272 22.6674 17.4527 5.21464 2.84821 2.04076 2.36643 2.16391 15.3208 14.0332 5.31084 4.55041 2.44448 8.72237 7.45978 4.48179 3.38907 2.7689 57.5012 2.06198 55.4393
internal_count=6888 3385 3106 3034 309 2725 279 257 199 2672 2253 1508 745 344 315 401 391 1472 1396 409 392 315 987 962 449 244 228 3503 155 3348
is_linear=0
shrinkage=0.1


end of trees

feature_importances:
Time_Diff_between_first_and_last_(Mins)=323
total_ether_balance=276
Unique_Received_From_Addresses=238
Avg_min_between_received_tnx=200
min_val_sent=162
total_transactions_(including_tnx_to_create_contract=159
min_value_received=158
avg_val_received=153
_ERC20_min_val_rec=146
Avg_min_between_sent_tnx=123
total_ether_received=120
max_value_received_=117
_Total_ERC20_tnxs=84
avg_val_sent=82
Sent_tnx=79
Received_Tnx=71
total_Ether_sent=67
_ERC20_max_val_rec=66
Unique_Sent_To_Addresses=53
max_val_sent=49
_ERC20_total_Ether_received=48
Number_of_Created_Contracts=35
_ERC20_uniq_rec_contract_addr=34
_ERC20_total_ether_sent=29
_ERC20_min_val_sent=27
_ERC20_max_val_sent=21
_ERC20_uniq_sent_token_name=21
_ERC20_avg_val_rec=20
_ERC20_uniq_rec_addr=16
_ERC20_uniq_rec_token_name=9
_ERC20_uniq_sent_addr=7
_ERC20_avg_val_sent=7

parameters:
[boosting: gbdt]
[objective: binary]
[metric: binary_logloss]
[tree_learner: serial]
[device_type: cpu]
[data_sample_strategy: bagging]
[data: ]
[valid: ]
[num_iterations: 100]
[learning_rate: 0.1]
[num_leaves: 31]
[num_threads: 4]
[seed: 42]
[deterministic: 0]
[force_col_wise: 0]
[force_row_wise: 0]
[histogram_pool_size: -1]
[max_depth: -1]
[min_data_in_leaf: 20]
[min_sum_hessian_in_leaf: 0.001]
[bagging_fraction: 1]
[pos_bagging_fraction: 1]
[neg_bagging_fraction: 1]
[bagging_freq: 0]
[bagging_seed: 400]
[bagging_by_query: 0]
[feature_fraction: 1]
[feature_fraction_bynode: 1]
[feature_fraction_seed: 30056]
[extra_trees: 0]
[extra_seed: 12879]
[early_stopping_round: 0]
[early_stopping_min_delta: 0]
[first_metric_only: 0]
[max_delta_step: 0]
[lambda_l1: 0]
[lambda_l2: 0]
[linear_lambda: 0]
[min_gain_to_split: 0]
[drop_rate: 0.1]
[max_drop: 50]
[skip_drop: 0.5]
[xgboost_dart_mode: 0]
[uniform_drop: 0]
[drop_seed: 17869]
[top_rate: 0.2]
[other_rate: 0.1]
[min_data_per_group: 100]
[max_cat_threshold: 32]
[cat_l2: 10]
[cat_smooth: 10]
[max_cat_to_onehot: 4]
[top_k: 20]
[monotone_constraints: ]
[monotone_constraints_method: basic]
[monotone_penalty: 0]
[feature_contri: ]
[forcedsplits_filename: ]
[refit_decay_rate: 0.9]
[cegb_tradeoff: 1]
[cegb_penalty_split: 0]
[cegb_penalty_feature_lazy: ]
[cegb_penalty_feature_coupled: ]
[path_smooth: 0]
[interaction_constraints: ]
[verbosity: 1]
[saved_feature_importance_type: 0]
[use_quantized_grad: 0]
[num_grad_quant_bins: 4]
[quant_train_renew_leaf: 0]
[stochastic_rounding: 1]
[linear_tree: 0]
[max_bin: 255]
[max_bin_by_feature: ]
[min_data_in_bin: 3]
[bin_construct_sample_cnt: 200000]
[data_random_seed: 175]
[is_enable_sparse: 1]
[enable_bundle: 1]
[use_missing: 1]
[zero_as_missing: 0]
[feature_pre_filter: 1]
[pre_partition: 0]
[two_round: 0]
[header: 0]
[label_column: ]
[weight_column: ]
[group_column: ]
[ignore_column: ]
[categorical_feature: ]
[forcedbins_filename: ]
[precise_float_parser: 0]
[parser_config_file: ]
[objective_seed: 16083]
[num_class: 1]
[is_unbalance: 0]
[scale_pos_weight: 1]
[sigmoid: 1]
[boost_from_average: 1]
[reg_sqrt: 0]
[alpha: 0.9]
[fair_c: 1]
[poisson_max_delta_step: 0.7]
[tweedie_variance_power: 1.5]
[lambdarank_truncation_level: 30]
[lambdarank_norm: 1]
[label_gain: ]
[lambdarank_position_bias_regularization: 0]
[eval_at: ]
[multi_error_top_k: 1]
[auc_mu_weights: ]
[num_machines: 1]
[local_listen_port: 12400]
[time_out: 120]
[machine_list_filename: ]
[machines: ]
[gpu_platform_id: -1]
[gpu_device_id: -1]
[gpu_use_dp: 0]
[num_gpu: 1]

end of parameters

pandas_categorical:[]
